album_id,album_name,release_date,total_tracks,cover_url_640,cover_url_300,artist_id,genre,artist_name
6UwjRSX9RQyNgJ3LwYhr9i,72 Seasons,2023-04-14,12,https://i.scdn.co/image/ab67616d0000b273cf2420c5c82d351496e8fd9e,https://i.scdn.co/image/ab67616d00001e02cf2420c5c82d351496e8fd9e,2ye2Wgw4gimLv2eAKyk1NB,metal,Metallica
3dck2tBxGfxj9m3CguDgjb,Metallica (Remastered 2021),2021-09-10,12,https://i.scdn.co/image/ab67616d0000b27376c60d2128c8e4649b85f2b2,https://i.scdn.co/image/ab67616d00001e0276c60d2128c8e4649b85f2b2,2ye2Wgw4gimLv2eAKyk1NB,metal,Metallica
7Hc3m7konwS0ugyN8vJhNg,S&M2,2020-08-28,22,https://i.scdn.co/image/ab67616d0000b2731cc6d15e607e0a514b7f4b95,https://i.scdn.co/image/ab67616d00001e021cc6d15e607e0a514b7f4b95,2ye2Wgw4gimLv2eAKyk1NB,metal,Metallica
5tEW32iyrRuYPQQ4bwUiCf,Helping Hands…Live & Acoustic At The Masonic,2019-02-01,12,https://i.scdn.co/image/ab67616d0000b273b4763ffbf540cd0c69bbee33,https://i.scdn.co/image/ab67616d00001e02b4763ffbf540cd0c69bbee33,2ye2Wgw4gimLv2eAKyk1NB,metal,Metallica
4bcUiX49wpmDRhrC8TvDWV,Hardwired…To Self-Destruct (Deluxe),2016-11-18,26,https://i.scdn.co/image/ab67616d0000b273ee498e8074b8df8e375abe04,https://i.scdn.co/image/ab67616d00001e02ee498e8074b8df8e375abe04,2ye2Wgw4gimLv2eAKyk1NB,metal,Metallica
0ecPxTAKqXdr2MJYdYOM7e,Metallica Through The Never (Music From The Motion Picture),2013-01-01,16,https://i.scdn.co/image/ab67616d0000b2736c5fb059a07c1b2b15a90280,https://i.scdn.co/image/ab67616d00001e026c5fb059a07c1b2b15a90280,2ye2Wgw4gimLv2eAKyk1NB,metal,Metallica
3a1SJd8obHju43McHQew7J,Lulu,2011-01-01,10,https://i.scdn.co/image/ab67616d0000b2737cbc9960730e85c01e987f4c,https://i.scdn.co/image/ab67616d00001e027cbc9960730e85c01e987f4c,2ye2Wgw4gimLv2eAKyk1NB,metal,Metallica
3bK58rVcWBh3V3vxMLzi0V,Death Magnetic,2008-01-01,10,https://i.scdn.co/image/ab67616d0000b273f5802466e1bc84cdf51d97e2,https://i.scdn.co/image/ab67616d00001e02f5802466e1bc84cdf51d97e2,2ye2Wgw4gimLv2eAKyk1NB,metal,Metallica
4t0oscNTGJkXiIB2uqZYWg,Some Kind Of Monster,2004-07-13,8,https://i.scdn.co/image/ab67616d0000b2735aa399ec78711c8e2fc42048,https://i.scdn.co/image/ab67616d00001e025aa399ec78711c8e2fc42048,2ye2Wgw4gimLv2eAKyk1NB,metal,Metallica
0HKpzK9ZoJ0oVA43E5gewM,St. Anger,2003-01-01,11,https://i.scdn.co/image/ab67616d0000b273ee5869b2880109918fc47199,https://i.scdn.co/image/ab67616d00001e02ee5869b2880109918fc47199,2ye2Wgw4gimLv2eAKyk1NB,metal,Metallica
1OZaosC2RtsE2TEqLziwAD,S&M,1999-01-01,21,https://i.scdn.co/image/ab67616d0000b2732a2e23c85aef280bffd824e7,https://i.scdn.co/image/ab67616d00001e022a2e23c85aef280bffd824e7,2ye2Wgw4gimLv2eAKyk1NB,metal,Metallica
0Ip2GlQPoAIgdkqCO2YkMa,Reload,1997-01-01,13,https://i.scdn.co/image/ab67616d0000b27306cb74d39d123ebe1b3c6631,https://i.scdn.co/image/ab67616d00001e0206cb74d39d123ebe1b3c6631,2ye2Wgw4gimLv2eAKyk1NB,metal,Metallica
0G3puZwdd9nNpaNyPSxvH3,Load (Remastered),1996-06-04,14,https://i.scdn.co/image/ab67616d0000b2731dd2ec96697cc099ab080acc,https://i.scdn.co/image/ab67616d00001e021dd2ec96697cc099ab080acc,2ye2Wgw4gimLv2eAKyk1NB,metal,Metallica
3TymcPWXqsCRA5oSL0TkPU,Senjutsu,2021-09-03,10,https://i.scdn.co/image/ab67616d0000b273d651f19c9f8b28c0bbbea574,https://i.scdn.co/image/ab67616d00001e02d651f19c9f8b28c0bbbea574,6mdiAmATAx73kdxrNrnlao,metal,Iron Maiden
6IVkf5av5jnraZpLPszoZR,"Nights of the Dead, Legacy of the Beast: Live in Mexico City",2020-11-20,17,https://i.scdn.co/image/ab67616d0000b2735107ad0a3c225baff3b09d14,https://i.scdn.co/image/ab67616d00001e025107ad0a3c225baff3b09d14,6mdiAmATAx73kdxrNrnlao,metal,Iron Maiden
3oFAX7PeOFbZnKiPmpUPv4,The Book of Souls: Live Chapter,2017-11-17,15,https://i.scdn.co/image/ab67616d0000b273f831658588b69a862c054861,https://i.scdn.co/image/ab67616d00001e02f831658588b69a862c054861,6mdiAmATAx73kdxrNrnlao,metal,Iron Maiden
4vSfHrq6XxVyMcJ6PguFR2,The Book of Souls,2015-09-04,11,https://i.scdn.co/image/ab67616d0000b2737564c49838b67fd816348e6b,https://i.scdn.co/image/ab67616d00001e027564c49838b67fd816348e6b,6mdiAmATAx73kdxrNrnlao,metal,Iron Maiden
44myoe2TKVeLrIhfcN7xVK,Maiden England '88 (2013 Remaster),2013-03-25,18,https://i.scdn.co/image/ab67616d0000b2738149b74f1d337805c27a75df,https://i.scdn.co/image/ab67616d00001e028149b74f1d337805c27a75df,6mdiAmATAx73kdxrNrnlao,metal,Iron Maiden
3LymDdEISKszJqeN2z9DBI,En Vivo!,2012-03-26,17,https://i.scdn.co/image/ab67616d0000b27354ac2c7c7c3e49ab8e99fb07,https://i.scdn.co/image/ab67616d00001e0254ac2c7c7c3e49ab8e99fb07,6mdiAmATAx73kdxrNrnlao,metal,Iron Maiden
5YAfxU5OZKqAvE1GZPRQYY,The Final Frontier (2015 Remaster),2010,10,https://i.scdn.co/image/ab67616d0000b2736afa62d8424c574900eff429,https://i.scdn.co/image/ab67616d00001e026afa62d8424c574900eff429,6mdiAmATAx73kdxrNrnlao,metal,Iron Maiden
3yTneaS0Z3xsAmCafaYjPw,Flight 666: The Original Soundtrack,2009-05-25,17,https://i.scdn.co/image/ab67616d0000b2730aceddde7027ddb4fac3ed44,https://i.scdn.co/image/ab67616d00001e020aceddde7027ddb4fac3ed44,6mdiAmATAx73kdxrNrnlao,metal,Iron Maiden
1gdB9kn59KSAVG5VQcjdHi,A Matter of Life and Death (2015 Remaster),2006-08-28,10,https://i.scdn.co/image/ab67616d0000b27348b81a9fd94c4262f3b472c5,https://i.scdn.co/image/ab67616d00001e0248b81a9fd94c4262f3b472c5,6mdiAmATAx73kdxrNrnlao,metal,Iron Maiden
2rVdAYBUuEnciOvQRrn4YL,Death on the Road,2005-08-29,16,https://i.scdn.co/image/ab67616d0000b2737af80708f17f8f09ea37c509,https://i.scdn.co/image/ab67616d00001e027af80708f17f8f09ea37c509,6mdiAmATAx73kdxrNrnlao,metal,Iron Maiden
2Y8x0EEu7il0K2gCQIqVRh,Dance of Death (2015 Remaster),2003,11,https://i.scdn.co/image/ab67616d0000b273d0d7dbbbb9ee8980315ea58b,https://i.scdn.co/image/ab67616d00001e02d0d7dbbbb9ee8980315ea58b,6mdiAmATAx73kdxrNrnlao,metal,Iron Maiden
1U3qu4gDfohAqFrmpLT11l,Beast Over Hammersmith (Live),2002-11-18,18,https://i.scdn.co/image/ab67616d0000b273ca7b412211d5e9b56d678310,https://i.scdn.co/image/ab67616d00001e02ca7b412211d5e9b56d678310,6mdiAmATAx73kdxrNrnlao,metal,Iron Maiden
6LVjt0qej8oy3dAQQn98EW,BBC Archives (Live),2002-11-18,28,https://i.scdn.co/image/ab67616d0000b273dc195a8878e2b86ab4843e6d,https://i.scdn.co/image/ab67616d00001e02dc195a8878e2b86ab4843e6d,6mdiAmATAx73kdxrNrnlao,metal,Iron Maiden
4SiZSq9igWhpJoMzjxE1xE,Rock in Rio (Live),2002-03-20,19,https://i.scdn.co/image/ab67616d0000b273f405f63cea750deafb019722,https://i.scdn.co/image/ab67616d00001e02f405f63cea750deafb019722,6mdiAmATAx73kdxrNrnlao,metal,Iron Maiden
1hDF0QPIHVTnSJtxyQVguB,Brave New World (2015 Remaster),2000,10,https://i.scdn.co/image/ab67616d0000b273e1c50403652529dccf16f84c,https://i.scdn.co/image/ab67616d00001e02e1c50403652529dccf16f84c,6mdiAmATAx73kdxrNrnlao,metal,Iron Maiden
6SeTsOYq4kVogN89Hekcdd,The Eternal Idol (2025 Remaster),2025-07-25,11,https://i.scdn.co/image/ab67616d0000b2734e18b68c99002afa53e02f9e,https://i.scdn.co/image/ab67616d00001e024e18b68c99002afa53e02f9e,5M52tdBnJaKSvOpJGz8mfZ,metal,Black Sabbath
13Fi69tscrK2a4YmvKbHBL,Tyr (2024 Remaster),2024-05-31,9,https://i.scdn.co/image/ab67616d0000b273b6d78e267fff835412e9dcfb,https://i.scdn.co/image/ab67616d00001e02b6d78e267fff835412e9dcfb,5M52tdBnJaKSvOpJGz8mfZ,metal,Black Sabbath
6Si7gWvgXKnHwl1CORi05a,Headless Cross (2024 Remaster),2024-05-31,9,https://i.scdn.co/image/ab67616d0000b273edd22c606c1b41b509d30168,https://i.scdn.co/image/ab67616d00001e02edd22c606c1b41b509d30168,5M52tdBnJaKSvOpJGz8mfZ,metal,Black Sabbath
4Z72dQCd2SdhKHAWTcUtK9,Forbidden (2024 Tony Iommi Remix),2024-05-31,11,https://i.scdn.co/image/ab67616d0000b2734274e0e0004fd4ca0510b358,https://i.scdn.co/image/ab67616d00001e024274e0e0004fd4ca0510b358,5M52tdBnJaKSvOpJGz8mfZ,metal,Black Sabbath
2XnWFByM2PbMrMomxdbVzT,Cross Purposes (2024 Remaster),2024-05-31,11,https://i.scdn.co/image/ab67616d0000b273bad2bcc407d8083490c82f1f,https://i.scdn.co/image/ab67616d00001e02bad2bcc407d8083490c82f1f,5M52tdBnJaKSvOpJGz8mfZ,metal,Black Sabbath
0LKOlxflzwKoZerUQLtSmJ,Reunion (25th Anniversary Expanded Edition),2023-10-13,20,https://i.scdn.co/image/ab67616d0000b27300272fb00ffbdad2b7072d6b,https://i.scdn.co/image/ab67616d00001e0200272fb00ffbdad2b7072d6b,5M52tdBnJaKSvOpJGz8mfZ,metal,Black Sabbath
7l7Q2sLrLHTasxTvqm5VxN,Live Evil (40th Anniversary Edition),2023-06-02,28,https://i.scdn.co/image/ab67616d0000b273699d4feac231d5798f92b847,https://i.scdn.co/image/ab67616d00001e02699d4feac231d5798f92b847,5M52tdBnJaKSvOpJGz8mfZ,metal,Black Sabbath
4A3WA00scrslsCKCrzrEVD,Mob Rules (Remastered and Expanded Version),2022-11-18,31,https://i.scdn.co/image/ab67616d0000b273b67bff54a9f52ff8b78e5af6,https://i.scdn.co/image/ab67616d00001e02b67bff54a9f52ff8b78e5af6,5M52tdBnJaKSvOpJGz8mfZ,metal,Black Sabbath
5ZRKni8wHfmYd466mTYU3m,Heaven and Hell (Remastered and Expanded Edition),2022-11-04,19,https://i.scdn.co/image/ab67616d0000b273601bbd9a6e7c3a8d6835bf9a,https://i.scdn.co/image/ab67616d00001e02601bbd9a6e7c3a8d6835bf9a,5M52tdBnJaKSvOpJGz8mfZ,metal,Black Sabbath
1QJeuJKjFw7otrpYUEFVPs,The End (Live),2017-11-17,17,https://i.scdn.co/image/ab67616d0000b273c0015276290904e59bc6f7ea,https://i.scdn.co/image/ab67616d00001e02c0015276290904e59bc6f7ea,5M52tdBnJaKSvOpJGz8mfZ,metal,Black Sabbath
4XQC97RRP7AmyF9mN4lav4,13 (Deluxe Version),2013-01-01,11,https://i.scdn.co/image/ab67616d0000b273ba0cd55f695a3934dbc1cd6e,https://i.scdn.co/image/ab67616d00001e02ba0cd55f695a3934dbc1cd6e,5M52tdBnJaKSvOpJGz8mfZ,metal,Black Sabbath
6NlK09HVhTPd26O7Fjmx3n,Past Lives (Deluxe Edition),2002-09-20,18,https://i.scdn.co/image/ab67616d0000b27331f282caf5b5f85397d2220f,https://i.scdn.co/image/ab67616d00001e0231f282caf5b5f85397d2220f,5M52tdBnJaKSvOpJGz8mfZ,metal,Black Sabbath
4fDHjACriolezsa056K1SC,Reunion,1998-10-05,18,https://i.scdn.co/image/ab67616d0000b273eef39243d000d145958ef742,https://i.scdn.co/image/ab67616d00001e02eef39243d000d145958ef742,5M52tdBnJaKSvOpJGz8mfZ,metal,Black Sabbath
3QCq4xwC3SZp38Y2cBsHdI,Dehumanizer,1992-06-22,18,https://i.scdn.co/image/ab67616d0000b273a5c61a3cb3dbceb94e3036a6,https://i.scdn.co/image/ab67616d00001e02a5c61a3cb3dbceb94e3036a6,5M52tdBnJaKSvOpJGz8mfZ,metal,Black Sabbath
7nhOV5HZRBxpLyT6BdA4IF,Razor's Edge (Live),2025-06-25,20,https://i.scdn.co/image/ab67616d0000b2738ae78455bf80b842cfe68dca,https://i.scdn.co/image/ab67616d00001e028ae78455bf80b842cfe68dca,1IQ2e1buppatiN1bxUVkrk,metal,Slayer
1PHR5pvFvHyMXlYbKC0pe8,Crowded Tombs (Live),2024-05-21,16,https://i.scdn.co/image/ab67616d0000b2739fcc7dba4d107f84b8df5eac,https://i.scdn.co/image/ab67616d00001e029fcc7dba4d107f84b8df5eac,1IQ2e1buppatiN1bxUVkrk,metal,Slayer
22P3AfiMQaTsS409RoFiJm,A Season In Hell (Live 1994),2023-11-27,11,https://i.scdn.co/image/ab67616d0000b2738fa2743ac1b7103e93a29b96,https://i.scdn.co/image/ab67616d00001e028fa2743ac1b7103e93a29b96,1IQ2e1buppatiN1bxUVkrk,metal,Slayer
2GBpIJ4xAH6iJVIz4tMjJ6,Reign This Night (Live 1984),2022-10-18,13,https://i.scdn.co/image/ab67616d0000b27394bf2f86ef2bb808cc60885d,https://i.scdn.co/image/ab67616d00001e0294bf2f86ef2bb808cc60885d,1IQ2e1buppatiN1bxUVkrk,metal,Slayer
33c7lqBSgzu6rGmSOe4pgI,Damnation's Edge (Live),2022-02-23,13,https://i.scdn.co/image/ab67616d0000b273299ef6d7ef8fbe1feee37ebc,https://i.scdn.co/image/ab67616d00001e02299ef6d7ef8fbe1feee37ebc,1IQ2e1buppatiN1bxUVkrk,metal,Slayer
7hzJ5rxhsKwGY4cNEEmrSA,"The Repentless Killogy (Live at the Forum in Inglewood, CA)",2019-11-08,21,https://i.scdn.co/image/ab67616d0000b2730f4a6c247504034976995c22,https://i.scdn.co/image/ab67616d00001e020f4a6c247504034976995c22,1IQ2e1buppatiN1bxUVkrk,metal,Slayer
5criweFcDEpgMJBOVSu9FE,Praying To Satan,2019-04-05,10,https://i.scdn.co/image/ab67616d0000b27395ab8bda182ac55159aa7afa,https://i.scdn.co/image/ab67616d00001e0295ab8bda182ac55159aa7afa,1IQ2e1buppatiN1bxUVkrk,metal,Slayer
5QTGKCuJbyViaQQXjHOvjL,Repentless,2015-09-11,12,https://i.scdn.co/image/ab67616d0000b273de52c3555fd297174abacdb3,https://i.scdn.co/image/ab67616d00001e02de52c3555fd297174abacdb3,1IQ2e1buppatiN1bxUVkrk,metal,Slayer
44MTd2OAtSYY63DCcQ7P8n,World Painted Blood,2009-01-01,11,https://i.scdn.co/image/ab67616d0000b2738fb2a8a2fd5f4f1de96f1382,https://i.scdn.co/image/ab67616d00001e028fb2a8a2fd5f4f1de96f1382,1IQ2e1buppatiN1bxUVkrk,metal,Slayer
41dQQuob8FPy5zWGg4vLXU,Christ Illusion,2006-01-01,10,https://i.scdn.co/image/ab67616d0000b273119b1c1556422c051df245fa,https://i.scdn.co/image/ab67616d00001e02119b1c1556422c051df245fa,1IQ2e1buppatiN1bxUVkrk,metal,Slayer
3MuaoZgcAFuanhg04e75LK,God Hates Us All,2001-01-01,13,https://i.scdn.co/image/ab67616d0000b27323daab33eb8080aca54f554e,https://i.scdn.co/image/ab67616d00001e0223daab33eb8080aca54f554e,1IQ2e1buppatiN1bxUVkrk,metal,Slayer
2YKQekIfxPZK0O2XKw6wr6,Diabolus In Musica,1998-01-01,11,https://i.scdn.co/image/ab67616d0000b27311b5a815de8223857f1eb440,https://i.scdn.co/image/ab67616d00001e0211b5a815de8223857f1eb440,1IQ2e1buppatiN1bxUVkrk,metal,Slayer
743y70pTrfEfHZHtIyyQ6c,Undisputed Attitude,1996-01-01,14,https://i.scdn.co/image/ab67616d0000b273ac8b26f1cf9ada2858ad6aae,https://i.scdn.co/image/ab67616d00001e02ac8b26f1cf9ada2858ad6aae,1IQ2e1buppatiN1bxUVkrk,metal,Slayer
31pVN7QZwfWFo388SICgnd,Divine Intervention,1994-01-01,10,https://i.scdn.co/image/ab67616d0000b273e016deb9bb67313c357f036a,https://i.scdn.co/image/ab67616d00001e02e016deb9bb67313c357f036a,1IQ2e1buppatiN1bxUVkrk,metal,Slayer
3QLhq4BDG6PDH2phJH7WB3,"1994 Monsters Of Rock, Argentina (Live, Sep 3rd 1994, Argentina)",1994,13,https://i.scdn.co/image/ab67616d0000b273c1ae3e26fcd0b7611acd3105,https://i.scdn.co/image/ab67616d00001e02c1ae3e26fcd0b7611acd3105,1IQ2e1buppatiN1bxUVkrk,metal,Slayer
6ouAFvDtaYWB7PdGaRtJGq,Megadeth,2026-01-23,11,https://i.scdn.co/image/ab67616d0000b2739259659bd5b7332b9bfa8860,https://i.scdn.co/image/ab67616d00001e029259659bd5b7332b9bfa8860,1Yox196W7bzVNZI7RBaPnf,metal,Megadeth
48zQUhbYLOlVtUVWgQUP3R,Losing Game (Live Buenos Aires),2025-04-25,15,https://i.scdn.co/image/ab67616d0000b2738dc492ca3c88e4a0b9d4e9cf,https://i.scdn.co/image/ab67616d00001e028dc492ca3c88e4a0b9d4e9cf,1Yox196W7bzVNZI7RBaPnf,metal,Megadeth
614KfXjjaQ7HOVAAIV89Sn,Spilling Blood (Live),2024-05-28,9,https://i.scdn.co/image/ab67616d0000b2738dc85107b172fd09fced8dc1,https://i.scdn.co/image/ab67616d00001e028dc85107b172fd09fced8dc1,1Yox196W7bzVNZI7RBaPnf,metal,Megadeth
1ziUtOuRT545OI4cnHEMhC,"The Sick, The Dying… And The Dead!",2022-09-02,14,https://i.scdn.co/image/ab67616d0000b27362c843dbee54435efe80987f,https://i.scdn.co/image/ab67616d00001e0262c843dbee54435efe80987f,1Yox196W7bzVNZI7RBaPnf,metal,Megadeth
3ALthL9fEWggZRgRklZeEf,That One Night: Live In Buenos Aires,2021-11-26,21,https://i.scdn.co/image/ab67616d0000b2731d6ed55460b97eb18bcdd3e8,https://i.scdn.co/image/ab67616d00001e021d6ed55460b97eb18bcdd3e8,1Yox196W7bzVNZI7RBaPnf,metal,Megadeth
48lh8DY2GOeVtEbLHPVyod,Unplugged in Boston (Live 2001),2021-08-20,10,https://i.scdn.co/image/ab67616d0000b27326b870390bac4a9084bf38f3,https://i.scdn.co/image/ab67616d00001e0226b870390bac4a9084bf38f3,1Yox196W7bzVNZI7RBaPnf,metal,Megadeth
1fQP14KigA58xjlYNf4Uac,Killing Is My Business...And Business Is Good - The Final Kill,2018-06-08,18,https://i.scdn.co/image/ab67616d0000b27312ecb3fc1b10b7e480fb167f,https://i.scdn.co/image/ab67616d00001e0212ecb3fc1b10b7e480fb167f,1Yox196W7bzVNZI7RBaPnf,metal,Megadeth
4sP7CAPrmdBD1ojBBrPxiV,Dystopia,2016-01-22,12,https://i.scdn.co/image/ab67616d0000b273db38819ff1e73809f8be6107,https://i.scdn.co/image/ab67616d00001e02db38819ff1e73809f8be6107,1Yox196W7bzVNZI7RBaPnf,metal,Megadeth
4SG1HFhXihESspVTyKYl5j,Super Collider,2013-01-01,11,https://i.scdn.co/image/ab67616d0000b273872b0074ecb6b93ff5676093,https://i.scdn.co/image/ab67616d00001e02872b0074ecb6b93ff5676093,1Yox196W7bzVNZI7RBaPnf,metal,Megadeth
0ja6Rjg1a5Fw2IEwTymwQE,Th1rt3en,2011-10-26,13,https://i.scdn.co/image/ab67616d0000b273cf7165d2f467e043f32774f4,https://i.scdn.co/image/ab67616d00001e02cf7165d2f467e043f32774f4,1Yox196W7bzVNZI7RBaPnf,metal,Megadeth
0ncpKwYq9C3tXxDWPpdvId,Endgame,2009-09-09,11,https://i.scdn.co/image/ab67616d0000b27352103e45f70508a143245023,https://i.scdn.co/image/ab67616d00001e0252103e45f70508a143245023,1Yox196W7bzVNZI7RBaPnf,metal,Megadeth
4MCyfIlCbqoU8wg2F3hMw3,United Abominations,2007-05-15,11,https://i.scdn.co/image/ab67616d0000b2736e4a8eed4746006e42612c44,https://i.scdn.co/image/ab67616d00001e026e4a8eed4746006e42612c44,1Yox196W7bzVNZI7RBaPnf,metal,Megadeth
0SgF4c7VeFBoATEdpTvgG8,Invincible Shield (Deluxe Edition),2024-03-08,14,https://i.scdn.co/image/ab67616d0000b273de7975390bfa848a0fc781bd,https://i.scdn.co/image/ab67616d00001e02de7975390bfa848a0fc781bd,2tRsMl4eGxwoNabM08Dm4I,metal,Judas Priest
2alySadx70cVPH0YC9QHFM,Reflections - 50 Heavy Metal Years of Music,2021-10-15,16,https://i.scdn.co/image/ab67616d0000b273bb19baa7508c3c17692d8924,https://i.scdn.co/image/ab67616d00001e02bb19baa7508c3c17692d8924,2tRsMl4eGxwoNabM08Dm4I,metal,Judas Priest
7p3G0OCxtlWyJcPE1FxnyB,Firepower,2018-03-09,14,https://i.scdn.co/image/ab67616d0000b2737ca75d243242bd697841b84b,https://i.scdn.co/image/ab67616d00001e027ca75d243242bd697841b84b,2tRsMl4eGxwoNabM08Dm4I,metal,Judas Priest
09OABBoUoHmbi3IyFLplTy,Battle Cry,2016-03-25,15,https://i.scdn.co/image/ab67616d0000b2738d1e4e9a5d03a609430e76c5,https://i.scdn.co/image/ab67616d00001e028d1e4e9a5d03a609430e76c5,2tRsMl4eGxwoNabM08Dm4I,metal,Judas Priest
0RIfXMHvRpLqHsZ0FZE3mS,Redeemer of Souls (Deluxe),2014-07-07,18,https://i.scdn.co/image/ab67616d0000b273a3734dd28eec5dccfd941846,https://i.scdn.co/image/ab67616d00001e02a3734dd28eec5dccfd941846,2tRsMl4eGxwoNabM08Dm4I,metal,Judas Priest
2k2m2GaoRsa0aDxo6Z2lEQ,Nostradamus,2008-06-16,23,https://i.scdn.co/image/ab67616d0000b273e885896f74db16a08ddc911e,https://i.scdn.co/image/ab67616d00001e02e885896f74db16a08ddc911e,2tRsMl4eGxwoNabM08Dm4I,metal,Judas Priest
12rTdEhRhwPpV0XJvZW9u1,Angel Of Retribution,2005-02-28,10,https://i.scdn.co/image/ab67616d0000b273367fe3409cb2741c0bfcdf66,https://i.scdn.co/image/ab67616d00001e02367fe3409cb2741c0bfcdf66,2tRsMl4eGxwoNabM08Dm4I,metal,Judas Priest
4eoB0NlHD1fentI8ZbXBv5,Living After Midnight,1997-09-29,18,https://i.scdn.co/image/ab67616d0000b27384e8e28e6f93cdc0e584860d,https://i.scdn.co/image/ab67616d00001e0284e8e28e6f93cdc0e584860d,2tRsMl4eGxwoNabM08Dm4I,metal,Judas Priest
7LgrhuKnAXpNEv8qzcVd2t,Painkiller,1990-09-26,12,https://i.scdn.co/image/ab67616d0000b27360db4ca924d17bc6754e89aa,https://i.scdn.co/image/ab67616d00001e0260db4ca924d17bc6754e89aa,2tRsMl4eGxwoNabM08Dm4I,metal,Judas Priest
1t2M4YmH8x9Tplcxq08H5l,Ram It Down,1988-05-03,12,https://i.scdn.co/image/ab67616d0000b2731870e57bcd78041d8c3cd202,https://i.scdn.co/image/ab67616d00001e021870e57bcd78041d8c3cd202,2tRsMl4eGxwoNabM08Dm4I,metal,Judas Priest
2jI1cHVZ6B3T0r5FWvHjN4,Priest...Live!,1987-07-07,18,https://i.scdn.co/image/ab67616d0000b27318113a835bf741e501910640,https://i.scdn.co/image/ab67616d00001e0218113a835bf741e501910640,2tRsMl4eGxwoNabM08Dm4I,metal,Judas Priest
7ipED6pLR8QJpO6PN9CC2U,Turbo 30,1986-04-07,9,https://i.scdn.co/image/ab67616d0000b27361c27985f0b03b5062942df6,https://i.scdn.co/image/ab67616d00001e0261c27985f0b03b5062942df6,2tRsMl4eGxwoNabM08Dm4I,metal,Judas Priest
14XCQIisgyMIY55Tj3gCEP,Defenders of the Faith (30th Anniversary Edition) [Remastered],1984,31,https://i.scdn.co/image/ab67616d0000b273a1e9704ccf1605da2f625b3c,https://i.scdn.co/image/ab67616d00001e02a1e9704ccf1605da2f625b3c,2tRsMl4eGxwoNabM08Dm4I,metal,Judas Priest
6OuB0VXwf8uJQdRTxfzsH3,Reinventing the Steel (20th Anniversary Edition),2020-10-30,39,https://i.scdn.co/image/ab67616d0000b27302ffde4a30f9488d1514e628,https://i.scdn.co/image/ab67616d00001e0202ffde4a30f9488d1514e628,14pVkFUHDL207LzLHtSA18,metal,Pantera
3Qku7ETlem9cOMrFUar69v,Live at Dynamo Open Air 1998,2018-06-22,14,https://i.scdn.co/image/ab67616d0000b2730523dad21b0c94fdccb46755,https://i.scdn.co/image/ab67616d00001e020523dad21b0c94fdccb46755,14pVkFUHDL207LzLHtSA18,metal,Pantera
58HJaV7TTJcNOsXQEw5rOD,The Great Southern Trendkill (20th Anniversary Edition),2016-10-21,23,https://i.scdn.co/image/ab67616d0000b273bc4cd0d053747ad4dc21704e,https://i.scdn.co/image/ab67616d00001e02bc4cd0d053747ad4dc21704e,14pVkFUHDL207LzLHtSA18,metal,Pantera
773KEsh2eaBWjjj41aU1ca,Far Beyond Driven (20th Anniversary Deluxe Edition),2014-03-24,21,https://i.scdn.co/image/ab67616d0000b27301868b2896c9fe2547d03f0c,https://i.scdn.co/image/ab67616d00001e0201868b2896c9fe2547d03f0c,14pVkFUHDL207LzLHtSA18,metal,Pantera
6K0sWuyhHFmDq7vcabUqBH,Far Beyond Bootleg - Live from Donington '94,2014-03-24,9,https://i.scdn.co/image/ab67616d0000b27325b416e08cd68bd825c05cdf,https://i.scdn.co/image/ab67616d00001e0225b416e08cd68bd825c05cdf,14pVkFUHDL207LzLHtSA18,metal,Pantera
0YP1dIF5fDrJphkOfYeI2h,Cowboys from Hell (Deluxe),2010-09-07,35,https://i.scdn.co/image/ab67616d0000b27362e307d4bce91d8a3931f38d,https://i.scdn.co/image/ab67616d00001e0262e307d4bce91d8a3931f38d,14pVkFUHDL207LzLHtSA18,metal,Pantera
7sEY94y1wQACVwMgeE62hd,Reinventing the Steel,2000-01-01,10,https://i.scdn.co/image/ab67616d0000b27392f35233e7314a71e9f275a2,https://i.scdn.co/image/ab67616d00001e0292f35233e7314a71e9f275a2,14pVkFUHDL207LzLHtSA18,metal,Pantera
5jhAuU3PRZsnck8CHgvqMS,Official Live: 101 Proof,1997-07-25,16,https://i.scdn.co/image/ab67616d0000b273798f6cc9402ea3fbcaae641d,https://i.scdn.co/image/ab67616d00001e02798f6cc9402ea3fbcaae641d,14pVkFUHDL207LzLHtSA18,metal,Pantera
4LdquqwQoyu1pE6Vq8PIha,The Great Southern Trendkill,1996-05-03,11,https://i.scdn.co/image/ab67616d0000b273e698b41c758c1a49fecbc1cf,https://i.scdn.co/image/ab67616d00001e02e698b41c758c1a49fecbc1cf,14pVkFUHDL207LzLHtSA18,metal,Pantera
70GAqt2avSiKBJ2IEymou1,Far Beyond Driven,1994,12,https://i.scdn.co/image/ab67616d0000b27364fa027e7ef7ce20fa8b46f2,https://i.scdn.co/image/ab67616d00001e0264fa027e7ef7ce20fa8b46f2,14pVkFUHDL207LzLHtSA18,metal,Pantera
1x09hOE124v9jMuQZRYqWN,Vulgar Display of Power (Expanded),1992,12,https://i.scdn.co/image/ab67616d0000b27374c33723db6a5141e54531bf,https://i.scdn.co/image/ab67616d00001e0274c33723db6a5141e54531bf,14pVkFUHDL207LzLHtSA18,metal,Pantera
7kW0cpKgSVsEqcc8xgbSb0,Vulgar Display of Power,1992,11,https://i.scdn.co/image/ab67616d0000b273347c0a40c1e3f0c890a6d9d6,https://i.scdn.co/image/ab67616d00001e02347c0a40c1e3f0c890a6d9d6,14pVkFUHDL207LzLHtSA18,metal,Pantera
5szY4sBOSD6IFjFN1RtWTe,Cowboys from Hell,1990-07-20,12,https://i.scdn.co/image/ab67616d0000b2730ce52f4ba340a1e459e6a978,https://i.scdn.co/image/ab67616d00001e020ce52f4ba340a1e459e6a978,14pVkFUHDL207LzLHtSA18,metal,Pantera
61EukiCvHkfOWHaM8hglJx,"The Löst Tapes, Vol. 7 (Lemmy's 50th Birthday, Live in West Hollywood, 1995)",2025-12-24,16,https://i.scdn.co/image/ab67616d0000b273f7a4600434cd2cb035dfde0f,https://i.scdn.co/image/ab67616d00001e02f7a4600434cd2cb035dfde0f,1DFr97A9HnbV3SKTJFu62M,metal,Motörhead
4lA6sBkX6kxj6aoHBqd6eY,The Manticore Tapes,2025-06-27,11,https://i.scdn.co/image/ab67616d0000b273f7d6388b2facdfa6a3382267,https://i.scdn.co/image/ab67616d00001e02f7d6388b2facdfa6a3382267,1DFr97A9HnbV3SKTJFu62M,metal,Motörhead
7mmLCufyg6RutRe6DWz6en,"The Löst Tapes, Vol. 6 (Live at Eissporthalle, Berlin, 14th Dec, 1992)",2024-12-24,17,https://i.scdn.co/image/ab67616d0000b273ee66e29999ac99a574bc1a26,https://i.scdn.co/image/ab67616d00001e02ee66e29999ac99a574bc1a26,1DFr97A9HnbV3SKTJFu62M,metal,Motörhead
0F4ob5tWXCsooq9qO2w2M3,Remorse? No!,2024-05-08,24,https://i.scdn.co/image/ab67616d0000b273b0f5dff1a6af2592cc9ca0b9,https://i.scdn.co/image/ab67616d00001e02b0f5dff1a6af2592cc9ca0b9,1DFr97A9HnbV3SKTJFu62M,metal,Motörhead
4HxP17nKQuzZpzIVq0wu3L,The Löst Tapes - The Collection (Vol. 1-5),2024-02-23,100,https://i.scdn.co/image/ab67616d0000b2731819cbc14cfc91432140e88e,https://i.scdn.co/image/ab67616d00001e021819cbc14cfc91432140e88e,1DFr97A9HnbV3SKTJFu62M,metal,Motörhead
1TGHTdiR7QolfRrIzjzY6Z,"The Löst Tapes, Vol. 5 (Live at Download Festival, Donington, England, June 13, 2008)",2023-12-24,14,https://i.scdn.co/image/ab67616d0000b273eedf0f2f3a0b43c051042c12,https://i.scdn.co/image/ab67616d00001e02eedf0f2f3a0b43c051042c12,1DFr97A9HnbV3SKTJFu62M,metal,Motörhead
5AsFm6eJVG3335fYjuC5kM,Another Perfect Day (40th Anniversary),2023-11-03,34,https://i.scdn.co/image/ab67616d0000b2736b54913722e272119353c512,https://i.scdn.co/image/ab67616d00001e026b54913722e272119353c512,1DFr97A9HnbV3SKTJFu62M,metal,Motörhead
4odEMh1B3bNvNAwIvsjsmU,The Boys Of Ladbroke Grove,2023-09-01,19,https://i.scdn.co/image/ab67616d0000b27369cf257ea978ba5f18578a01,https://i.scdn.co/image/ab67616d00001e0269cf257ea978ba5f18578a01,1DFr97A9HnbV3SKTJFu62M,metal,Motörhead
7E0cMiSuhpyzXmyoU5Zzfe,Live at Montreux Jazz Festival '07,2023-06-16,19,https://i.scdn.co/image/ab67616d0000b273e189cf2c21400a5656897855,https://i.scdn.co/image/ab67616d00001e02e189cf2c21400a5656897855,1DFr97A9HnbV3SKTJFu62M,metal,Motörhead
6eK49G5RAOYUnhHD0l7mNK,"The Löst Tapes, Vol. 4 (Live in Heilbronn 1984)",2022-12-24,19,https://i.scdn.co/image/ab67616d0000b2731e3670fb33b46fa318ef21e1,https://i.scdn.co/image/ab67616d00001e021e3670fb33b46fa318ef21e1,1DFr97A9HnbV3SKTJFu62M,metal,Motörhead
0Nbfo46vZr3R4gWRXfCwBq,Iron Fist (Deluxe 40th Anniversary Edition),2022-09-23,44,https://i.scdn.co/image/ab67616d0000b2739f76773b3a2487b9f70d4c30,https://i.scdn.co/image/ab67616d00001e029f76773b3a2487b9f70d4c30,1DFr97A9HnbV3SKTJFu62M,metal,Motörhead
54Fv8C7Gs6jAbaTIFnq7hP,The Löst Tapes Vol. 3 (Live in Malmö 2000),2022-05-08,21,https://i.scdn.co/image/ab67616d0000b2736b419a87c06826e2d2599004,https://i.scdn.co/image/ab67616d00001e026b419a87c06826e2d2599004,1DFr97A9HnbV3SKTJFu62M,metal,Motörhead
4PEh2b38J4LJCfc7FzhtlK,"The Löst Tapes Vol. 2 (Live in Norwich, 1998)",2021-12-24,22,https://i.scdn.co/image/ab67616d0000b273d6c42c71934927ae3a64841a,https://i.scdn.co/image/ab67616d00001e02d6c42c71934927ae3a64841a,1DFr97A9HnbV3SKTJFu62M,metal,Motörhead
5gv5WNU29rNno7avIxvDot,The Löst Tapes Vol. 1 (Live in Madrid 1995),2021-05-08,24,https://i.scdn.co/image/ab67616d0000b273fa651eb9081e1f3c0830ee47,https://i.scdn.co/image/ab67616d00001e02fa651eb9081e1f3c0830ee47,1DFr97A9HnbV3SKTJFu62M,metal,Motörhead
4rmXQxG7rqemfrYl2slCFt,Louder Than Noise... Live in Berlin,2021-04-23,15,https://i.scdn.co/image/ab67616d0000b273b1ed6a8a72adc8b397c752b5,https://i.scdn.co/image/ab67616d00001e02b1ed6a8a72adc8b397c752b5,1DFr97A9HnbV3SKTJFu62M,metal,Motörhead
5icUWQuo0RXzCVDnlx35Fk,Trapped In This Nightmare (Live Dallas '87),2025-06-30,11,https://i.scdn.co/image/ab67616d0000b27395acfdd4eeec71714da4edde,https://i.scdn.co/image/ab67616d00001e0295acfdd4eeec71714da4edde,3JysSUOyfVs1UQ0UaESheP,metal,Anthrax
54b3qdsYZfDNERkbz4pnJ7,Buried Into Your Flesh (Live Fitchberg '93),2024-08-21,14,https://i.scdn.co/image/ab67616d0000b273a8361c415aa54f3cc1afdfc9,https://i.scdn.co/image/ab67616d00001e02a8361c415aa54f3cc1afdfc9,3JysSUOyfVs1UQ0UaESheP,metal,Anthrax
2n1ppuPKJzWW6SpKzAzaMq,No Future Is Bright (Live Dallas '89),2024-01-29,10,https://i.scdn.co/image/ab67616d0000b2733b6c4e3b2ad370f631d5c9ed,https://i.scdn.co/image/ab67616d00001e023b6c4e3b2ad370f631d5c9ed,3JysSUOyfVs1UQ0UaESheP,metal,Anthrax
6T71vnDgOAjNwWykv0cVl4,XL,2022-07-15,25,https://i.scdn.co/image/ab67616d0000b273f32c8fce2d29169733ce836a,https://i.scdn.co/image/ab67616d00001e02f32c8fce2d29169733ce836a,3JysSUOyfVs1UQ0UaESheP,metal,Anthrax
6nxhOrPyoOtWGXw2AmGIyP,State Of Euphoria (30th Anniversary Edition),2018-10-19,25,https://i.scdn.co/image/ab67616d0000b27332665562c7a559c6746b32b3,https://i.scdn.co/image/ab67616d00001e0232665562c7a559c6746b32b3,3JysSUOyfVs1UQ0UaESheP,metal,Anthrax
5RFBQzHHbAa13ZsEzoCUH5,Kings Among Scotland (Live),2018-04-27,18,https://i.scdn.co/image/ab67616d0000b273a32ce82688028817302d5554,https://i.scdn.co/image/ab67616d00001e02a32ce82688028817302d5554,3JysSUOyfVs1UQ0UaESheP,metal,Anthrax
4m6zTuDlTVlsxikUarA0UK,For All Kings,2016-02-26,15,https://i.scdn.co/image/ab67616d0000b2731628b67a8aa0afafd84e1f14,https://i.scdn.co/image/ab67616d00001e021628b67a8aa0afafd84e1f14,3JysSUOyfVs1UQ0UaESheP,metal,Anthrax
1L19OH3VWoIcMhZuq70F1u,Worship Music,2013-03-22,22,https://i.scdn.co/image/ab67616d0000b273eb9ff759659f120715fd5a7f,https://i.scdn.co/image/ab67616d00001e02eb9ff759659f120715fd5a7f,3JysSUOyfVs1UQ0UaESheP,metal,Anthrax
2yHalL21jJLLym1hS5gDwe,Anthems,2013-03-22,8,https://i.scdn.co/image/ab67616d0000b2736221af677267912790be7b68,https://i.scdn.co/image/ab67616d00001e026221af677267912790be7b68,3JysSUOyfVs1UQ0UaESheP,metal,Anthrax
46UATSxBu7t5rgzb5s4UFd,Among The Living - Deluxe Edition,2009-01-01,15,https://i.scdn.co/image/ab67616d0000b273618539022607f586d1318697,https://i.scdn.co/image/ab67616d00001e02618539022607f586d1318697,3JysSUOyfVs1UQ0UaESheP,metal,Anthrax
5zi1BIa6Tv6zKsUuzHVmSP,Alive 2,2005-11-18,13,https://i.scdn.co/image/ab67616d0000b2731dd436d1c3009cc1921ba3ae,https://i.scdn.co/image/ab67616d00001e021dd436d1c3009cc1921ba3ae,3JysSUOyfVs1UQ0UaESheP,metal,Anthrax
3qrs17PzGbLWiw5E9Aq3qT,The Greater of Two Evils,2004-11-29,14,https://i.scdn.co/image/ab67616d0000b273d761e27f74efa627524f1588,https://i.scdn.co/image/ab67616d00001e02d761e27f74efa627524f1588,3JysSUOyfVs1UQ0UaESheP,metal,Anthrax
1HWNpcD8bvszEk4AtFnhY5,Music of Mass Destruction,2004-07-26,12,https://i.scdn.co/image/ab67616d0000b273d238700bd8fa81450723f88b,https://i.scdn.co/image/ab67616d00001e02d238700bd8fa81450723f88b,3JysSUOyfVs1UQ0UaESheP,metal,Anthrax
4Jn7ICuweRDMzz37hztARn,Stomp 442,2003-11-24,11,https://i.scdn.co/image/ab67616d0000b2738066886e9ae460a141baece2,https://i.scdn.co/image/ab67616d00001e028066886e9ae460a141baece2,3JysSUOyfVs1UQ0UaESheP,metal,Anthrax
60HyhOMJcSZO77f5drIuWZ,We've Come for You All,2003-03-03,16,https://i.scdn.co/image/ab67616d0000b27394c231c9766fae463fcf8614,https://i.scdn.co/image/ab67616d00001e0294c231c9766fae463fcf8614,3JysSUOyfVs1UQ0UaESheP,metal,Anthrax
1cDg7KRd74hI4xLilNJ7dM,destruição (Live),2025-08-18,15,https://i.scdn.co/image/ab67616d0000b273cbe0f32e0a9402e36bf99a0b,https://i.scdn.co/image/ab67616d00001e02cbe0f32e0a9402e36bf99a0b,6JW8wliOEwaDZ231ZY7cf4,metal,Sepultura
3p9xh35Qupdic1CREgJUIz,Sepulquarta,2021-08-13,15,https://i.scdn.co/image/ab67616d0000b2730deee5bb285f26bf9a738a84,https://i.scdn.co/image/ab67616d00001e020deee5bb285f26bf9a738a84,6JW8wliOEwaDZ231ZY7cf4,metal,Sepultura
0tcLKzf5Rudm66ApoNKpGm,Quadra,2020-02-07,12,https://i.scdn.co/image/ab67616d0000b273cad6c6ae7cae0397e13a8a34,https://i.scdn.co/image/ab67616d00001e02cad6c6ae7cae0397e13a8a34,6JW8wliOEwaDZ231ZY7cf4,metal,Sepultura
2gS1k06FUlRRmi86OvUYi2,Machine Messiah,2017-01-13,12,https://i.scdn.co/image/ab67616d0000b27386ebe7b17e3b886805790415,https://i.scdn.co/image/ab67616d00001e0286ebe7b17e3b886805790415,6JW8wliOEwaDZ231ZY7cf4,metal,Sepultura
7JgOEJjQeIp0m0YQzccmN9,Minisserie Dupla Identidade,2014-10-20,10,https://i.scdn.co/image/ab67616d0000b27316bd876744fcb90c116f9ac2,https://i.scdn.co/image/ab67616d00001e0216bd876744fcb90c116f9ac2,6JW8wliOEwaDZ231ZY7cf4,metal,Sepultura
3Sdmh1nf5iTisZ0blIX2pM,Metal Veins - Alive at Rock in Rio,2014-09-16,13,https://i.scdn.co/image/ab67616d0000b2738680a2aaac1def391308c629,https://i.scdn.co/image/ab67616d00001e028680a2aaac1def391308c629,6JW8wliOEwaDZ231ZY7cf4,metal,Sepultura
1Ca4KUdT9FA0eDfw7QeqPj,The Mediator Between Head and Hands Must Be the Heart,2013-10-25,11,https://i.scdn.co/image/ab67616d0000b2735312eefc3de49111a5e1662a,https://i.scdn.co/image/ab67616d00001e025312eefc3de49111a5e1662a,6JW8wliOEwaDZ231ZY7cf4,metal,Sepultura
1zZ2mFxHHq3JRtW6Mzuhht,Kairos,2011-06-24,17,https://i.scdn.co/image/ab67616d0000b2735e45315590609aff23517aa3,https://i.scdn.co/image/ab67616d00001e025e45315590609aff23517aa3,6JW8wliOEwaDZ231ZY7cf4,metal,Sepultura
50luQRbt6vgJeY8n4FXuJ7,A-Lex,2009-02-23,18,https://i.scdn.co/image/ab67616d0000b2730bfdf190d26cb3f51ee0e1b9,https://i.scdn.co/image/ab67616d00001e020bfdf190d26cb3f51ee0e1b9,6JW8wliOEwaDZ231ZY7cf4,metal,Sepultura
0m51obRBsmlIzG5chjTX4Y,A-Lex (2021 Remaster),2009-01-23,18,https://i.scdn.co/image/ab67616d0000b2733373597cf319563299b723ee,https://i.scdn.co/image/ab67616d00001e023373597cf319563299b723ee,6JW8wliOEwaDZ231ZY7cf4,metal,Sepultura
7rX8txeF5YyFsCbDvUxU3R,Dante XXI (2021 Remaster),2006-03-14,15,https://i.scdn.co/image/ab67616d0000b273fa2aa20171610b9bf70ff60b,https://i.scdn.co/image/ab67616d00001e02fa2aa20171610b9bf70ff60b,6JW8wliOEwaDZ231ZY7cf4,metal,Sepultura
5IqeXkgD3YwBvsy1tpys5p,Live in São Paulo,2005-11-11,21,https://i.scdn.co/image/ab67616d0000b273c3fafb717193452e3981322b,https://i.scdn.co/image/ab67616d00001e02c3fafb717193452e3981322b,6JW8wliOEwaDZ231ZY7cf4,metal,Sepultura
5CWd1H6Wzku5pBygRnjkV8,Live in São Paulo (2022 Remaster),2005-11-08,21,https://i.scdn.co/image/ab67616d0000b2734fcd0245922cc8888fbe8893,https://i.scdn.co/image/ab67616d00001e024fcd0245922cc8888fbe8893,6JW8wliOEwaDZ231ZY7cf4,metal,Sepultura
5UoZreUw6qsJkU5SpYny84,Roorback (2021 Remaster),2003-05-27,14,https://i.scdn.co/image/ab67616d0000b27340f66b3bb9980b2a13ceac4b,https://i.scdn.co/image/ab67616d00001e0240f66b3bb9980b2a13ceac4b,6JW8wliOEwaDZ231ZY7cf4,metal,Sepultura
5aI0bwD4XS3UGMP4Kx4wNl,Into Oblivion,2026-03-13,10,https://i.scdn.co/image/ab67616d0000b273e84cfd892001ad9695e4b9d0,https://i.scdn.co/image/ab67616d00001e02e84cfd892001ad9695e4b9d0,3JFsVIxOn7STeilPICkkB2,metal,Lamb of God
2lq8ePf2hVkaBohPPwrwJc,Omens,2022-10-07,10,https://i.scdn.co/image/ab67616d0000b273458ed85467539ca3df977812,https://i.scdn.co/image/ab67616d00001e02458ed85467539ca3df977812,3JFsVIxOn7STeilPICkkB2,metal,Lamb of God
13oFnEbK6yXLZBLm1rMqzE,Lamb of God (Deluxe Version),2021-03-26,26,https://i.scdn.co/image/ab67616d0000b27331d4d66c7b847fe1c80be275,https://i.scdn.co/image/ab67616d00001e0231d4d66c7b847fe1c80be275,3JFsVIxOn7STeilPICkkB2,metal,Lamb of God
34Y9ZcZ4b3WGbhx66zS0QV,Lamb of God,2020-06-19,10,https://i.scdn.co/image/ab67616d0000b273410e4ce58566a5a9d2b8d1f4,https://i.scdn.co/image/ab67616d00001e02410e4ce58566a5a9d2b8d1f4,3JFsVIxOn7STeilPICkkB2,metal,Lamb of God
4JvuAxQRUNbVcw66kFlXH9,VII: Sturm und Drang,2015-07-24,12,https://i.scdn.co/image/ab67616d0000b27364918cbb1143c809b6b0ca85,https://i.scdn.co/image/ab67616d00001e0264918cbb1143c809b6b0ca85,3JFsVIxOn7STeilPICkkB2,metal,Lamb of God
6Wl62X7BxI8UMLan0iwCcL,As The Palaces Burn (10th Anniversary Edition),2013-11-11,13,https://i.scdn.co/image/ab67616d0000b273254132a907b9fb425672a2b4,https://i.scdn.co/image/ab67616d00001e02254132a907b9fb425672a2b4,3JFsVIxOn7STeilPICkkB2,metal,Lamb of God
5k9w7NXES6AJYYddjDVBsR,Resolution (Deluxe Edition),2012-01-24,17,https://i.scdn.co/image/ab67616d0000b2734e4b527840d8698694728931,https://i.scdn.co/image/ab67616d00001e024e4b527840d8698694728931,3JFsVIxOn7STeilPICkkB2,metal,Lamb of God
479KqDnKRTPYptLEkbZNRp,Wrath (Deluxe Edition),2009-02-23,14,https://i.scdn.co/image/ab67616d0000b273570d2b233102cfca122f54ee,https://i.scdn.co/image/ab67616d00001e02570d2b233102cfca122f54ee,3JFsVIxOn7STeilPICkkB2,metal,Lamb of God
1PJtQrmYNraIeTjapfuYcf,Sacrament (15th Anniversary Edition),2006-08-22,14,https://i.scdn.co/image/ab67616d0000b273fd4ec2b2d9f36007ee69abb4,https://i.scdn.co/image/ab67616d00001e02fd4ec2b2d9f36007ee69abb4,3JFsVIxOn7STeilPICkkB2,metal,Lamb of God
7CwtVHoJ9cl6YEQjsSeEca,Ashes of the Wake (20th Anniversary Edition),2004-08-26,18,https://i.scdn.co/image/ab67616d0000b273cc7d6e8e70f06be8f91757bf,https://i.scdn.co/image/ab67616d00001e02cc7d6e8e70f06be8f91757bf,3JFsVIxOn7STeilPICkkB2,metal,Lamb of God
3sxJpkdsLs0F2D3cSsrYEB,Killadelphia (Live),2004,16,https://i.scdn.co/image/ab67616d0000b2735e2f5d3da7ce49c09e81b88c,https://i.scdn.co/image/ab67616d00001e025e2f5d3da7ce49c09e81b88c,3JFsVIxOn7STeilPICkkB2,metal,Lamb of God
5OubC3vkQNuA3rVu6iD6xa,As The Palaces Burn,2003-05-05,10,https://i.scdn.co/image/ab67616d0000b273277e8a79bc4f91b954c497f1,https://i.scdn.co/image/ab67616d00001e02277e8a79bc4f91b954c497f1,3JFsVIxOn7STeilPICkkB2,metal,Lamb of God
53U3R5G1IvQbdl7ZCa052t,New American Gospel,2000-09-26,14,https://i.scdn.co/image/ab67616d0000b2736f2ec09ac32b5a0644f2581b,https://i.scdn.co/image/ab67616d00001e026f2ec09ac32b5a0644f2581b,3JFsVIxOn7STeilPICkkB2,metal,Lamb of God
3bmdzJRZ4DLRTiA6yBBQcI,Fortitude,2021-04-30,11,https://i.scdn.co/image/ab67616d0000b273e65b8b839208a5e2504e4c21,https://i.scdn.co/image/ab67616d00001e02e65b8b839208a5e2504e4c21,0GDGKpJFhVpcjIGF8N6Ewt,metal,Gojira
4Eylq3E1dTyHWfsp9ZYlSQ,Live At Hellfest 2016,2016-11-04,12,https://i.scdn.co/image/ab67616d0000b273d1fb9cc9f1dca0d1f0da5321,https://i.scdn.co/image/ab67616d00001e02d1fb9cc9f1dca0d1f0da5321,0GDGKpJFhVpcjIGF8N6Ewt,metal,Gojira
7D7V6M05UIOTjLdqbwRX0w,Magma,2016-06-17,10,https://i.scdn.co/image/ab67616d0000b273422c622517ea0bd7eda33e08,https://i.scdn.co/image/ab67616d00001e02422c622517ea0bd7eda33e08,0GDGKpJFhVpcjIGF8N6Ewt,metal,Gojira
5aGo0ZXmsCooA4b3J0n0iQ,Les Enfants Sauvages,2012-06-26,13,https://i.scdn.co/image/ab67616d0000b2738f04b8d97d51e09e0cf5d688,https://i.scdn.co/image/ab67616d00001e028f04b8d97d51e09e0cf5d688,0GDGKpJFhVpcjIGF8N6Ewt,metal,Gojira
2WrU1VLLBaZy4k5s0p5jzt,L'Enfant Sauvage,2012-06-26,11,https://i.scdn.co/image/ab67616d0000b27398fd12235fab9949beaf8496,https://i.scdn.co/image/ab67616d00001e0298fd12235fab9949beaf8496,0GDGKpJFhVpcjIGF8N6Ewt,metal,Gojira
4J79cxsmRqZbI0BKmNFDy2,The way of all flesh,2008-10-13,12,https://i.scdn.co/image/ab67616d0000b273633e47ec647995bd469d8a0d,https://i.scdn.co/image/ab67616d00001e02633e47ec647995bd469d8a0d,0GDGKpJFhVpcjIGF8N6Ewt,metal,Gojira
0AvFF0HlQYvYKHaRURGZBs,From Mars to Sirius,2005-09-27,12,https://i.scdn.co/image/ab67616d0000b27377f30d6531bfdeb33c1fccbf,https://i.scdn.co/image/ab67616d00001e0277f30d6531bfdeb33c1fccbf,0GDGKpJFhVpcjIGF8N6Ewt,metal,Gojira
26e3IXitLWGcH0UrcAbW08,The Link Alive,2004-04-16,14,https://i.scdn.co/image/ab67616d0000b273e115e99757d7d1176a006e72,https://i.scdn.co/image/ab67616d00001e02e115e99757d7d1176a006e72,0GDGKpJFhVpcjIGF8N6Ewt,metal,Gojira
5Iu8zwiAb0aKznGs0P1Rrz,The link,2003-04-18,11,https://i.scdn.co/image/ab67616d0000b273626934ecb19f71866df1ef48,https://i.scdn.co/image/ab67616d00001e02626934ecb19f71866df1ef48,0GDGKpJFhVpcjIGF8N6Ewt,metal,Gojira
0OB9EsykpiyNnAWSuahzW4,Terra Incognita,2001-03-19,17,https://i.scdn.co/image/ab67616d0000b2730306782ef083d588bd1438c7,https://i.scdn.co/image/ab67616d00001e020306782ef083d588bd1438c7,0GDGKpJFhVpcjIGF8N6Ewt,metal,Gojira
22BMsIMHQ5TayHOJvjF4y4,Crack the Skye (15th Anniversary Deluxe Edition),2024-10-04,14,https://i.scdn.co/image/ab67616d0000b2732d7d88dc15e77d78418493e2,https://i.scdn.co/image/ab67616d00001e022d7d88dc15e77d78418493e2,1Dvfqq39HxvCJ3GvfeIFuT,metal,Mastodon
5xnZl7sdxxIb4rkDcbD4IC,Hushed and Grim,2021-10-29,15,https://i.scdn.co/image/ab67616d0000b2730183c26c4904d79137574257,https://i.scdn.co/image/ab67616d00001e020183c26c4904d79137574257,1Dvfqq39HxvCJ3GvfeIFuT,metal,Mastodon
3xeGtowrXCRjPOmZahNAoW,Medium Rarities,2020-09-11,16,https://i.scdn.co/image/ab67616d0000b2734d288075691f593c5883544b,https://i.scdn.co/image/ab67616d00001e024d288075691f593c5883544b,1Dvfqq39HxvCJ3GvfeIFuT,metal,Mastodon
1VzmKgEG38fsUBZVe15wuF,Emperor of Sand,2017-03-31,11,https://i.scdn.co/image/ab67616d0000b2730d8c47e2273edbdd4cd3aa47,https://i.scdn.co/image/ab67616d00001e020d8c47e2273edbdd4cd3aa47,1Dvfqq39HxvCJ3GvfeIFuT,metal,Mastodon
3pVCnqg7COWlaodlNiJIZL,Remission (Reissue),2014-08-05,11,https://i.scdn.co/image/ab67616d0000b2736c8efe24edd3681ad84d2348,https://i.scdn.co/image/ab67616d00001e026c8efe24edd3681ad84d2348,1Dvfqq39HxvCJ3GvfeIFuT,metal,Mastodon
4p1bkpkuIvCn4MgXSd1790,Once More 'Round the Sun (Instrumentals),2014-06-17,11,https://i.scdn.co/image/ab67616d0000b273493756c00b2a1d430248a1e3,https://i.scdn.co/image/ab67616d00001e02493756c00b2a1d430248a1e3,1Dvfqq39HxvCJ3GvfeIFuT,metal,Mastodon
7AVYZBCf9w7L49zSnM9b3b,Live at Brixton,2013-12-06,24,https://i.scdn.co/image/ab67616d0000b2730c455f16349f1913cc0294bb,https://i.scdn.co/image/ab67616d00001e020c455f16349f1913cc0294bb,1Dvfqq39HxvCJ3GvfeIFuT,metal,Mastodon
7lObP1GanG65wToWzufQtq,The Hunter (Deluxe),2011-09-23,15,https://i.scdn.co/image/ab67616d0000b273090bf6eb240edb2e4531e8cd,https://i.scdn.co/image/ab67616d00001e02090bf6eb240edb2e4531e8cd,1Dvfqq39HxvCJ3GvfeIFuT,metal,Mastodon
1PadLnQYelMqqSlPbSEWZ1,The Hunter,2011-09-23,13,https://i.scdn.co/image/ab67616d0000b273b9b913d0200534d1befbc5cc,https://i.scdn.co/image/ab67616d00001e02b9b913d0200534d1befbc5cc,1Dvfqq39HxvCJ3GvfeIFuT,metal,Mastodon
6dxfv0ZqZqgkr47hgLcZ1r,Live at the Aragon,2011-03-08,12,https://i.scdn.co/image/ab67616d0000b273b4e24caefc38918ace4d53bf,https://i.scdn.co/image/ab67616d00001e02b4e24caefc38918ace4d53bf,1Dvfqq39HxvCJ3GvfeIFuT,metal,Mastodon
2cyPixuhzJiiOzTClfodlN,Crack the Skye,2009,14,https://i.scdn.co/image/ab67616d0000b273ec399c7ac47f4995c680cccc,https://i.scdn.co/image/ab67616d00001e02ec399c7ac47f4995c680cccc,1Dvfqq39HxvCJ3GvfeIFuT,metal,Mastodon
1n8QZFcwx5aQ2LIIlj0iYe,Blood Mountain,2006-09-08,12,https://i.scdn.co/image/ab67616d0000b273abe244c2bab281947c3209cc,https://i.scdn.co/image/ab67616d00001e02abe244c2bab281947c3209cc,1Dvfqq39HxvCJ3GvfeIFuT,metal,Mastodon
1jEzsqPzCsBtkdBOKseLy9,Call of the Mastodon,2006-02-07,9,https://i.scdn.co/image/ab67616d0000b2733a45ff3c448799bc8c7ce495,https://i.scdn.co/image/ab67616d00001e023a45ff3c448799bc8c7ce495,1Dvfqq39HxvCJ3GvfeIFuT,metal,Mastodon
6khFoLWnJZDQvZ7Pijym3b,Leviathan,2004-08-31,10,https://i.scdn.co/image/ab67616d0000b27300388d66c87c2c0033849bfd,https://i.scdn.co/image/ab67616d00001e0200388d66c87c2c0033849bfd,1Dvfqq39HxvCJ3GvfeIFuT,metal,Mastodon
1f2Q8urIhVZiuPSiNLcQG6,The Last Will And Testament,2024-11-22,8,https://i.scdn.co/image/ab67616d0000b273ece89e60032882668de62154,https://i.scdn.co/image/ab67616d00001e02ece89e60032882668de62154,0ybFZ2Ab08V8hueghSXm6E,metal,Opeth
56DLLCk0OfTGMufcotj6sW,In Cauda Venenum (Extended Edition),2022-05-13,26,https://i.scdn.co/image/ab67616d0000b2735b1cc6b7d18937f7e23863a8,https://i.scdn.co/image/ab67616d00001e025b1cc6b7d18937f7e23863a8,0ybFZ2Ab08V8hueghSXm6E,metal,Opeth
0fBV1SnQirBUv8qCofM7Yw,In Cauda Venenum (Swedish Version),2019-09-27,10,https://i.scdn.co/image/ab67616d0000b27319f27b21a7e6c037ae4cd951,https://i.scdn.co/image/ab67616d00001e0219f27b21a7e6c037ae4cd951,0ybFZ2Ab08V8hueghSXm6E,metal,Opeth
6I5pjqMNeeZmdoVpANIrSk,Garden of the Titans (Live at Red Rocks Amphitheatre),2018-11-02,10,https://i.scdn.co/image/ab67616d0000b273bd3a630c36a7f0204c8cf04b,https://i.scdn.co/image/ab67616d00001e02bd3a630c36a7f0204c8cf04b,0ybFZ2Ab08V8hueghSXm6E,metal,Opeth
5C9NGMglNH5vNC2bV1JqlU,Sorceress,2016-09-30,16,https://i.scdn.co/image/ab67616d0000b273ec3d724c16d01c68a8f1fedf,https://i.scdn.co/image/ab67616d00001e02ec3d724c16d01c68a8f1fedf,0ybFZ2Ab08V8hueghSXm6E,metal,Opeth
1hwMH9WoeNvvsH0KOiB994,Deliverance & Damnation Remixed,2015-10-30,14,https://i.scdn.co/image/ab67616d0000b27394ce7989fb9d7c35a0c1f77f,https://i.scdn.co/image/ab67616d00001e0294ce7989fb9d7c35a0c1f77f,0ybFZ2Ab08V8hueghSXm6E,metal,Opeth
0DLImjuzdrOBQKtYLlf3C5,Pale Communion,2014-08-25,8,https://i.scdn.co/image/ab67616d0000b27376e2eec5fd7f1b525772407b,https://i.scdn.co/image/ab67616d00001e0276e2eec5fd7f1b525772407b,0ybFZ2Ab08V8hueghSXm6E,metal,Opeth
2bVYeA0BEb0Rtj94ECaahK,Heritage (Special Edition),2011-09-20,12,https://i.scdn.co/image/ab67616d0000b2730b4b9822de5b1f274f994f5a,https://i.scdn.co/image/ab67616d00001e020b4b9822de5b1f274f994f5a,0ybFZ2Ab08V8hueghSXm6E,metal,Opeth
3lYZwB8YHVLhTlpIbGVn5p,In Live Concert at the Royal Albert Hall,2010-09-20,16,https://i.scdn.co/image/ab67616d0000b273dd3cfc0bb5d3ec03077bc867,https://i.scdn.co/image/ab67616d00001e02dd3cfc0bb5d3ec03077bc867,0ybFZ2Ab08V8hueghSXm6E,metal,Opeth
0fayDgcekIaW0yQtUQ8CDm,Watershed (Special Edition),2008-06-03,10,https://i.scdn.co/image/ab67616d0000b273e43bd4878a9915fad4587e63,https://i.scdn.co/image/ab67616d00001e02e43bd4878a9915fad4587e63,0ybFZ2Ab08V8hueghSXm6E,metal,Opeth
3U9TW9thOm1cyLBD0NEy3s,The Roundhouse Tapes,2007-11-05,9,https://i.scdn.co/image/ab67616d0000b273b1c498841d50d6c09771230d,https://i.scdn.co/image/ab67616d00001e02b1c498841d50d6c09771230d,0ybFZ2Ab08V8hueghSXm6E,metal,Opeth
74QPd1WqK8kTsVNtHdBzJ8,Ghost Reveries,2005-08-30,8,https://i.scdn.co/image/ab67616d0000b2731451fa8ef96932abd5a81791,https://i.scdn.co/image/ab67616d00001e021451fa8ef96932abd5a81791,0ybFZ2Ab08V8hueghSXm6E,metal,Opeth
3OVAiC95IzD4ZWlsvp9J4G,"Lamentations (Live at Shepherd's Bush Empire, London)",2003-07-22,15,https://i.scdn.co/image/ab67616d0000b2736bdef05a5f99fe5165ec7547,https://i.scdn.co/image/ab67616d00001e026bdef05a5f99fe5165ec7547,0ybFZ2Ab08V8hueghSXm6E,metal,Opeth
6TaVKA8OkhhGvrbxCtZPpy,Foregone (Bonus Edition),2024-02-09,13,https://i.scdn.co/image/ab67616d0000b273b42da327fef7175303311a11,https://i.scdn.co/image/ab67616d00001e02b42da327fef7175303311a11,57ylwQTnFnIhJh4nu4rxCs,metal,In Flames
1IqQ6UX3hzJLVXtRmui4w3,Foregone,2023-02-10,12,https://i.scdn.co/image/ab67616d0000b273d156aa78022844777cc51267,https://i.scdn.co/image/ab67616d00001e02d156aa78022844777cc51267,57ylwQTnFnIhJh4nu4rxCs,metal,In Flames
7tCnmn9QvojHgEDCWG6xXs,Clayman (20th Anniversary Edition),2020-08-28,16,https://i.scdn.co/image/ab67616d0000b273dc650f48e810d0d201fbe1fb,https://i.scdn.co/image/ab67616d00001e02dc650f48e810d0d201fbe1fb,57ylwQTnFnIhJh4nu4rxCs,metal,In Flames
1YO73oo4pHgdlCzAFozJsl,"I, The Mask (Arcade Version)",2020-03-06,12,https://i.scdn.co/image/ab67616d0000b273a559487ed0b661a0b724bfe3,https://i.scdn.co/image/ab67616d00001e02a559487ed0b661a0b724bfe3,57ylwQTnFnIhJh4nu4rxCs,metal,In Flames
3nE97EZ0zIx760XlDczMo7,"I, the Mask",2019-03-01,12,https://i.scdn.co/image/ab67616d0000b273d4b51feaef809a84e5e8327d,https://i.scdn.co/image/ab67616d00001e02d4b51feaef809a84e5e8327d,57ylwQTnFnIhJh4nu4rxCs,metal,In Flames
0quxU2moUfE6HGgrMg79PP,Battles,2016-11-11,14,https://i.scdn.co/image/ab67616d0000b2736ca1f45b8c823099a7f99e16,https://i.scdn.co/image/ab67616d00001e026ca1f45b8c823099a7f99e16,57ylwQTnFnIhJh4nu4rxCs,metal,In Flames
162eakeHR3XaiDd3svysPI,Sounds from the Heart of Gothenburg (Live),2016-09-23,20,https://i.scdn.co/image/ab67616d0000b2736bcaf68e21520b0ef8dcd30b,https://i.scdn.co/image/ab67616d00001e026bcaf68e21520b0ef8dcd30b,57ylwQTnFnIhJh4nu4rxCs,metal,In Flames
0FMCahFjaoqI2tnwljAfsj,Siren Charms,2014-09-09,13,https://i.scdn.co/image/ab67616d0000b27334fc5fba759349cd1e000b0b,https://i.scdn.co/image/ab67616d00001e0234fc5fba759349cd1e000b0b,57ylwQTnFnIhJh4nu4rxCs,metal,In Flames
12WYGQwbMFAVdVBFmXT4ny,Sounds Of A Playground Fading,2011-06-15,13,https://i.scdn.co/image/ab67616d0000b27305a0a629a962da34367822e5,https://i.scdn.co/image/ab67616d00001e0205a0a629a962da34367822e5,57ylwQTnFnIhJh4nu4rxCs,metal,In Flames
4gawnDNMLPfB4McPaWeO2d,A Sense of Purpose (The Mirror's Truth Version),2008-04-04,15,https://i.scdn.co/image/ab67616d0000b2730cc0e7621bf93b73ae65ceff,https://i.scdn.co/image/ab67616d00001e020cc0e7621bf93b73ae65ceff,57ylwQTnFnIhJh4nu4rxCs,metal,In Flames
2fLMg10IFuqgkmSlIAXjwu,Come Clarity,2006-02-03,13,https://i.scdn.co/image/ab67616d0000b2731909382b1294cd831759c14a,https://i.scdn.co/image/ab67616d00001e021909382b1294cd831759c14a,57ylwQTnFnIhJh4nu4rxCs,metal,In Flames
4WW5uij9yqNfAyc3QMzElB,Used and Abused (In Live We Trust),2005-06-18,23,https://i.scdn.co/image/ab67616d0000b27347f8c4cf035b10a5dd5344aa,https://i.scdn.co/image/ab67616d00001e0247f8c4cf035b10a5dd5344aa,57ylwQTnFnIhJh4nu4rxCs,metal,In Flames
62MmtzoCMy82PoeKb6TIVf,Soundtrack to Your Escape (The Quiet Place Version),2004,14,https://i.scdn.co/image/ab67616d0000b273ea8c7a717a063f8bbe4e6ead,https://i.scdn.co/image/ab67616d00001e02ea8c7a717a063f8bbe4e6ead,57ylwQTnFnIhJh4nu4rxCs,metal,In Flames
117ab5z5QEUV9YfvZi5Vij,Reroute To Remain,2002-09-03,17,https://i.scdn.co/image/ab67616d0000b273787593a5d345063b8071efbb,https://i.scdn.co/image/ab67616d00001e02787593a5d345063b8071efbb,57ylwQTnFnIhJh4nu4rxCs,metal,In Flames
7CSoBGjKrHNGedsBxg0l0d,The Tokyo Showdown (Live in Japan 2000),2001-09-04,15,https://i.scdn.co/image/ab67616d0000b273b98e12ec91674f1792983649,https://i.scdn.co/image/ab67616d00001e02b98e12ec91674f1792983649,57ylwQTnFnIhJh4nu4rxCs,metal,In Flames
6xGJmXBiu1afT8eN13KBOJ,Somewhere Far Beyond (Revisited),2024-08-02,10,https://i.scdn.co/image/ab67616d0000b273aba2d7f8ecbecb26747caa20,https://i.scdn.co/image/ab67616d00001e02aba2d7f8ecbecb26747caa20,7jxJ25p0pPjk0MStloN6o6,metal,Blind Guardian
7fCDX5XelfivOTrnPrcgsr,Somewhere Far Beyond (Live),2024-08-01,10,https://i.scdn.co/image/ab67616d0000b2730b6834ea5327dcdc6574053e,https://i.scdn.co/image/ab67616d00001e020b6834ea5327dcdc6574053e,7jxJ25p0pPjk0MStloN6o6,metal,Blind Guardian
4aoy2NnmDpWvjWi9taOHYe,The God Machine,2022-09-02,9,https://i.scdn.co/image/ab67616d0000b2730c3eaff078c9747ce842fad4,https://i.scdn.co/image/ab67616d00001e020c3eaff078c9747ce842fad4,7jxJ25p0pPjk0MStloN6o6,metal,Blind Guardian
2M1uYuTbWE57TuKNIfDDxa,Imaginations from the Other Side (Live),2020-12-11,9,https://i.scdn.co/image/ab67616d0000b2730a4d71d418ce177359c29a49,https://i.scdn.co/image/ab67616d00001e020a4d71d418ce177359c29a49,7jxJ25p0pPjk0MStloN6o6,metal,Blind Guardian
0q88tTqwCZL8bNyB5ukxj5,Legacy of the Dark Lands (No Interlude Version),2019-11-08,24,https://i.scdn.co/image/ab67616d0000b2730a80cf6723d24862484f5abf,https://i.scdn.co/image/ab67616d00001e020a80cf6723d24862484f5abf,7jxJ25p0pPjk0MStloN6o6,metal,Blind Guardian
6GshciducHDdLWxt0F3Ry7,Live Beyond the Spheres,2017-07-07,22,https://i.scdn.co/image/ab67616d0000b273e0c1ddd22f8189f5be977f81,https://i.scdn.co/image/ab67616d00001e02e0c1ddd22f8189f5be977f81,7jxJ25p0pPjk0MStloN6o6,metal,Blind Guardian
5QTcrJ2UrC9KhnN9xDWW2C,Beyond the Red Mirror,2015-01-30,11,https://i.scdn.co/image/ab67616d0000b273b19962dc466054cc2b8b4cb8,https://i.scdn.co/image/ab67616d00001e02b19962dc466054cc2b8b4cb8,7jxJ25p0pPjk0MStloN6o6,metal,Blind Guardian
1KpuPdS4ea7uaBdP0Ywryz,At the Edge of Time,2010-07-29,17,https://i.scdn.co/image/ab67616d0000b273f28d99b5fdcab91f1f939f56,https://i.scdn.co/image/ab67616d00001e02f28d99b5fdcab91f1f939f56,7jxJ25p0pPjk0MStloN6o6,metal,Blind Guardian
3GjjkSZj2zkZt6S2uj7lEs,A Twist in the Myth,2006-09-01,11,https://i.scdn.co/image/ab67616d0000b2734f6eddb1cccfab052909f1ee,https://i.scdn.co/image/ab67616d00001e024f6eddb1cccfab052909f1ee,7jxJ25p0pPjk0MStloN6o6,metal,Blind Guardian
1BNjypcP3A4KDkkUEwAEkL,Live,2003-05-20,22,https://i.scdn.co/image/ab67616d0000b273d6d530ddb07a89478805bd7e,https://i.scdn.co/image/ab67616d00001e02d6d530ddb07a89478805bd7e,7jxJ25p0pPjk0MStloN6o6,metal,Blind Guardian
38AEPlCWUaU4JOXcylCexR,A Night at the Opera (Remastered 2017),2002-02-25,10,https://i.scdn.co/image/ab67616d0000b2732d42baca54d9e6ad9ad3f77e,https://i.scdn.co/image/ab67616d00001e022d42baca54d9e6ad9ad3f77e,7jxJ25p0pPjk0MStloN6o6,metal,Blind Guardian
7EPGJTyG9MQ6gJWANmL4n3,Nightfall in Middle Earth (Remastered 2007),1998-04-28,23,https://i.scdn.co/image/ab67616d0000b2735e77d3ce3a4f7f382daaf46f,https://i.scdn.co/image/ab67616d00001e025e77d3ce3a4f7f382daaf46f,7jxJ25p0pPjk0MStloN6o6,metal,Blind Guardian
2uwqCETgOIwfA5BhuB1GGE,The Forgotten Tales (Remastered 2007),1996-04-16,16,https://i.scdn.co/image/ab67616d0000b2731f12bfa5b56baa6d3a7bdc1a,https://i.scdn.co/image/ab67616d00001e021f12bfa5b56baa6d3a7bdc1a,7jxJ25p0pPjk0MStloN6o6,metal,Blind Guardian
26B8ymdqbI7cBSGclGRy9w,Imaginations from the Other Side (Remastered 2007),1995-04-04,12,https://i.scdn.co/image/ab67616d0000b273db934a22709329b44786be3d,https://i.scdn.co/image/ab67616d00001e02db934a22709329b44786be3d,7jxJ25p0pPjk0MStloN6o6,metal,Blind Guardian
6e1Pj7h8mjxpx0DyaEXzkh,Tokyo Tales (Remastered 2007) [Live],1993-03-22,13,https://i.scdn.co/image/ab67616d0000b273e545576ebabdaf0c19a90e85,https://i.scdn.co/image/ab67616d00001e02e545576ebabdaf0c19a90e85,7jxJ25p0pPjk0MStloN6o6,metal,Blind Guardian
1OLRjNNIkMhGXRsAa3VSDD,Blood on Blood,2021-10-29,10,https://i.scdn.co/image/ab67616d0000b273f4ba226dfd687eaf5315c0c4,https://i.scdn.co/image/ab67616d00001e02f4ba226dfd687eaf5315c0c4,7954VFaZClkL503srfV5PE,metal,Running Wild
10dgMHUxjgLKR5FO0BHDXS,Port Royal (Expanded Version; 2017 Remaster),2017-08-11,14,https://i.scdn.co/image/ab67616d0000b27363ed79bb631289f7d4cb3444,https://i.scdn.co/image/ab67616d00001e0263ed79bb631289f7d4cb3444,7954VFaZClkL503srfV5PE,metal,Running Wild
5hczM4UQGudAZhNoq2xf5i,Rapid Foray,2016-08-26,11,https://i.scdn.co/image/ab67616d0000b273e6c25b906609a9035d8d72d5,https://i.scdn.co/image/ab67616d00001e02e6c25b906609a9035d8d72d5,7954VFaZClkL503srfV5PE,metal,Running Wild
44doMRDXfSuVNw7UjKyPOy,Resilient,2013-10-04,10,https://i.scdn.co/image/ab67616d0000b27359aff299863e928f3b1961ff,https://i.scdn.co/image/ab67616d00001e0259aff299863e928f3b1961ff,7954VFaZClkL503srfV5PE,metal,Running Wild
4nWouEZjo09ziipGXBW1c6,Shadowmaker,2012-04-20,10,https://i.scdn.co/image/ab67616d0000b27302b9432fcd375bf4b8e01061,https://i.scdn.co/image/ab67616d00001e0202b9432fcd375bf4b8e01061,7954VFaZClkL503srfV5PE,metal,Running Wild
0R86MoRhg0gqxxBaDcUCKg,Rogues En Vogue,2005-02-14,13,https://i.scdn.co/image/ab67616d0000b27319a36730b98d4d50cf6f5dcc,https://i.scdn.co/image/ab67616d00001e0219a36730b98d4d50cf6f5dcc,7954VFaZClkL503srfV5PE,metal,Running Wild
2zl60YaCa1o8pYnRNM8UrT,Live,2002-11-18,19,https://i.scdn.co/image/ab67616d0000b2738ce1e8645dec73c9668fdd9c,https://i.scdn.co/image/ab67616d00001e028ce1e8645dec73c9668fdd9c,7954VFaZClkL503srfV5PE,metal,Running Wild
6wJmGkRnXiWqhjJmBwUbFe,The Brotherhood,2002-02-25,12,https://i.scdn.co/image/ab67616d0000b273426906d2997e0bfa579e482f,https://i.scdn.co/image/ab67616d00001e02426906d2997e0bfa579e482f,7954VFaZClkL503srfV5PE,metal,Running Wild
0mbPUSSMZoErpmZ1oxYKgG,Victory,1999-11-19,12,https://i.scdn.co/image/ab67616d0000b273728bd8491644d95a435df54c,https://i.scdn.co/image/ab67616d00001e02728bd8491644d95a435df54c,7954VFaZClkL503srfV5PE,metal,Running Wild
6n35mrnIONjRyhyPNrEWHI,The Rivalry,1998-01-21,13,https://i.scdn.co/image/ab67616d0000b2736693314c94a239c1ff8a69a4,https://i.scdn.co/image/ab67616d00001e026693314c94a239c1ff8a69a4,7954VFaZClkL503srfV5PE,metal,Running Wild
3zAxwbBtZlYiGAldcsvqNr,Masquerade,1995-10-30,13,https://i.scdn.co/image/ab67616d0000b273f01e09b771c37ed2bef1cd24,https://i.scdn.co/image/ab67616d00001e02f01e09b771c37ed2bef1cd24,7954VFaZClkL503srfV5PE,metal,Running Wild
3AMx69w417iJttC13DmkW6,Black Hand Inn,1994-03-24,13,https://i.scdn.co/image/ab67616d0000b2733f3462daf7cccc0484471355,https://i.scdn.co/image/ab67616d00001e023f3462daf7cccc0484471355,7954VFaZClkL503srfV5PE,metal,Running Wild
6kNQRspupUAcIXW2DYi60E,Pile of Skulls,1992-11-05,15,https://i.scdn.co/image/ab67616d0000b273355e19c138845082003d394c,https://i.scdn.co/image/ab67616d00001e02355e19c138845082003d394c,7954VFaZClkL503srfV5PE,metal,Running Wild
0B8IU9w8Dk2d8isQVpfc3g,Blazon Stone,1991-04-04,13,https://i.scdn.co/image/ab67616d0000b2739a82f644ad01448ee71febee,https://i.scdn.co/image/ab67616d00001e029a82f644ad01448ee71febee,7954VFaZClkL503srfV5PE,metal,Running Wild
2FBy6IPskJmTVYCApkJr4A,Ready for Boarding (Live - Expanded Edition),1988-02-22,20,https://i.scdn.co/image/ab67616d0000b2736e87def5c4721ba18f271b9d,https://i.scdn.co/image/ab67616d00001e026e87def5c4721ba18f271b9d,7954VFaZClkL503srfV5PE,metal,Running Wild
0sYsti82VA37zLESxDYVsm,Wildlive (Live at Olympiahalle) [Deluxe Version],2026-02-13,39,https://i.scdn.co/image/ab67616d0000b2732444553f20aada2cf7206d77,https://i.scdn.co/image/ab67616d00001e022444553f20aada2cf7206d77,5HFkc3t0HYETL4JeEbDB1v,metal,Powerwolf
41XrkRQLSBThNGddZTKxiN,Wake Up The Wicked (Deluxe Version),2024-07-26,33,https://i.scdn.co/image/ab67616d0000b273130fddfb4e4da4e5e83dd829,https://i.scdn.co/image/ab67616d00001e02130fddfb4e4da4e5e83dd829,5HFkc3t0HYETL4JeEbDB1v,metal,Powerwolf
6JuXZC4nTM9iFMeMA4KAbo,Interludium (Deluxe Version),2023-04-07,27,https://i.scdn.co/image/ab67616d0000b27384cb47fd1129b6cb0d386d02,https://i.scdn.co/image/ab67616d00001e0284cb47fd1129b6cb0d386d02,5HFkc3t0HYETL4JeEbDB1v,metal,Powerwolf
1VVRLSJkxN94viXp3LY7ck,Missa Cantorem II,2022-11-11,11,https://i.scdn.co/image/ab67616d0000b2732570a4d9914626277b72ff92,https://i.scdn.co/image/ab67616d00001e022570a4d9914626277b72ff92,5HFkc3t0HYETL4JeEbDB1v,metal,Powerwolf
2ry6J6R3m8Uwvrxa4PVms0,The Monumental Mass: a Cinematic Metal Event,2022-07-08,22,https://i.scdn.co/image/ab67616d0000b2739ce7d1b02585b3450591c564,https://i.scdn.co/image/ab67616d00001e029ce7d1b02585b3450591c564,5HFkc3t0HYETL4JeEbDB1v,metal,Powerwolf
66oWI7663qbrniBdt7DMyd,Hallowed Be the Holy Ground: Live at Wacken 2019,2022-07-08,13,https://i.scdn.co/image/ab67616d0000b273c72dff0a2e8fac580d01b28b,https://i.scdn.co/image/ab67616d00001e02c72dff0a2e8fac580d01b28b,5HFkc3t0HYETL4JeEbDB1v,metal,Powerwolf
4HXjHgGvJspZ6jPGznVFn0,Missa Cantorem I,2021-07-16,10,https://i.scdn.co/image/ab67616d0000b273d595e3107479888265f5eff0,https://i.scdn.co/image/ab67616d00001e02d595e3107479888265f5eff0,5HFkc3t0HYETL4JeEbDB1v,metal,Powerwolf
4yt6KefVILaA6DqhjxmCP3,Call of the Wild,2021-07-16,11,https://i.scdn.co/image/ab67616d0000b273d052cfaeed202999667fac31,https://i.scdn.co/image/ab67616d00001e02d052cfaeed202999667fac31,5HFkc3t0HYETL4JeEbDB1v,metal,Powerwolf
4NXUfOL0Y0GFCyIivAhJUu,Best of the Blessed (Deluxe Version),2020-07-03,34,https://i.scdn.co/image/ab67616d0000b273a3c523f5b9bf8f0ba277b85c,https://i.scdn.co/image/ab67616d00001e02a3c523f5b9bf8f0ba277b85c,5HFkc3t0HYETL4JeEbDB1v,metal,Powerwolf
2t3dociTSaDTmqIlN21rmC,The Sacrament of Sin,2018-07-20,11,https://i.scdn.co/image/ab67616d0000b273064589708ddc4c64e220950e,https://i.scdn.co/image/ab67616d00001e02064589708ddc4c64e220950e,5HFkc3t0HYETL4JeEbDB1v,metal,Powerwolf
6aRm0HbA6MhQAe9Jwq1xWc,The Symphony of Sin,2018,12,https://i.scdn.co/image/ab67616d0000b27368a334af7e86760c2d693784,https://i.scdn.co/image/ab67616d00001e0268a334af7e86760c2d693784,5HFkc3t0HYETL4JeEbDB1v,metal,Powerwolf
0EnHdbrlB04viSHymy9RVm,Warriors Of The Sea,2025-10-24,10,https://i.scdn.co/image/ab67616d0000b2735370b7af76c904ab0d7f9f4f,https://i.scdn.co/image/ab67616d00001e025370b7af76c904ab0d7f9f4f,5GLeyUhj8B8f5pJxqZllKl,metal,Doro
4wipTcBmFnzGXk6yC98810,Conqueress - Forever Strong And Proud,2023-10-27,15,https://i.scdn.co/image/ab67616d0000b273311bef0b0d3f902208897dd8,https://i.scdn.co/image/ab67616d00001e02311bef0b0d3f902208897dd8,5GLeyUhj8B8f5pJxqZllKl,metal,Doro
68ivObWMoCXNaW6i1at48c,Warlock - Triumph and Agony Live,2021-09-24,11,https://i.scdn.co/image/ab67616d0000b273c5253905ebc6af8463b36199,https://i.scdn.co/image/ab67616d00001e02c5253905ebc6af8463b36199,5GLeyUhj8B8f5pJxqZllKl,metal,Doro
4Ximzrnksqi1ZttRAXbge6,Forever Warriors / / Forever United,2018-08-17,25,https://i.scdn.co/image/ab67616d0000b27385a906480e9390c794d17e13,https://i.scdn.co/image/ab67616d00001e0285a906480e9390c794d17e13,5GLeyUhj8B8f5pJxqZllKl,metal,Doro
6iCwPrhomEOOKwAcp3yh2p,Für Immer,2017-10-27,19,https://i.scdn.co/image/ab67616d0000b27366a9ca31e9097f9fc97c34e7,https://i.scdn.co/image/ab67616d00001e0266a9ca31e9097f9fc97c34e7,5GLeyUhj8B8f5pJxqZllKl,metal,Doro
3PwlEsW83hixGSSKGWODnJ,Strong and Proud,2016-06-24,14,https://i.scdn.co/image/ab67616d0000b2734f88bb4bc6d8ab1cf14dce76,https://i.scdn.co/image/ab67616d00001e024f88bb4bc6d8ab1cf14dce76,5GLeyUhj8B8f5pJxqZllKl,metal,Doro
3yssbblyT74O1puto7i3EO,Live From Camden Palace,2016-01-01,13,https://i.scdn.co/image/ab67616d0000b27333ed2339db21556fd6271840,https://i.scdn.co/image/ab67616d00001e0233ed2339db21556fd6271840,5GLeyUhj8B8f5pJxqZllKl,metal,Doro
2OuSFMY8QJj39xhAbNwzuN,Powerful Passionate Favorites,2014-05-02,9,https://i.scdn.co/image/ab67616d0000b273d5637c1d2ca201520584d270,https://i.scdn.co/image/ab67616d00001e02d5637c1d2ca201520584d270,5GLeyUhj8B8f5pJxqZllKl,metal,Doro
1e081hal6fBnPiWDFzou2p,Fight,2013-10-25,17,https://i.scdn.co/image/ab67616d0000b273a06006a186975a9b963b678f,https://i.scdn.co/image/ab67616d00001e02a06006a186975a9b963b678f,5GLeyUhj8B8f5pJxqZllKl,metal,Doro
0sWomQG0Y7uJnmXkdhsoMe,Calling the Wild,2013-10-25,26,https://i.scdn.co/image/ab67616d0000b27320e5d35d6549f4372bf04002,https://i.scdn.co/image/ab67616d00001e0220e5d35d6549f4372bf04002,5GLeyUhj8B8f5pJxqZllKl,metal,Doro
5ulwqQF3ETu58GcVA3BDnT,Raise Your Fist,2012-10-19,17,https://i.scdn.co/image/ab67616d0000b27339b932ad2897c7d57de8ce5f,https://i.scdn.co/image/ab67616d00001e0239b932ad2897c7d57de8ce5f,5GLeyUhj8B8f5pJxqZllKl,metal,Doro
4AyzbXW59SyPLj2BQ6OchO,25 Years in Rock (Live),2010-11-26,11,https://i.scdn.co/image/ab67616d0000b273960e86573cb82cd2618ca2f5,https://i.scdn.co/image/ab67616d00001e02960e86573cb82cd2618ca2f5,5GLeyUhj8B8f5pJxqZllKl,metal,Doro
4Ff5GaBRB2ZvtQuoCHvnwS,Fear No Evil,2009-01-30,13,https://i.scdn.co/image/ab67616d0000b273c31e7189a5900ea8c1a779a6,https://i.scdn.co/image/ab67616d00001e02c31e7189a5900ea8c1a779a6,5GLeyUhj8B8f5pJxqZllKl,metal,Doro
3cVStkNBMrJ1jsBdTzeuBc,Warrior Soul,2006-03-24,14,https://i.scdn.co/image/ab67616d0000b2735ab97c6bc8ead4f0bc5b6485,https://i.scdn.co/image/ab67616d00001e025ab97c6bc8ead4f0bc5b6485,5GLeyUhj8B8f5pJxqZllKl,metal,Doro
3VNC0vM0IjI2h9IAkPgm9K,Classic Diamonds,2004-09-20,15,https://i.scdn.co/image/ab67616d0000b273b656ac7f4eac35f23d69ce5d,https://i.scdn.co/image/ab67616d00001e02b656ac7f4eac35f23d69ce5d,5GLeyUhj8B8f5pJxqZllKl,metal,Doro
2rg2G2ES20fSBBrXquoEUI,"Lost Not Forgotten Archives: Live In Tokyo, 2010",2026-03-13,6,https://i.scdn.co/image/ab67616d0000b27369ed289f26a494e0a2ed260e,https://i.scdn.co/image/ab67616d00001e0269ed289f26a494e0a2ed260e,2aaLAng2L2aWD2FClzwiep,metal,Dream Theater
0VIr9Gyc0xkTFfAf18iPRB,Quarantième: Live à Paris,2025-11-28,19,https://i.scdn.co/image/ab67616d0000b273514a367ff26d75741cc174c9,https://i.scdn.co/image/ab67616d00001e02514a367ff26d75741cc174c9,2aaLAng2L2aWD2FClzwiep,metal,Dream Theater
0ER7sdwIe6mfM63TbWcHmd,Parasomnia,2025-02-07,8,https://i.scdn.co/image/ab67616d0000b2731ba3cfbc1cabb6f3211744a3,https://i.scdn.co/image/ab67616d00001e021ba3cfbc1cabb6f3211744a3,2aaLAng2L2aWD2FClzwiep,metal,Dream Theater
6OGUNLkcuSC3fGWcR2Ghut,Reflecting The Mystery (Live),2024-11-13,12,https://i.scdn.co/image/ab67616d0000b2736d99f063de6afbcc1e8e2b69,https://i.scdn.co/image/ab67616d00001e026d99f063de6afbcc1e8e2b69,2aaLAng2L2aWD2FClzwiep,metal,Dream Theater
5kCJEnrauoWbHJubC2AKJH,Euphoria (Live 1993),2022-05-12,11,https://i.scdn.co/image/ab67616d0000b27384df495cc5388ff20c20e153,https://i.scdn.co/image/ab67616d00001e0284df495cc5388ff20c20e153,2aaLAng2L2aWD2FClzwiep,metal,Dream Theater
4XFRfSN2dx5mKaZwMaTad0,Lost Not Forgotten Archives: The Majesty Demos (1985-1986),2022-01-21,23,https://i.scdn.co/image/ab67616d0000b273f0b2ff21d748582ca50c7778,https://i.scdn.co/image/ab67616d00001e02f0b2ff21d748582ca50c7778,2aaLAng2L2aWD2FClzwiep,metal,Dream Theater
5eukDoHISjksEavVxVKcXn,A View From The Top Of The World,2021-10-22,7,https://i.scdn.co/image/ab67616d0000b27373737b621ec7ce4a78da7a74,https://i.scdn.co/image/ab67616d00001e0273737b621ec7ce4a78da7a74,2aaLAng2L2aWD2FClzwiep,metal,Dream Theater
1vh3fsDzq7UevW5TS3DbIo,Distant Memories - Live in London (Bonus Track Edition),2020-11-27,21,https://i.scdn.co/image/ab67616d0000b2732cb7b54632de0db2172e4e0a,https://i.scdn.co/image/ab67616d00001e022cb7b54632de0db2172e4e0a,2aaLAng2L2aWD2FClzwiep,metal,Dream Theater
74Wn2DIhVl6RlGHCAvrh21,Lost Not Forgotten Archives: Live in Berlin (2019),2019-06-27,10,https://i.scdn.co/image/ab67616d0000b27337709eddd85ca7e072f90358,https://i.scdn.co/image/ab67616d00001e0237709eddd85ca7e072f90358,2aaLAng2L2aWD2FClzwiep,metal,Dream Theater
1sRDi0MSGOy91fHhcpXIu4,Distance Over Time (Bonus track version),2019-02-22,10,https://i.scdn.co/image/ab67616d0000b2730762477195a441c14cff41d1,https://i.scdn.co/image/ab67616d00001e020762477195a441c14cff41d1,2aaLAng2L2aWD2FClzwiep,metal,Dream Theater
3813UgywzpXjMYQiWyb859,Lost Not Forgotten Archives: Distance Over Time Demos (2018),2018-06-01,10,https://i.scdn.co/image/ab67616d0000b273cd9e10f461caebac1db7c6f2,https://i.scdn.co/image/ab67616d00001e02cd9e10f461caebac1db7c6f2,2aaLAng2L2aWD2FClzwiep,metal,Dream Theater
5vG3r0Cdc05CnJMO5VQe5B,"Lost Not Forgotten Archives: Images and Words - Live in Japan, 2017",2017-09-11,8,https://i.scdn.co/image/ab67616d0000b273bf4de7a4aa7ea87c5c03af8e,https://i.scdn.co/image/ab67616d00001e02bf4de7a4aa7ea87c5c03af8e,2aaLAng2L2aWD2FClzwiep,metal,Dream Theater
3uIx4pdT3EB6ecuP8CbnJO,"Lost Not Forgotten Archives: ...and Beyond - Live in Japan, 2017",2017-09-11,8,https://i.scdn.co/image/ab67616d0000b273f8662236d967826badfe2f19,https://i.scdn.co/image/ab67616d00001e02f8662236d967826badfe2f19,2aaLAng2L2aWD2FClzwiep,metal,Dream Theater
6SRlWxC7lMPu2qlwOMslrk,The Astonishing,2016-01-29,34,https://i.scdn.co/image/ab67616d0000b27349698f332496ff5cc337887c,https://i.scdn.co/image/ab67616d00001e0249698f332496ff5cc337887c,2aaLAng2L2aWD2FClzwiep,metal,Dream Theater
55NleCFUH8QxQlpcE2dIyW,Lost Not Forgotten Archives: Live at Wacken (2015),2015-07-31,8,https://i.scdn.co/image/ab67616d0000b273690c73a43490d7cc25bcfbe3,https://i.scdn.co/image/ab67616d00001e02690c73a43490d7cc25bcfbe3,2aaLAng2L2aWD2FClzwiep,metal,Dream Theater
1sHMjyiGdk6o8Y0WwUDLOL,"""076 Classical Discoveries"": Sea Chants",2026-04-28,76,https://i.scdn.co/image/ab67616d0000b2738495de071cb597aa9dd6d5aa,https://i.scdn.co/image/ab67616d00001e028495de071cb597aa9dd6d5aa,2wOqMjp9TyABvtHdOSOTUS,classical,Ludwig van Beethoven
0Gn3TQ1bek5mN9ZBUlDByl,"Beethoven: Violin Concerto, 2 Romances",2026-04-27,5,https://i.scdn.co/image/ab67616d0000b273ad7c804325e37a9068b0ee28,https://i.scdn.co/image/ab67616d00001e02ad7c804325e37a9068b0ee28,2wOqMjp9TyABvtHdOSOTUS,classical,Ludwig van Beethoven
4lyFDg930YsF1bu2N3urc8,"""073 Classical Discoveries"": La Jongleuse",2026-04-27,73,https://i.scdn.co/image/ab67616d0000b273a5de3d0a261fa97a3e2c5146,https://i.scdn.co/image/ab67616d00001e02a5de3d0a261fa97a3e2c5146,2wOqMjp9TyABvtHdOSOTUS,classical,Ludwig van Beethoven
181RdWNsQuGn9MwSsYK4by,"""'A Classical Palette: Bach, Mozart & more""",2026-04-27,80,https://i.scdn.co/image/ab67616d0000b27392d075bab11102f3e1c00b5f,https://i.scdn.co/image/ab67616d00001e0292d075bab11102f3e1c00b5f,2wOqMjp9TyABvtHdOSOTUS,classical,Ludwig van Beethoven
2GmxYJ9ckok96is4Yo4Wl9,"""081 Classical Discoveries"": Enigma",2026-04-26,81,https://i.scdn.co/image/ab67616d0000b273dfdaa80dd4ca5fde06b5b0fb,https://i.scdn.co/image/ab67616d00001e02dfdaa80dd4ca5fde06b5b0fb,2wOqMjp9TyABvtHdOSOTUS,classical,Ludwig van Beethoven
6MJicAndHlReqBgfw8nMyO,"""'Painted Landscapes: Classical Works""",2026-04-26,80,https://i.scdn.co/image/ab67616d0000b273f8d64b840a93503996a79edd,https://i.scdn.co/image/ab67616d00001e02f8d64b840a93503996a79edd,2wOqMjp9TyABvtHdOSOTUS,classical,Ludwig van Beethoven
22YUdtYMKjdK7ABBBQ5fO1,"""'Gloriosa"": Classical Flowers",2026-04-25,80,https://i.scdn.co/image/ab67616d0000b2731633df6863ef4721c9cf3b1b,https://i.scdn.co/image/ab67616d00001e021633df6863ef4721c9cf3b1b,2wOqMjp9TyABvtHdOSOTUS,classical,Ludwig van Beethoven
17QNIlIqaHZB7B5zT6E23H,"""Beethoven & More"" - Kolesnikov",2026-04-24,76,https://i.scdn.co/image/ab67616d0000b2730252d2b6f920976444d62652,https://i.scdn.co/image/ab67616d00001e020252d2b6f920976444d62652,2wOqMjp9TyABvtHdOSOTUS,classical,Ludwig van Beethoven
3zw3zBAScCn2bb2PDWQMCl,"""'Amaryllis"" - Classical Flowers",2026-04-24,80,https://i.scdn.co/image/ab67616d0000b2736e89451514504f0695740a29,https://i.scdn.co/image/ab67616d00001e026e89451514504f0695740a29,2wOqMjp9TyABvtHdOSOTUS,classical,Ludwig van Beethoven
1QTtH5ciCF4vUBZQBMifbG,"""Pastoral Impressions: Classical Works""",2026-04-23,80,https://i.scdn.co/image/ab67616d0000b27332bb1435a5b1848e613a409c,https://i.scdn.co/image/ab67616d00001e0232bb1435a5b1848e613a409c,2wOqMjp9TyABvtHdOSOTUS,classical,Ludwig van Beethoven
6nBJ7eJ09wrIqyZH6JQL1W,"""073 Classical Music Discoveries"": Hark",2026-04-23,61,https://i.scdn.co/image/ab67616d0000b27394ecd340a876d4ef5ea7207e,https://i.scdn.co/image/ab67616d00001e0294ecd340a876d4ef5ea7207e,2wOqMjp9TyABvtHdOSOTUS,classical,Ludwig van Beethoven
03FYLiU2inKXo8gzQrihHH,"""Nocturne in the Woods: Classical Works""",2026-04-22,80,https://i.scdn.co/image/ab67616d0000b273b62ea95532c8524d4ed367ef,https://i.scdn.co/image/ab67616d00001e02b62ea95532c8524d4ed367ef,2wOqMjp9TyABvtHdOSOTUS,classical,Ludwig van Beethoven
6Nb6GILpRDfPKXSGhXZGqQ,"""A Classical Capriccio: Bach, Mozart & more""",2026-04-19,80,https://i.scdn.co/image/ab67616d0000b273fe3f202f754e4e1e00195e0b,https://i.scdn.co/image/ab67616d00001e02fe3f202f754e4e1e00195e0b,2wOqMjp9TyABvtHdOSOTUS,classical,Ludwig van Beethoven
2XzwA0LvooRpsqyvFsGWQg,Herbert von Karajan conducts Beethoven,2026-04-18,29,https://i.scdn.co/image/ab67616d0000b27312eb1c9f127d4eba1ca4dd2b,https://i.scdn.co/image/ab67616d00001e0212eb1c9f127d4eba1ca4dd2b,2wOqMjp9TyABvtHdOSOTUS,classical,Ludwig van Beethoven
1xBnDExvtnbvxw3e28wcjl,"""Piano Miniatures"": Works by Mozart & More",2026-04-18,80,https://i.scdn.co/image/ab67616d0000b273c951865056c21edf5fc6089f,https://i.scdn.co/image/ab67616d00001e02c951865056c21edf5fc6089f,2wOqMjp9TyABvtHdOSOTUS,classical,Ludwig van Beethoven
2mcSVeKqmLjQnDck2Eijan,Musiques de cinéma,2026-04-24,19,https://i.scdn.co/image/ab67616d0000b2737709fa2a2132c393cbbe5e74,https://i.scdn.co/image/ab67616d00001e027709fa2a2132c393cbbe5e74,4NJhFmfw43RLBLjQvxDuRS,classical,Wolfgang Amadeus Mozart
2fkHOjSKIiMvoIoUmqpPnC,Mozart: String Quintets Nos. 1 & 4,2026-04-24,10,https://i.scdn.co/image/ab67616d0000b273e24b680005855506dabc2b33,https://i.scdn.co/image/ab67616d00001e02e24b680005855506dabc2b33,4NJhFmfw43RLBLjQvxDuRS,classical,Wolfgang Amadeus Mozart
0VKS0gT016Sb6CVvTKdtS3,Mozart: Piano Concertos 10 & 24,2026-04-24,6,https://i.scdn.co/image/ab67616d0000b273994a6e143d4b36c1e398bc54,https://i.scdn.co/image/ab67616d00001e02994a6e143d4b36c1e398bc54,4NJhFmfw43RLBLjQvxDuRS,classical,Wolfgang Amadeus Mozart
13LxwNoPCyd5wykwICtRZS,"Mozart: Complete Works for Clarinet, Vol. 2",2026-04-24,6,https://i.scdn.co/image/ab67616d0000b273fd112ca5647799438ceaaa03,https://i.scdn.co/image/ab67616d00001e02fd112ca5647799438ceaaa03,4NJhFmfw43RLBLjQvxDuRS,classical,Wolfgang Amadeus Mozart
7bosJ7jsZgKPl6uT9Sh4Xl,Centenary of HM Queen Elizabeth II: 100 songs for 100 years,2026-04-19,100,https://i.scdn.co/image/ab67616d0000b273a800b6f35a82cd222f8596cf,https://i.scdn.co/image/ab67616d00001e02a800b6f35a82cd222f8596cf,4NJhFmfw43RLBLjQvxDuRS,classical,Wolfgang Amadeus Mozart
2sMZaZAOPfTQhi5re2jkTr,In Memory: Ruth Slenczynska,2026-04-25,80,https://i.scdn.co/image/ab67616d0000b2737e23412704d7396d7d4c4545,https://i.scdn.co/image/ab67616d00001e027e23412704d7396d7d4c4545,5aIqB5nVVvmFsvSdExz408,classical,Johann Sebastian Bach
085mDWYlEBUk6HW0sUYx2A,Goldberg Variations BWV 988 of J.S. Bach (Remastered),2026-04-25,32,https://i.scdn.co/image/ab67616d0000b273a8a430b6be75ccab0ba58b71,https://i.scdn.co/image/ab67616d00001e02a8a430b6be75ccab0ba58b71,5aIqB5nVVvmFsvSdExz408,classical,Johann Sebastian Bach
2mKWlVbOOubHmj6n2s2czx,J.S. Bach: Sonatas for Viola da Gamba,2026-04-24,14,https://i.scdn.co/image/ab67616d0000b273d11b7f026feb7786368cf221,https://i.scdn.co/image/ab67616d00001e02d11b7f026feb7786368cf221,5aIqB5nVVvmFsvSdExz408,classical,Johann Sebastian Bach
4HAf6ayYq0hCXmw00yqiYo,Chopin: Complete Piano Concertos,2026-04-24,6,https://i.scdn.co/image/ab67616d0000b273ce53883bcd1a8b642479f9f8,https://i.scdn.co/image/ab67616d00001e02ce53883bcd1a8b642479f9f8,7y97mc3bZRFXzT2szRM4L4,classical,Frédéric Chopin
22GU9hqdIEaWqkAk5wcBaW,"""Camellia"": Classical Flowers",2026-04-17,80,https://i.scdn.co/image/ab67616d0000b27319ff40ce8c577b434c5e8e49,https://i.scdn.co/image/ab67616d00001e0219ff40ce8c577b434c5e8e49,3MKCzCnpzw3TjUYs2v7vDA,classical,Pyotr Ilyich Tchaikovsky
2I9uemu47lxbbHhRpM0sah,"""A Waltz in the Garden: Classical Masterpieces""",2026-04-16,80,https://i.scdn.co/image/ab67616d0000b273cb1805bd3690983a09025b93,https://i.scdn.co/image/ab67616d00001e02cb1805bd3690983a09025b93,3MKCzCnpzw3TjUYs2v7vDA,classical,Pyotr Ilyich Tchaikovsky
25ZJZttsBFKPprUW1yINOb,"""Horizon in Harmony: Classical Masterpieces""",2026-04-15,80,https://i.scdn.co/image/ab67616d0000b2734b621b75f46f56512d70d6a4,https://i.scdn.co/image/ab67616d00001e024b621b75f46f56512d70d6a4,3MKCzCnpzw3TjUYs2v7vDA,classical,Pyotr Ilyich Tchaikovsky
7a7N3FOHQ8p76r62VNZ3EU,"""Spring Reverie - A Classical Season""",2026-04-13,80,https://i.scdn.co/image/ab67616d0000b273bffbcfd539e6f700fc1507d2,https://i.scdn.co/image/ab67616d00001e02bffbcfd539e6f700fc1507d2,1Uff91EOsvd99rtAupatMP,classical,Claude Debussy
1aDoTayKySYxcwji06WNxN,"""Spring Night Serenade: Bach, Mozart & more""",2026-04-12,80,https://i.scdn.co/image/ab67616d0000b2733e2358896331185bfe2375c3,https://i.scdn.co/image/ab67616d00001e023e2358896331185bfe2375c3,1Uff91EOsvd99rtAupatMP,classical,Claude Debussy
2L7BnX8NUqlb4N8IiDh8K0,"Schubert: Piano Trios, Op. 99 & 100",2026-04-24,13,https://i.scdn.co/image/ab67616d0000b273d4d63f6204d79595641a31fb,https://i.scdn.co/image/ab67616d00001e02d4d63f6204d79595641a31fb,2p0UyoPfYfI76PCStuXfOP,classical,Franz Schubert
2KEB1zZRrtpj2xUbeTlLiI,Irrlichter - Songs by Franz Schubert,2026-04-24,13,https://i.scdn.co/image/ab67616d0000b27339c7a76ffc6c080ca7335c2e,https://i.scdn.co/image/ab67616d00001e0239c7a76ffc6c080ca7335c2e,2p0UyoPfYfI76PCStuXfOP,classical,Franz Schubert
0ymMJI1K9LLyTGkiZ7iiiB,Schubert: Hoffnung,2026-04-17,20,https://i.scdn.co/image/ab67616d0000b2735ce743bf5c5edbefadff5e93,https://i.scdn.co/image/ab67616d00001e025ce743bf5c5edbefadff5e93,2p0UyoPfYfI76PCStuXfOP,classical,Franz Schubert
3i12rxzH9hpSTQbhHX9Xld,Spring Classics by Chandos,2026-04-10,23,https://i.scdn.co/image/ab67616d0000b273e0431100b23ff36949098ec4,https://i.scdn.co/image/ab67616d00001e02e0431100b23ff36949098ec4,2p0UyoPfYfI76PCStuXfOP,classical,Franz Schubert
0csnTVJiL6lWMm7KqpKDY4,Schubert: The Testament,2026-04-10,8,https://i.scdn.co/image/ab67616d0000b273fd17638c8429159c2205b10c,https://i.scdn.co/image/ab67616d00001e02fd17638c8429159c2205b10c,2p0UyoPfYfI76PCStuXfOP,classical,Franz Schubert
6w3NKI4i5i47iMRR5tOd8W,Vivaldi 100. 13 Violin Concertos,2026-04-24,39,https://i.scdn.co/image/ab67616d0000b2738080ec73a9c8598fffa6fc72,https://i.scdn.co/image/ab67616d00001e028080ec73a9c8598fffa6fc72,2QOIawHpSlOwXDvSqQ9YJR,classical,Antonio Vivaldi
3B5f174XScFJeRw91HhW4K,This is Vivaldi,2026-04-24,140,https://i.scdn.co/image/ab67616d0000b2738dee2b1104e5e6670d7843bf,https://i.scdn.co/image/ab67616d00001e028dee2b1104e5e6670d7843bf,2QOIawHpSlOwXDvSqQ9YJR,classical,Antonio Vivaldi
0PawBkA4uILorWxCznhj8U,"Ein deutsches Requiem, Op. 45 (Arrangement for chamber orchestra by Joachim Linckelmann)",2026-04-24,7,https://i.scdn.co/image/ab67616d0000b273271e6325209747c047839262,https://i.scdn.co/image/ab67616d00001e02271e6325209747c047839262,5wTAi7QkpP6kp8a54lmTOq,classical,Johannes Brahms
4WKtQwODUcfAZveyFqsuAp,Brahms Solo Piano Works,2026-04-24,13,https://i.scdn.co/image/ab67616d0000b2731ba662d329c8a99bf46ac9ad,https://i.scdn.co/image/ab67616d00001e021ba662d329c8a99bf46ac9ad,5wTAi7QkpP6kp8a54lmTOq,classical,Johannes Brahms
67NWKDCBG6wUQYxUY9YBrd,Brahms,2026-04-24,33,https://i.scdn.co/image/ab67616d0000b273c30c99c13e08ca42236a35e5,https://i.scdn.co/image/ab67616d00001e02c30c99c13e08ca42236a35e5,5wTAi7QkpP6kp8a54lmTOq,classical,Johannes Brahms
2iL8bT1YNYOJrG2z4OPFUT,Symphony No. 9 in D Major,2026-04-24,4,https://i.scdn.co/image/ab67616d0000b2739820819e5c1964fa7f12b17c,https://i.scdn.co/image/ab67616d00001e029820819e5c1964fa7f12b17c,2ANtgfhQkKpsW6EYSDqldz,classical,Gustav Mahler
2JnXSoizDMfp2aTef53fct,"Symphony No. 8 in E-Flat Major ""Symphony of a Thousand""",2026-04-24,17,https://i.scdn.co/image/ab67616d0000b273437187fd1fa267e049cc7eb2,https://i.scdn.co/image/ab67616d00001e02437187fd1fa267e049cc7eb2,2ANtgfhQkKpsW6EYSDqldz,classical,Gustav Mahler
0AlOMuWVK9TB5w1U9ROqLV,Symphony No. 7 in E Minor,2026-04-24,5,https://i.scdn.co/image/ab67616d0000b27373c167695c77af80165401e0,https://i.scdn.co/image/ab67616d00001e0273c167695c77af80165401e0,2ANtgfhQkKpsW6EYSDqldz,classical,Gustav Mahler
1Wuce8cKuOB75DTkoeiPSY,"Symphony No. 6 in A Minor ""Tragic""",2026-04-24,4,https://i.scdn.co/image/ab67616d0000b273ee0e0dad6095ba85c14023e4,https://i.scdn.co/image/ab67616d00001e02ee0e0dad6095ba85c14023e4,2ANtgfhQkKpsW6EYSDqldz,classical,Gustav Mahler
1XGQuXInbdlgJcrSJ5H2Ec,"Mahler: Symphony No. 2 in C Minor, GMW 30 ""Resurrection""",2026-04-10,6,https://i.scdn.co/image/ab67616d0000b273f5c13e3309e00e936b94c7b6,https://i.scdn.co/image/ab67616d00001e02f5c13e3309e00e936b94c7b6,2ANtgfhQkKpsW6EYSDqldz,classical,Gustav Mahler
4QVOEJi2NRnqzTr9j4kOJl,Herbert von Karajan Live,2026-04-10,15,https://i.scdn.co/image/ab67616d0000b273f241486abfefeb5615486d13,https://i.scdn.co/image/ab67616d00001e02f241486abfefeb5615486d13,2ANtgfhQkKpsW6EYSDqldz,classical,Gustav Mahler
16Dgxt59Q9cD5MV2DTmpRN,Gustav Mahler: Symphonies 1-9,2026-04-10,55,https://i.scdn.co/image/ab67616d0000b273e0544baa0ebac20c24ac6ebf,https://i.scdn.co/image/ab67616d00001e02e0544baa0ebac20c24ac6ebf,2ANtgfhQkKpsW6EYSDqldz,classical,Gustav Mahler
68jpY4u9uDDUummIgt0oPt,Spring Sonatas,2026-04-06,132,https://i.scdn.co/image/ab67616d0000b2738c773a11b63551f905e13b0c,https://i.scdn.co/image/ab67616d00001e028c773a11b63551f905e13b0c,2ANtgfhQkKpsW6EYSDqldz,classical,Gustav Mahler
3Yghualwn9VOjrZlEot9Qm,Gathering Clouds,2026-04-04,139,https://i.scdn.co/image/ab67616d0000b273fd8faccb06c2d5250920cc6a,https://i.scdn.co/image/ab67616d00001e02fd8faccb06c2d5250920cc6a,2ANtgfhQkKpsW6EYSDqldz,classical,Gustav Mahler
44RnWKv74pRS6AVT84FTQb,"""Berceuse au clair de lune"" - Sleep Well",2026-04-02,125,https://i.scdn.co/image/ab67616d0000b2734af0f23cd6c22e83dda313ac,https://i.scdn.co/image/ab67616d00001e024af0f23cd6c22e83dda313ac,2ANtgfhQkKpsW6EYSDqldz,classical,Gustav Mahler
5URxhUeivSYXccDjLW5u7f,Mahler: Symphony No. 4 (Live),2026-03-20,4,https://i.scdn.co/image/ab67616d0000b2738a4012d9113d977fd1a08f68,https://i.scdn.co/image/ab67616d00001e028a4012d9113d977fd1a08f68,2ANtgfhQkKpsW6EYSDqldz,classical,Gustav Mahler
23Hk7TrpV9TNDBt0xkBvon,Good Mood Classical Bangers,2026-03-14,115,https://i.scdn.co/image/ab67616d0000b273bc5b656a9db2ddb20143b0b8,https://i.scdn.co/image/ab67616d00001e02bc5b656a9db2ddb20143b0b8,2ANtgfhQkKpsW6EYSDqldz,classical,Gustav Mahler
08SjWtJhG2oG3laSBMTxgg,Mahler: Symphony No. 7,2026-03-13,19,https://i.scdn.co/image/ab67616d0000b27334ec6208bcdff167806a751b,https://i.scdn.co/image/ab67616d00001e0234ec6208bcdff167806a751b,2ANtgfhQkKpsW6EYSDqldz,classical,Gustav Mahler
06ZXBD1JxteY8mdS02B1NO,The Menuhin Century - Live Performances and Festival Recordings,2026-03-31,46,https://i.scdn.co/image/ab67616d0000b273915d81be001b6b67b4458709,https://i.scdn.co/image/ab67616d00001e02915d81be001b6b67b4458709,7ie36YytMoKtPiL7tUvmoE,classical,Igor Stravinsky
209DGneW2ISlqt58uukCVr,50 Greatest Orchestral Showpieces,2026-03-29,50,https://i.scdn.co/image/ab67616d0000b273f3943cd6f0e5a343c36e0d9e,https://i.scdn.co/image/ab67616d00001e02f3943cd6f0e5a343c36e0d9e,7ie36YytMoKtPiL7tUvmoE,classical,Igor Stravinsky
7b4ggFp9Fue3m5V8RiQpEg,Late Romantic and Modern Classics,2026-03-14,80,https://i.scdn.co/image/ab67616d0000b27364599f96d38b858fd28c901b,https://i.scdn.co/image/ab67616d00001e0264599f96d38b858fd28c901b,7ie36YytMoKtPiL7tUvmoE,classical,Igor Stravinsky
0xm857GmucHMPdq4TWvRZs,Urban Pulse - Rhythms and Sounds from the Roaring City,2026-02-27,220,https://i.scdn.co/image/ab67616d0000b273f11e3973be09de1b092b4e37,https://i.scdn.co/image/ab67616d00001e02f11e3973be09de1b092b4e37,7ie36YytMoKtPiL7tUvmoE,classical,Igor Stravinsky
1F2IsoplT2In1XcJIh7fv4,Stravinsky - Muses,2026-02-20,16,https://i.scdn.co/image/ab67616d0000b27371931243e06debcc987fcefa,https://i.scdn.co/image/ab67616d00001e0271931243e06debcc987fcefa,7ie36YytMoKtPiL7tUvmoE,classical,Igor Stravinsky
1i1RKQefnJUrTyD8bCw6jA,Torrid Classics - Voluptuous Music for Passionate Nights,2026-02-13,117,https://i.scdn.co/image/ab67616d0000b27368501b1890c28bb146e48d1c,https://i.scdn.co/image/ab67616d00001e0268501b1890c28bb146e48d1c,7ie36YytMoKtPiL7tUvmoE,classical,Igor Stravinsky
0HpHUYZcCzFUvs6xNHROty,Above the Mists - Echoes of the Mountain,2026-01-30,89,https://i.scdn.co/image/ab67616d0000b273e64bed48137c6f2c1e863748,https://i.scdn.co/image/ab67616d00001e02e64bed48137c6f2c1e863748,7ie36YytMoKtPiL7tUvmoE,classical,Igor Stravinsky
00J0nEe6CsvnkCZ3eqcVfJ,"""Air - Classical Dances""",2026-01-22,80,https://i.scdn.co/image/ab67616d0000b273b799d87208b6984c0c9f6d82,https://i.scdn.co/image/ab67616d00001e02b799d87208b6984c0c9f6d82,7ie36YytMoKtPiL7tUvmoE,classical,Igor Stravinsky
3Phjf597zfyPvLrIvEsaeF,Winter Adagios,2026-01-20,101,https://i.scdn.co/image/ab67616d0000b27390a21ba76f8d5045897b4487,https://i.scdn.co/image/ab67616d00001e0290a21ba76f8d5045897b4487,7ie36YytMoKtPiL7tUvmoE,classical,Igor Stravinsky
2beuncmjvFKEjmS379CLgm,Igor Stravinsky: Late Works,2026-01-16,27,https://i.scdn.co/image/ab67616d0000b273135e9816fbb1c7cebf996df7,https://i.scdn.co/image/ab67616d00001e02135e9816fbb1c7cebf996df7,7ie36YytMoKtPiL7tUvmoE,classical,Igor Stravinsky
3qcAM4UXwuJJFD0xS9aNVe,"Abbado: the Rai Recordings, vol. III (Remastered in 2025)",2026-01-15,2,https://i.scdn.co/image/ab67616d0000b273e244dc4881fef3893d031a06,https://i.scdn.co/image/ab67616d00001e02e244dc4881fef3893d031a06,7ie36YytMoKtPiL7tUvmoE,classical,Igor Stravinsky
4gSQRkpVZfecPo7dlPWU1V,A Merry Feast with Music,2026-01-15,110,https://i.scdn.co/image/ab67616d0000b2734c5fe3698d516a3d2a575792,https://i.scdn.co/image/ab67616d00001e024c5fe3698d516a3d2a575792,7ie36YytMoKtPiL7tUvmoE,classical,Igor Stravinsky
6yFMt8R7G09OwR3MbfVbFC,"Liszt: Complete Piano Music, Vol. 68",2026-04-24,18,https://i.scdn.co/image/ab67616d0000b273f1216a330c92b083cbdd7255,https://i.scdn.co/image/ab67616d00001e02f1216a330c92b083cbdd7255,1385hLNbrnbCJGokfH2ac2,classical,Franz Liszt
1J4BCMplEAUtudV168girU,"Liszt: Années de pèlerinage I-III, S. 160-163",2026-04-24,26,https://i.scdn.co/image/ab67616d0000b273bfe2d254bb86851a4b53dfde,https://i.scdn.co/image/ab67616d00001e02bfe2d254bb86851a4b53dfde,1385hLNbrnbCJGokfH2ac2,classical,Franz Liszt
7mguVUImgVkpLrRCF8XBxx,Fire and Fate,2026-04-24,6,https://i.scdn.co/image/ab67616d0000b273f50564eefac1001a72822888,https://i.scdn.co/image/ab67616d00001e02f50564eefac1001a72822888,1385hLNbrnbCJGokfH2ac2,classical,Franz Liszt
0v5QUbAfwz2mdPzT5tkLa0,"Schumann: Waldszenen, Carnaval, Geistervariationen",2026-04-17,36,https://i.scdn.co/image/ab67616d0000b273703cd24155c68f3cfc856603,https://i.scdn.co/image/ab67616d00001e02703cd24155c68f3cfc856603,2UqjDAXnDxejEyE0CzfUrZ,classical,Robert Schumann
51et4sKFEJTOhS5SaMBjtW,A Century of Artistry,2026-04-10,128,https://i.scdn.co/image/ab67616d0000b27359c44d6090557dc078087fbf,https://i.scdn.co/image/ab67616d00001e0259c44d6090557dc078087fbf,2UqjDAXnDxejEyE0CzfUrZ,classical,Robert Schumann
3LxV5aDLBIJjPU7cvHsbKJ,"""Suite de Contradanses: Classical Works""",2026-04-09,80,https://i.scdn.co/image/ab67616d0000b27344f42fe0345de871785abc9c,https://i.scdn.co/image/ab67616d00001e0244f42fe0345de871785abc9c,2UqjDAXnDxejEyE0CzfUrZ,classical,Robert Schumann
5mxcGlNAFcN4Ua5MTLiNQO,The Menuhin Century - The Historic Recordings,2026-04-08,206,https://i.scdn.co/image/ab67616d0000b273fc1104b08206b6ec86d3aef7,https://i.scdn.co/image/ab67616d00001e02fc1104b08206b6ec86d3aef7,2UqjDAXnDxejEyE0CzfUrZ,classical,Robert Schumann
6KHYae8QjoGBsRjC8k7Ub0,"Schumann: Carnaval, Papillons & Faschingsschwank aus Wien",2026-04-08,39,https://i.scdn.co/image/ab67616d0000b2732dc14887fe155c6e89cbd8da,https://i.scdn.co/image/ab67616d00001e022dc14887fe155c6e89cbd8da,2UqjDAXnDxejEyE0CzfUrZ,classical,Robert Schumann
6q5JPaw6cvfML2CCf4Ccn3,"""Floral Nocturnes: Classical Works""",2026-04-08,80,https://i.scdn.co/image/ab67616d0000b273f84947538cc1d4fb0dc122a2,https://i.scdn.co/image/ab67616d00001e02f84947538cc1d4fb0dc122a2,2UqjDAXnDxejEyE0CzfUrZ,classical,Robert Schumann
4QAnUyDKKyyEUkSrUHdFV5,"""A Classical Easter: Vol. II""",2026-04-06,80,https://i.scdn.co/image/ab67616d0000b273a949cb3a5ae0813e86dd88aa,https://i.scdn.co/image/ab67616d00001e02a949cb3a5ae0813e86dd88aa,2UqjDAXnDxejEyE0CzfUrZ,classical,Robert Schumann
4eqmJXPtpy2oCxgKeCZfTQ,The Menuhin Century - Complete Recordings on Warner with Hephzibah Menuhin,2026-04-05,195,https://i.scdn.co/image/ab67616d0000b2730f54660f24bfb6d00674529c,https://i.scdn.co/image/ab67616d00001e020f54660f24bfb6d00674529c,2UqjDAXnDxejEyE0CzfUrZ,classical,Robert Schumann
6XwCA2G4m87Hh9O3vqALNZ,Wait Till the Clouds Roll By: Works by Franz Joseph Haydn and Caroline Shaw,2026-04-27,9,https://i.scdn.co/image/ab67616d0000b273c3837244c54e0afc68b675a0,https://i.scdn.co/image/ab67616d00001e02c3837244c54e0afc68b675a0,656RXuyw7CE0dtjdPgjJV6,classical,Joseph Haydn
1IixFd06ERxLHDtz6tc0Ar,"""Magnolia"": Classical Flowers",2026-04-14,77,https://i.scdn.co/image/ab67616d0000b273c3b9b7ec1f5484858d99f57f,https://i.scdn.co/image/ab67616d00001e02c3b9b7ec1f5484858d99f57f,656RXuyw7CE0dtjdPgjJV6,classical,Joseph Haydn
5Tp9GNTvsi3tA4uJweMa17,Claudio Abbado conducts Haydn,2026-04-10,29,https://i.scdn.co/image/ab67616d0000b2737af36309014d83e3568dc596,https://i.scdn.co/image/ab67616d00001e027af36309014d83e3568dc596,656RXuyw7CE0dtjdPgjJV6,classical,Joseph Haydn
4iDlWF1RUW79BGk9jC6OJ7,"""Citrine"": Classical Gems",2026-04-10,80,https://i.scdn.co/image/ab67616d0000b27308b4e195389e1352c5a7cfaf,https://i.scdn.co/image/ab67616d00001e0208b4e195389e1352c5a7cfaf,656RXuyw7CE0dtjdPgjJV6,classical,Joseph Haydn
68fVJfuw9JX8cQFIjakm8I,"Haydn: Symphonies Nos. 83 ""La poule"" & 101 ""The Clock"" (Remastered)",2026-04-08,12,https://i.scdn.co/image/ab67616d0000b273bcbf3f5fa50e06b182b3bf7f,https://i.scdn.co/image/ab67616d00001e02bcbf3f5fa50e06b182b3bf7f,656RXuyw7CE0dtjdPgjJV6,classical,Joseph Haydn
6pbjN1NOnAmpBrvrDB5Ccb,"""A Soundtrack for Springtime"": Classical Seasons",2026-04-03,79,https://i.scdn.co/image/ab67616d0000b2733849bda51a7ab61c66d1ca86,https://i.scdn.co/image/ab67616d00001e023849bda51a7ab61c66d1ca86,656RXuyw7CE0dtjdPgjJV6,classical,Joseph Haydn
0JIhXsgSIqDsHAPHXWa0Xg,Haydn: La Création du monde,2026-03-27,32,https://i.scdn.co/image/ab67616d0000b2735d53ee04ca69e39ae9f0f885,https://i.scdn.co/image/ab67616d00001e025d53ee04ca69e39ae9f0f885,656RXuyw7CE0dtjdPgjJV6,classical,Joseph Haydn
0mewSWdiFMDZ6EkKWJVEaY,"Haydn: Baryton Trios, Vol. 3",2026-03-27,18,https://i.scdn.co/image/ab67616d0000b273b582fd7e213e45d557109181,https://i.scdn.co/image/ab67616d00001e02b582fd7e213e45d557109181,656RXuyw7CE0dtjdPgjJV6,classical,Joseph Haydn
1LMnbEm3AWMHaNTImdkW2G,The Revolutionary Spirit: Rediscovering the True Sound,2026-03-26,116,https://i.scdn.co/image/ab67616d0000b273770426e8980d8ddf6b24946a,https://i.scdn.co/image/ab67616d00001e02770426e8980d8ddf6b24946a,656RXuyw7CE0dtjdPgjJV6,classical,Joseph Haydn
1pnPKwxzVx9ELj74XoYPIX,Rachmaninov Songs,2026-04-24,17,https://i.scdn.co/image/ab67616d0000b2732316b6ea6628213792322bbb,https://i.scdn.co/image/ab67616d00001e022316b6ea6628213792322bbb,0Kekt6CKSo0m5mivKcoH51,classical,Sergei Rachmaninoff
595zxu6FXfZG0ORPtUGwdT,Vsevolod Zavidov Plays Rachmaninoff,2026-04-10,35,https://i.scdn.co/image/ab67616d0000b273e879e08366198885fdaf9018,https://i.scdn.co/image/ab67616d00001e02e879e08366198885fdaf9018,0Kekt6CKSo0m5mivKcoH51,classical,Sergei Rachmaninoff
72q1ZQoy5OjSAS0t1C3Aec,Rachmaninov: Piano Trios Nos. 1 & 2,2026-04-10,4,https://i.scdn.co/image/ab67616d0000b273b5bc7bfc84b7b4d9bf243f41,https://i.scdn.co/image/ab67616d00001e02b5bc7bfc84b7b4d9bf243f41,0Kekt6CKSo0m5mivKcoH51,classical,Sergei Rachmaninoff
2otdIzvVw3d3n2ely8bZgx,Danielle Laval - A Piano Odyssey,2026-04-01,74,https://i.scdn.co/image/ab67616d0000b2736d2297b73e4d758e087f94c4,https://i.scdn.co/image/ab67616d00001e026d2297b73e4d758e087f94c4,0Kekt6CKSo0m5mivKcoH51,classical,Sergei Rachmaninoff
0faovS4aAotIqAoWKlD1pU,"Early Music Bangers - Unequal Temperament, Equal Energy",2026-04-05,219,https://i.scdn.co/image/ab67616d0000b2730e3563f2f811d69adfba0e5f,https://i.scdn.co/image/ab67616d00001e020e3563f2f811d69adfba0e5f,4Fw8f0YbjBs9suGEwInPJe,classical,Heinrich Schütz
7zlroQFrc1GIuGWfPManl2,"Schütz: Passions, Resurrection History",2026-02-27,74,https://i.scdn.co/image/ab67616d0000b273548afd1c0c4812294447a5c4,https://i.scdn.co/image/ab67616d00001e02548afd1c0c4812294447a5c4,4Fw8f0YbjBs9suGEwInPJe,classical,Heinrich Schütz
12cGbu9o7macptTsj61bx0,Classical Christmas,2025-12-25,68,https://i.scdn.co/image/ab67616d0000b27349c8a183a3459a87a49c9198,https://i.scdn.co/image/ab67616d00001e0249c8a183a3459a87a49c9198,4Fw8f0YbjBs9suGEwInPJe,classical,Heinrich Schütz
3Y15ToDQVsM7YZaTHfczpt,The Centenary Album,2025-07-08,100,https://i.scdn.co/image/ab67616d0000b2739f71a5d45031fa0a45f38605,https://i.scdn.co/image/ab67616d00001e029f71a5d45031fa0a45f38605,4Fw8f0YbjBs9suGEwInPJe,classical,Heinrich Schütz
0nQ2h611dOuWMee546nz3u,"Schütz: Psalms of David, SWV 22-47",2025-05-02,26,https://i.scdn.co/image/ab67616d0000b273e45699f8735c6aa3d8179c17,https://i.scdn.co/image/ab67616d00001e02e45699f8735c6aa3d8179c17,4Fw8f0YbjBs9suGEwInPJe,classical,Heinrich Schütz
7IrRDO8q3HmnkLHfGKlEry,Baroque Revolution,2025-04-24,100,https://i.scdn.co/image/ab67616d0000b2737ec90ef0887bb9a6b650afdc,https://i.scdn.co/image/ab67616d00001e027ec90ef0887bb9a6b650afdc,4Fw8f0YbjBs9suGEwInPJe,classical,Heinrich Schütz
1oCU3XEcD1tALBijP2s6rU,Relaxing Classical Weekend,2025-03-08,100,https://i.scdn.co/image/ab67616d0000b2732dc77e7d3e315c8443548d7b,https://i.scdn.co/image/ab67616d00001e022dc77e7d3e315c8443548d7b,4Fw8f0YbjBs9suGEwInPJe,classical,Heinrich Schütz
0vnWcXdePvHcWO6sgKY1Bg,Classical Weekend,2025-02-23,99,https://i.scdn.co/image/ab67616d0000b273134026970574dbbf5561811a,https://i.scdn.co/image/ab67616d00001e02134026970574dbbf5561811a,4Fw8f0YbjBs9suGEwInPJe,classical,Heinrich Schütz
08HBe3yBlsb9rsgSAmroDh,Weekend Classics,2025-02-16,97,https://i.scdn.co/image/ab67616d0000b2739ffc225308808400dd1855a9,https://i.scdn.co/image/ab67616d00001e029ffc225308808400dd1855a9,4Fw8f0YbjBs9suGEwInPJe,classical,Heinrich Schütz
6Hah9NhGLI6E6csh5u0YWN,Schütz: Weihnachtshistorie & Magnificat,2024-10-25,24,https://i.scdn.co/image/ab67616d0000b273970010ae9f3a9d3c622c36ea,https://i.scdn.co/image/ab67616d00001e02970010ae9f3a9d3c622c36ea,4Fw8f0YbjBs9suGEwInPJe,classical,Heinrich Schütz
6tsFq3BlBu1BO8oPzBCdQy,Schütz: Weihnachtshistorie,2024-10-18,26,https://i.scdn.co/image/ab67616d0000b2732420ceb20eed69f18c2228f2,https://i.scdn.co/image/ab67616d00001e022420ceb20eed69f18c2228f2,4Fw8f0YbjBs9suGEwInPJe,classical,Heinrich Schütz
736dkjtMx3MlIWqUcWUrQI,"L'homme armé. Musique de guerre et de paix, 1450-1650",2024-08-17,16,https://i.scdn.co/image/ab67616d0000b27360779a420e0340b74977c541,https://i.scdn.co/image/ab67616d00001e0260779a420e0340b74977c541,4Fw8f0YbjBs9suGEwInPJe,classical,Heinrich Schütz
40CMSH2jxf8K51nUyp67OY,Heinrich Schütz: Musikalische Exequien,2024-05-31,36,https://i.scdn.co/image/ab67616d0000b27390d5ced95b8f9e8e7a6c8f84,https://i.scdn.co/image/ab67616d00001e0290d5ced95b8f9e8e7a6c8f84,4Fw8f0YbjBs9suGEwInPJe,classical,Heinrich Schütz
4AUPg5k2e8erIbPrQKgXFo,Schütz: Johannes Passion,2024-03-25,8,https://i.scdn.co/image/ab67616d0000b27301495f910af395b9cac7b223,https://i.scdn.co/image/ab67616d00001e0201495f910af395b9cac7b223,4Fw8f0YbjBs9suGEwInPJe,classical,Heinrich Schütz
1sAKxljCkpeKWCnv1VMSDH,"Hindemith: Cardillac, Op. 39",2026-02-06,19,https://i.scdn.co/image/ab67616d0000b2730a280466cc0ae3b8a9e7fe55,https://i.scdn.co/image/ab67616d00001e020a280466cc0ae3b8a9e7fe55,3u1fWmwpwPOmMelTAo0Gb8,classical,Paul Hindemith
6i2hgZzxHmCqwUP1BrsETb,L'atelier des pianistes - J'apprends le piano,2025-11-21,183,https://i.scdn.co/image/ab67616d0000b273543e3284272eb38edbb116ff,https://i.scdn.co/image/ab67616d00001e02543e3284272eb38edbb116ff,3u1fWmwpwPOmMelTAo0Gb8,classical,Paul Hindemith
4O9nycdzCLCMzG37G1XdnI,The Pianists' Workshop,2025-09-22,169,https://i.scdn.co/image/ab67616d0000b273644e238bbe87c85523248f18,https://i.scdn.co/image/ab67616d00001e02644e238bbe87c85523248f18,3u1fWmwpwPOmMelTAo0Gb8,classical,Paul Hindemith
0m1CBRMw16CGeNSiAYGObI,"Monteverdi: L'Orfeo, SV 318",2025-09-19,95,https://i.scdn.co/image/ab67616d0000b27389f5d5cb32d703418696ff7f,https://i.scdn.co/image/ab67616d00001e0289f5d5cb32d703418696ff7f,3u1fWmwpwPOmMelTAo0Gb8,classical,Paul Hindemith
5TMURQYPzM2CymxX4F1NMJ,Hindemith: Sonates pour alto solo,2025-09-19,15,https://i.scdn.co/image/ab67616d0000b27363e52c7e2ca95696782489c3,https://i.scdn.co/image/ab67616d00001e0263e52c7e2ca95696782489c3,3u1fWmwpwPOmMelTAo0Gb8,classical,Paul Hindemith
2LyhJrocQGOxib6h7Ilpeq,Hindemith: Ludus Tonalis,2025-09-12,25,https://i.scdn.co/image/ab67616d0000b27340a5dabf151edbc946cb5e2c,https://i.scdn.co/image/ab67616d00001e0240a5dabf151edbc946cb5e2c,3u1fWmwpwPOmMelTAo0Gb8,classical,Paul Hindemith
2C2TWPu5a5gusC7b3kk3Nn,The Sparkling Pianist,2025-08-19,52,https://i.scdn.co/image/ab67616d0000b2739e75d947954f0fbb090dcaa9,https://i.scdn.co/image/ab67616d00001e029e75d947954f0fbb090dcaa9,3u1fWmwpwPOmMelTAo0Gb8,classical,Paul Hindemith
105ojZq3u0DFElQBUbo0rJ,Hindemith: Der Schwanendreher,2025-07-28,8,https://i.scdn.co/image/ab67616d0000b2731eb32887bffd1faa2668038e,https://i.scdn.co/image/ab67616d00001e021eb32887bffd1faa2668038e,3u1fWmwpwPOmMelTAo0Gb8,classical,Paul Hindemith
6wMr6sXmeAizmSKsphfDfv,L'atelier des pianistes (The Pianists' Workshop),2025-04-01,165,https://i.scdn.co/image/ab67616d0000b27392219c9633174ff1591833b5,https://i.scdn.co/image/ab67616d00001e0292219c9633174ff1591833b5,3u1fWmwpwPOmMelTAo0Gb8,classical,Paul Hindemith
4J708naxzvBsLDkWQ2z5yp,Paul Hindemith: Konzertmusik für Blasorchester Opus 41,2025-03-04,12,https://i.scdn.co/image/ab67616d0000b2730d004fb6e30ca91dfff48687,https://i.scdn.co/image/ab67616d00001e020d004fb6e30ca91dfff48687,3u1fWmwpwPOmMelTAo0Gb8,classical,Paul Hindemith
0QWGJqtuGbOL91UmHyHmNZ,Aufbruch des 20. Jahrhunderts im Lied,2025-02-17,16,https://i.scdn.co/image/ab67616d0000b273e88105dc4603071f9ecbb75d,https://i.scdn.co/image/ab67616d00001e02e88105dc4603071f9ecbb75d,3u1fWmwpwPOmMelTAo0Gb8,classical,Paul Hindemith
6uDYtKjdcm4deSTYQk3Rt5,Hindemith: Concerto for Violin and Orchestra,2025-01-25,6,https://i.scdn.co/image/ab67616d0000b2737804cecd642b28806aa8ee53,https://i.scdn.co/image/ab67616d00001e027804cecd642b28806aa8ee53,3u1fWmwpwPOmMelTAo0Gb8,classical,Paul Hindemith
2xuT10LdKZD15ZFOoYV4NG,Hindemith: Symphony in B-Flat,2024-12-17,13,https://i.scdn.co/image/ab67616d0000b273852bd459db7cb6a25e3e74ba,https://i.scdn.co/image/ab67616d00001e02852bd459db7cb6a25e3e74ba,3u1fWmwpwPOmMelTAo0Gb8,classical,Paul Hindemith
6rJ26Z0YoimBpBGV2gqPWH,classical music that feels illegal,2026-01-28,20,https://i.scdn.co/image/ab67616d0000b273cd8533fe8939ac90c0878588,https://i.scdn.co/image/ab67616d00001e02cd8533fe8939ac90c0878588,4LXxsm5BF85PWnQ1dUDAze,classical,Carl Orff
3ebOGN7yoWw0sVSSWA3EYq,Sweet Lullabies - Classical Music to Gently Fall to Sleep,2025-12,135,https://i.scdn.co/image/ab67616d0000b273b7448697ba70268e0c1f543e,https://i.scdn.co/image/ab67616d00001e02b7448697ba70268e0c1f543e,4LXxsm5BF85PWnQ1dUDAze,classical,Carl Orff
1yTfQ90U5xVHOjEn8XnxHq,Orff: Carmina Burana,2025-11-14,25,https://i.scdn.co/image/ab67616d0000b273986d72efe010c98d05a281ec,https://i.scdn.co/image/ab67616d00001e02986d72efe010c98d05a281ec,4LXxsm5BF85PWnQ1dUDAze,classical,Carl Orff
6eofEKbK0VkBVnwpswXjxV,"""Berghain"" - Classical Inspirations Behind The Pulse",2025-11-06,37,https://i.scdn.co/image/ab67616d0000b273c235b717eafd5f0432047acd,https://i.scdn.co/image/ab67616d00001e02c235b717eafd5f0432047acd,4LXxsm5BF85PWnQ1dUDAze,classical,Carl Orff
3JmwJOYlFF13dIYBgPVH1H,The Symphonic & Choral Legacy,2025-09-16,113,https://i.scdn.co/image/ab67616d0000b2732f0f2c1cbea2b3393fd951f2,https://i.scdn.co/image/ab67616d00001e022f0f2c1cbea2b3393fd951f2,4LXxsm5BF85PWnQ1dUDAze,classical,Carl Orff
1e16orZBFJgo3lRJfBlWzC,"""Classical Drive - Guess that Theme""",2025-09-06,99,https://i.scdn.co/image/ab67616d0000b27333f203d08699f977bfb99380,https://i.scdn.co/image/ab67616d00001e0233f203d08699f977bfb99380,4LXxsm5BF85PWnQ1dUDAze,classical,Carl Orff
75wNR21sMy8BEEmkuily40,Forest Murmurs,2025-09-05,91,https://i.scdn.co/image/ab67616d0000b273ea792666d48219e5ea4fdb42,https://i.scdn.co/image/ab67616d00001e02ea792666d48219e5ea4fdb42,4LXxsm5BF85PWnQ1dUDAze,classical,Carl Orff
4W7BVZrJ7Up7hqV8qM3s5g,"""Summer Classical Drive"" - Guess that Theme",2025-08-23,97,https://i.scdn.co/image/ab67616d0000b2737109b94e1d5e778ae2d8d42f,https://i.scdn.co/image/ab67616d00001e027109b94e1d5e778ae2d8d42f,4LXxsm5BF85PWnQ1dUDAze,classical,Carl Orff
59kQlFd5m7KHshIn4elRLQ,Barber: Adagio & Other Orchestral Masterpieces,2025-08-06,117,https://i.scdn.co/image/ab67616d0000b27340c43c269cb22f5fe7d8086f,https://i.scdn.co/image/ab67616d00001e0240c43c269cb22f5fe7d8086f,4LXxsm5BF85PWnQ1dUDAze,classical,Carl Orff
0z1VoxlXuqbKuXZm3ijbQP,Orff: Carmina Burana,2025-06-06,25,https://i.scdn.co/image/ab67616d0000b2736d98553e90a3bd6afae58c0e,https://i.scdn.co/image/ab67616d00001e026d98553e90a3bd6afae58c0e,4LXxsm5BF85PWnQ1dUDAze,classical,Carl Orff
4UIfxHYsVoeEWxtzX1V37e,Barber: Adagio - Orchestral Favourites,2025-03-06,127,https://i.scdn.co/image/ab67616d0000b2731224616c0261efd46bc65d3a,https://i.scdn.co/image/ab67616d00001e021224616c0261efd46bc65d3a,4LXxsm5BF85PWnQ1dUDAze,classical,Carl Orff
4L6PiEtw3Vjc9sgdz4WtP3,Verdi: Marcia trionfale da Aida - Stravinsky: The Rite of Spring - Beethoven: Symphony No. 5 - Vivaldi: Tempesta di mare - Stravinsky: The Rite of Spring - Mozart: Dies irae - Tchaikovsky: Dance of the Swans,2025-02-12,139,https://i.scdn.co/image/ab67616d0000b273caf9a70f22388c1441f64089,https://i.scdn.co/image/ab67616d00001e02caf9a70f22388c1441f64089,4LXxsm5BF85PWnQ1dUDAze,classical,Carl Orff
5MFZVQOOYKsWtePxc39RdK,Her Sonic Realm - The Creative Legacy of Women in Music,2026-03-26,77,https://i.scdn.co/image/ab67616d0000b273a1011cdc3317f5083d8af138,https://i.scdn.co/image/ab67616d00001e02a1011cdc3317f5083d8af138,2yzaWNFV3cxmcRZtwtr5WC,classical,Clara Schumann
5uFVcDXgJkgmzjLfYi7Wrx,Long Winter,2026-02-10,76,https://i.scdn.co/image/ab67616d0000b2739774c9b4a2e9af2e2bcf252d,https://i.scdn.co/image/ab67616d00001e029774c9b4a2e9af2e2bcf252d,2yzaWNFV3cxmcRZtwtr5WC,classical,Clara Schumann
15owRENMsqk8WfITT54DFv,Classics Discoveries,2025-12-24,77,https://i.scdn.co/image/ab67616d0000b2735ac54116f0c4e64836d324c8,https://i.scdn.co/image/ab67616d00001e025ac54116f0c4e64836d324c8,2yzaWNFV3cxmcRZtwtr5WC,classical,Clara Schumann
3gZcCAmhW40i8291oIkD7M,Calm Classics - Soundscape of Serenity,2025-09-22,100,https://i.scdn.co/image/ab67616d0000b2737948a3e7a109f99ec0621d98,https://i.scdn.co/image/ab67616d00001e027948a3e7a109f99ec0621d98,2yzaWNFV3cxmcRZtwtr5WC,classical,Clara Schumann
4DAoOkaSqHB2JG5uGPMHbC,Bach in 1 Hour,2025-09-05,17,https://i.scdn.co/image/ab67616d0000b273de18680775b29c2d98f85e0b,https://i.scdn.co/image/ab67616d00001e02de18680775b29c2d98f85e0b,2yzaWNFV3cxmcRZtwtr5WC,classical,Clara Schumann
1NnYPSyTSUAn12jTjkDfWw,"""La tempesta di mare"" - Vivaldi, Mozart, Bach, Telemann, Beethoven",2025-07-16,111,https://i.scdn.co/image/ab67616d0000b2737e5e14fd3f000c72974bddfe,https://i.scdn.co/image/ab67616d00001e027e5e14fd3f000c72974bddfe,2yzaWNFV3cxmcRZtwtr5WC,classical,Clara Schumann
05bp3MHBfhMU83mVYfO84E,NAXOS HIGHLIGHTS 2025 Vol.1,2025-04-11,40,https://i.scdn.co/image/ab67616d0000b2737713e8437fb751c9403397e9,https://i.scdn.co/image/ab67616d00001e027713e8437fb751c9403397e9,2yzaWNFV3cxmcRZtwtr5WC,classical,Clara Schumann
2afemLgvqLd6K6r0wlpxis,Clara Schumann: Un destin romantique (Vol. 1),2025-02-28,19,https://i.scdn.co/image/ab67616d0000b273adc4db1efca3215a1c129d29,https://i.scdn.co/image/ab67616d00001e02adc4db1efca3215a1c129d29,2yzaWNFV3cxmcRZtwtr5WC,classical,Clara Schumann
2KVxKde5bxgd5QqlzReZvp,"Clara Schumann: Piano Music, Vol. 1",2025-01-10,15,https://i.scdn.co/image/ab67616d0000b273b43b9cb6b0d5b4b99b19a03d,https://i.scdn.co/image/ab67616d00001e02b43b9cb6b0d5b4b99b19a03d,2yzaWNFV3cxmcRZtwtr5WC,classical,Clara Schumann
3hcfv1mlUhJRU6tYhSaSLE,Clara Schumann piano pieces,2024-12-17,16,https://i.scdn.co/image/ab67616d0000b27306dab0051613b304ae6a4479,https://i.scdn.co/image/ab67616d00001e0206dab0051613b304ae6a4479,2yzaWNFV3cxmcRZtwtr5WC,classical,Clara Schumann
3Yhig5cJ0lcAEunDhXzHds,Clara & Robert,2024-07-17,11,https://i.scdn.co/image/ab67616d0000b27380872d836a1231ac58743261,https://i.scdn.co/image/ab67616d00001e0280872d836a1231ac58743261,2yzaWNFV3cxmcRZtwtr5WC,classical,Clara Schumann
4vQn3M5E9ai3BHrVMPScGT,Reger: Original Compositions for piano 4-hands,2026-02-27,55,https://i.scdn.co/image/ab67616d0000b27332e39e510198e475577d781c,https://i.scdn.co/image/ab67616d00001e0232e39e510198e475577d781c,2qpchAUtJNY45rG7auwQgz,classical,Max Reger
3sqwzp0Jx5cPmJH620xWE5,Weihnachtslieder - Traditionelle Lieder zu Weihnachten,2025-12-24,110,https://i.scdn.co/image/ab67616d0000b273247540390d1c26d00c491d95,https://i.scdn.co/image/ab67616d00001e02247540390d1c26d00c491d95,2qpchAUtJNY45rG7auwQgz,classical,Max Reger
1deDXWKhHvy4aqzdSmVDZJ,Adventslieder - Traditionelle Lieder zu Weihnachten,2025-12-06,71,https://i.scdn.co/image/ab67616d0000b2738fe01bcd082323d4db2a9e30,https://i.scdn.co/image/ab67616d00001e028fe01bcd082323d4db2a9e30,2qpchAUtJNY45rG7auwQgz,classical,Max Reger
5MuqdPyyS0YAIEuHBsljqY,"""A Classical Evening - Hamelin""",2025-11-24,79,https://i.scdn.co/image/ab67616d0000b273c0706e7aeee57398f519977d,https://i.scdn.co/image/ab67616d00001e02c0706e7aeee57398f519977d,2qpchAUtJNY45rG7auwQgz,classical,Max Reger
7rajUt8ZPumL03EuWUoR02,Deutsche Weihnachtslieder - Traditionelle Weihnachten,2025-11-21,64,https://i.scdn.co/image/ab67616d0000b273d55183ce5bb266818488c315,https://i.scdn.co/image/ab67616d00001e02d55183ce5bb266818488c315,2qpchAUtJNY45rG7auwQgz,classical,Max Reger
6dRJKvUSQAuFlpUJicIfAN,Where Dreams Begin - Music for Profound Sleep,2025-11-01,76,https://i.scdn.co/image/ab67616d0000b27395138c0d57d50d318db5cc51,https://i.scdn.co/image/ab67616d00001e0295138c0d57d50d318db5cc51,2qpchAUtJNY45rG7auwQgz,classical,Max Reger
6YqaN9XimQq9onWnfXtibD,"Max Reger: Variations and Fugue on a Theme of J. S. Bach, Op. 81",2025-10-03,15,https://i.scdn.co/image/ab67616d0000b2737ce77c5fcac2913aab5d3dc9,https://i.scdn.co/image/ab67616d00001e027ce77c5fcac2913aab5d3dc9,2qpchAUtJNY45rG7auwQgz,classical,Max Reger
186GkI7x4pAAlOTNWWvoWS,"""A Midsummer Musical Journey"" - From Mozart & Mendelssohn to Ravel & Tchaikovsky",2025-08-20,109,https://i.scdn.co/image/ab67616d0000b273ebbbbdcdc896045859781a22,https://i.scdn.co/image/ab67616d00001e02ebbbbdcdc896045859781a22,2qpchAUtJNY45rG7auwQgz,classical,Max Reger
6xfafgyawA0OPrAwXj7lFG,On a Summer Evening,2025-08-19,98,https://i.scdn.co/image/ab67616d0000b27356a20deb9cb1f8e70651abd9,https://i.scdn.co/image/ab67616d00001e0256a20deb9cb1f8e70651abd9,2qpchAUtJNY45rG7auwQgz,classical,Max Reger
0TOLngjny5BpGvHNEvqbWb,Reger: Chamber Music for Clarinet & Piano,2025-08-01,11,https://i.scdn.co/image/ab67616d0000b27332606eaecfc4508c734fc771,https://i.scdn.co/image/ab67616d00001e0232606eaecfc4508c734fc771,2qpchAUtJNY45rG7auwQgz,classical,Max Reger
3ha9jN0KhoQcElkiotkvEt,"Reger: 4 Tone Poems After Arnold Böcklin, Op. 128 & Romantic Suite, Op. 125",2025-08-01,7,https://i.scdn.co/image/ab67616d0000b27358bb6ece5c634f3698982832,https://i.scdn.co/image/ab67616d00001e0258bb6ece5c634f3698982832,2qpchAUtJNY45rG7auwQgz,classical,Max Reger
3FTSAoxJLy7yvnMOYyApLY,"""'Great Relaxing Classics"" - Smooth & Peaceful",2026-05-17,129,https://i.scdn.co/image/ab67616d0000b2733cde8d1474b753a33925d00b,https://i.scdn.co/image/ab67616d00001e023cde8d1474b753a33925d00b,459INk8vcC0ebEef82WjIK,classical,Erik Satie
2Q2TNZbr7SFFTsAoCbB9l2,"""076 Piano Essentials"": Berceuse",2026-05-14,75,https://i.scdn.co/image/ab67616d0000b27350fcef8c289b36c7727a1f57,https://i.scdn.co/image/ab67616d00001e0250fcef8c289b36c7727a1f57,459INk8vcC0ebEef82WjIK,classical,Erik Satie
5mur5M4oluEnFBxZsdUtzf,"""071 Piano Essentials"": Praeludium",2026-05-12,71,https://i.scdn.co/image/ab67616d0000b27311a0545e246079131d718ac3,https://i.scdn.co/image/ab67616d00001e0211a0545e246079131d718ac3,459INk8vcC0ebEef82WjIK,classical,Erik Satie
6E1vIbtD1nOoiQb3YDpIX1,Calm Classical for Studying,2026-05-08,174,https://i.scdn.co/image/ab67616d0000b273f1727686495d7ebf9afbc282,https://i.scdn.co/image/ab67616d00001e02f1727686495d7ebf9afbc282,459INk8vcC0ebEef82WjIK,classical,Erik Satie
0HvgNW4nyOlfTFbL3ZbWjh,"""Classical Music in Bloom""",2026-05-03,80,https://i.scdn.co/image/ab67616d0000b273afb072ba02cb191b08fca880,https://i.scdn.co/image/ab67616d00001e02afb072ba02cb191b08fca880,459INk8vcC0ebEef82WjIK,classical,Erik Satie
2WsyERRbw8aoxPdJSxYHeH,"""Lotus - Classical Flowers"": Debussy, Tchaikovsky and More",2026-05-02,80,https://i.scdn.co/image/ab67616d0000b2731c27c4054cc3b401ad58604b,https://i.scdn.co/image/ab67616d00001e021c27c4054cc3b401ad58604b,459INk8vcC0ebEef82WjIK,classical,Erik Satie
0juRs0SBLjTbMjfgfi16Dl,La Route blanche: The Endlessly Surprising Erik Satie,2026-04-17,28,https://i.scdn.co/image/ab67616d0000b2733298c4798de66c93862e94d4,https://i.scdn.co/image/ab67616d00001e023298c4798de66c93862e94d4,459INk8vcC0ebEef82WjIK,classical,Erik Satie
3iIGSa31LJdxvTvqEQCs8a,Soft Relaxing Guitar,2026-04-08,154,https://i.scdn.co/image/ab67616d0000b273c345c108108e5df8011636a1,https://i.scdn.co/image/ab67616d00001e02c345c108108e5df8011636a1,459INk8vcC0ebEef82WjIK,classical,Erik Satie
0an9Tqz3JBjGG04MvM1l3x,"Ravel: La Valse, Rapsodie espagnole, Alborada del gracioso & Le Tombeau de Couperin (Remastered)",2026-05-17,10,https://i.scdn.co/image/ab67616d0000b273dee8848309fff0adca25ca19,https://i.scdn.co/image/ab67616d00001e02dee8848309fff0adca25ca19,17hR0sYHpx7VYTMRfFUOmY,classical,Maurice Ravel
5B1IW4X9Dc54UBMxdO8dsA,"""080 Piano Essentials"": Improvisation",2026-05-13,80,https://i.scdn.co/image/ab67616d0000b2733ee31ea1a15618c8013672f1,https://i.scdn.co/image/ab67616d00001e023ee31ea1a15618c8013672f1,17hR0sYHpx7VYTMRfFUOmY,classical,Maurice Ravel
4IZMkzDTnkcPIe29IbJDrt,"""Heavenly Harmonies: Classical Edition""",2026-05-11,80,https://i.scdn.co/image/ab67616d0000b2730eeae123e7492b9f94c6daf2,https://i.scdn.co/image/ab67616d00001e020eeae123e7492b9f94c6daf2,17hR0sYHpx7VYTMRfFUOmY,classical,Maurice Ravel
5J4ZOg6xMpwTJ2lyWnEAOe,"""076 Piano Essentials"": Daisies",2026-05-11,73,https://i.scdn.co/image/ab67616d0000b2732c1db23947f370240036a60a,https://i.scdn.co/image/ab67616d00001e022c1db23947f370240036a60a,17hR0sYHpx7VYTMRfFUOmY,classical,Maurice Ravel
5pSDy222JWW3AeS6U9P9jl,"""A Floral Reverie: Bach, Mozart & more""",2026-05-10,78,https://i.scdn.co/image/ab67616d0000b273a00656aa8c014b910e1d4606,https://i.scdn.co/image/ab67616d00001e02a00656aa8c014b910e1d4606,17hR0sYHpx7VYTMRfFUOmY,classical,Maurice Ravel
0U621JrCMy99SW01Qp7UEV,"""Pastoral Mornings: Classical Edition""",2026-05-07,80,https://i.scdn.co/image/ab67616d0000b273123bbec148ffb244fdcf8e40,https://i.scdn.co/image/ab67616d00001e02123bbec148ffb244fdcf8e40,17hR0sYHpx7VYTMRfFUOmY,classical,Maurice Ravel
3SM3Z5AvbPv6vzZKTRg4P3,"""12 German Dances and Other Works: Classical Masterpieces""",2026-05-05,80,https://i.scdn.co/image/ab67616d0000b2738fe71eef132c953fe2a176aa,https://i.scdn.co/image/ab67616d00001e028fe71eef132c953fe2a176aa,17hR0sYHpx7VYTMRfFUOmY,classical,Maurice Ravel
1jHC0GAW4eK9ZGa0OblnzU,"""A Window to Spring: Classical Edition""",2026-04-30,80,https://i.scdn.co/image/ab67616d0000b273d5f44022b63c5f3e58406573,https://i.scdn.co/image/ab67616d00001e02d5f44022b63c5f3e58406573,17hR0sYHpx7VYTMRfFUOmY,classical,Maurice Ravel
73QOPF09jF5HrAVaRZCz3K,The Menuhin Century - The Virtuoso & His Landmark Recordings,2026-04-06,172,https://i.scdn.co/image/ab67616d0000b273f48e5efc411e2ecf6120d4a5,https://i.scdn.co/image/ab67616d00001e02f48e5efc411e2ecf6120d4a5,5zyNXVd952fWOjkdGHCvPd,classical,Béla Bartók
5BxE5vKyEozlpIj6BX9KgE,"Bartók: Concerto for Orchestra, Sz. 116 (Remastered)",2026-03-29,6,https://i.scdn.co/image/ab67616d0000b273857fc4eb64a294d828c94095,https://i.scdn.co/image/ab67616d00001e02857fc4eb64a294d828c94095,5zyNXVd952fWOjkdGHCvPd,classical,Béla Bartók
6qoOx2xlsHJUzmPY3V2ljL,"Beethoven, Schubert, Brahms & Chopin: Piano Pieces",2026-03-02,42,https://i.scdn.co/image/ab67616d0000b27390d56998c41b52ec16cbf454,https://i.scdn.co/image/ab67616d00001e0290d56998c41b52ec16cbf454,5zyNXVd952fWOjkdGHCvPd,classical,Béla Bartók
3IPNELVvNMvIHgocE4SaV9,Relaxing Guitar,2026-02-15,167,https://i.scdn.co/image/ab67616d0000b27342f0d32817588b777e178005,https://i.scdn.co/image/ab67616d00001e0242f0d32817588b777e178005,5zyNXVd952fWOjkdGHCvPd,classical,Béla Bartók
5K8vKQIJEtB7zjCSUTZpo0,"""Passion"" - Classical Moods",2026-05-01,125,https://i.scdn.co/image/ab67616d0000b273ed7d98d573c3cba3fc823040,https://i.scdn.co/image/ab67616d00001e02ed7d98d573c3cba3fc823040,7jzR5qj8vFnSu5JHaXgFEr,classical,Jean Sibelius
3RLUnvaIQtlMAzaWFb0W92,Sibelius: Violin Concerto - Lemminkäinen Suite,2026-04-24,7,https://i.scdn.co/image/ab67616d0000b2734e16dbc359a11eae019ba592,https://i.scdn.co/image/ab67616d00001e024e16dbc359a11eae019ba592,7jzR5qj8vFnSu5JHaXgFEr,classical,Jean Sibelius
6u5NamiRVPsAy6Gf2THkqf,Peaceful & Relaxing Classical Music,2026-03-26,121,https://i.scdn.co/image/ab67616d0000b273b0359a42515a65b0fbe1b983,https://i.scdn.co/image/ab67616d00001e02b0359a42515a65b0fbe1b983,7jzR5qj8vFnSu5JHaXgFEr,classical,Jean Sibelius
0sLa6cWtRiIw2Sex91wLA0,"Live at the Met (Live at Metropolitan Opera, New York, 2023)",2026-03-06,17,https://i.scdn.co/image/ab67616d0000b2732bede946d898440f1e166b88,https://i.scdn.co/image/ab67616d00001e022bede946d898440f1e166b88,7jzR5qj8vFnSu5JHaXgFEr,classical,Jean Sibelius
0xke1tY83AFrPMThWW2pMI,Opening the Doors,2026-02-25,83,https://i.scdn.co/image/ab67616d0000b27356df8a4277a47238123871a6,https://i.scdn.co/image/ab67616d00001e0256df8a4277a47238123871a6,7jzR5qj8vFnSu5JHaXgFEr,classical,Jean Sibelius
5P0lYJV7a82oWEGkEnnI6O,"Sibelius: Symphony No. 6, Valse triste, Karelia Suite & En saga",2026-02-24,9,https://i.scdn.co/image/ab67616d0000b273459a5f04e38438215cda8fec,https://i.scdn.co/image/ab67616d00001e02459a5f04e38438215cda8fec,7jzR5qj8vFnSu5JHaXgFEr,classical,Jean Sibelius
7pTu1KHMMULXTMViSxEmUy,"""086 Contemporary & Classical Discoveries"": Anamorphosis",2026-05-17,86,https://i.scdn.co/image/ab67616d0000b273b3bf872ba88876400b0ff057,https://i.scdn.co/image/ab67616d00001e02b3bf872ba88876400b0ff057,436sYg6CZhNefQJogaXeK0,classical,Camille Saint-Saëns
1ECDkYz09L1ENOIHdXZxio,"""Evening Across the Valley: Classical Edition""",2026-05-13,80,https://i.scdn.co/image/ab67616d0000b2739fbca681f6c6eacf6cb47ca5,https://i.scdn.co/image/ab67616d00001e029fbca681f6c6eacf6cb47ca5,436sYg6CZhNefQJogaXeK0,classical,Camille Saint-Saëns
6AbVbnrKb5LHvpiFRBPtQT,Camille Saint-Saëns: Complete Concertos (New Talents Edition #3),2026-04-24,20,https://i.scdn.co/image/ab67616d0000b2732261594f94e6e896d221c62a,https://i.scdn.co/image/ab67616d00001e022261594f94e6e896d221c62a,436sYg6CZhNefQJogaXeK0,classical,Camille Saint-Saëns
1PTfv9sS6JJUIQyyUK0eDw,This is Shostakovich,2026-05-08,150,https://i.scdn.co/image/ab67616d0000b2736aaba3a3f244a475f4f27628,https://i.scdn.co/image/ab67616d00001e026aaba3a3f244a475f4f27628,6s1pCNXcbdtQJlsnM1hRIA,classical,Dmitri Shostakovich
5KoTyeAeZOGE4lRz9cTndl,Shostakovich: Symphonies Nos. 6 & 9,2026-05-01,8,https://i.scdn.co/image/ab67616d0000b273ada25a5fe091cc193143d8c3,https://i.scdn.co/image/ab67616d00001e02ada25a5fe091cc193143d8c3,6s1pCNXcbdtQJlsnM1hRIA,classical,Dmitri Shostakovich
1xNNckPRVCF9KQDVxLxhBB,DELMAN CONDUCTS SHOSTAKOVICH: SYMPHONIES NOS. 5 & 8 (Remastered in 2026),2026-04-15,9,https://i.scdn.co/image/ab67616d0000b2731d0685efdd26603ca86784b2,https://i.scdn.co/image/ab67616d00001e021d0685efdd26603ca86784b2,6s1pCNXcbdtQJlsnM1hRIA,classical,Dmitri Shostakovich
1I0TNtt1sBm2XgcX27VSpP,"Shostakovich: Symphony No. 2 ""To October"" & Symphony No. 5",2026-04-03,8,https://i.scdn.co/image/ab67616d0000b273192e117a357bcb507e3dcaa4,https://i.scdn.co/image/ab67616d00001e02192e117a357bcb507e3dcaa4,6s1pCNXcbdtQJlsnM1hRIA,classical,Dmitri Shostakovich
1Dsbv2HTqGfZ6rSE3maf3C,"Shostakovich: Piano Concertos, Fantastic Dances, Prelude & Fugue",2026-03-27,12,https://i.scdn.co/image/ab67616d0000b27319110cee91702bb9a58668fc,https://i.scdn.co/image/ab67616d00001e0219110cee91702bb9a58668fc,6s1pCNXcbdtQJlsnM1hRIA,classical,Dmitri Shostakovich
4ZmgVgOfCODWEovsKIfdj3,"Shostakovich: Complete Piano Works, Vol. 3",2026-03-20,48,https://i.scdn.co/image/ab67616d0000b273f53bd8290518b4cdec8164e0,https://i.scdn.co/image/ab67616d00001e02f53bd8290518b4cdec8164e0,6s1pCNXcbdtQJlsnM1hRIA,classical,Dmitri Shostakovich
4a89NfMeuYjPUegjN2FFfp,Prokofiev: Symphony No. 7,2026-04-17,4,https://i.scdn.co/image/ab67616d0000b273dd2f96535df80aa9bc122c42,https://i.scdn.co/image/ab67616d00001e02dd2f96535df80aa9bc122c42,4kHtgiRnpmFIV5Tm4BIs8l,classical,Sergei Prokofiev
3piIe6IP6oZTRNXD7auhox,Prokofiev — Pärt — Schnittke,2026-04-17,11,https://i.scdn.co/image/ab67616d0000b2737906a988b581fbbd5d91c350,https://i.scdn.co/image/ab67616d00001e027906a988b581fbbd5d91c350,4kHtgiRnpmFIV5Tm4BIs8l,classical,Sergei Prokofiev
48yVOfJLXmXJgUdy1lyr89,Prokofiev: Piano Concerto No. 3,2026-04-10,17,https://i.scdn.co/image/ab67616d0000b273fbfaccd40c5d1bd82e55974d,https://i.scdn.co/image/ab67616d00001e02fbfaccd40c5d1bd82e55974d,4kHtgiRnpmFIV5Tm4BIs8l,classical,Sergei Prokofiev
14HXTgGZdoukZIb0YlB0iK,"Prokofiev: Piano Sonata No. 8, Op. 84 & Pieces from Romeo and Juliet, Op. 75",2026-04-07,13,https://i.scdn.co/image/ab67616d0000b2732b34194b91c46b353f21b448,https://i.scdn.co/image/ab67616d00001e022b34194b91c46b353f21b448,4kHtgiRnpmFIV5Tm4BIs8l,classical,Sergei Prokofiev
4HpnRcfCzdsQo4lbRVgVBY,Prokofiev,2026-03-27,10,https://i.scdn.co/image/ab67616d0000b27314b2b9f45ff7f5247cb462e6,https://i.scdn.co/image/ab67616d00001e0214b2b9f45ff7f5247cb462e6,4kHtgiRnpmFIV5Tm4BIs8l,classical,Sergei Prokofiev
1ev5Am7AhHm7M21m0btxWX,Classical Spring Notes,2026-03-22,29,https://i.scdn.co/image/ab67616d0000b273537b375423160a687fff75e3,https://i.scdn.co/image/ab67616d00001e02537b375423160a687fff75e3,4kHtgiRnpmFIV5Tm4BIs8l,classical,Sergei Prokofiev
2GPCrWu5n4I45dIL3ApbAf,Prokofiev,2026-03-13,23,https://i.scdn.co/image/ab67616d0000b2738d310555ef1ca70fa6610b85,https://i.scdn.co/image/ab67616d00001e028d310555ef1ca70fa6610b85,4kHtgiRnpmFIV5Tm4BIs8l,classical,Sergei Prokofiev
3sQqPVx2z81dhKGPpCpMJY,"Berlioz: Marche troyenne & Le carnaval romain - Russian Enchantments: Waltz of the Flowers, Flight of the Bumblebee, Dance of the Tumblers...",2026-04-02,14,https://i.scdn.co/image/ab67616d0000b273f6fa7c6bd495e925990391d4,https://i.scdn.co/image/ab67616d00001e02f6fa7c6bd495e925990391d4,284mnx33IWcymQEpMxyfHl,classical,Modest Mussorgsky
3wmzYS9Tu14IWtzvKnsnaf,"""Les Fleurs"" - Romantic and Beyond",2026-02-17,79,https://i.scdn.co/image/ab67616d0000b273263441ebbc3f6424a6086dae,https://i.scdn.co/image/ab67616d00001e02263441ebbc3f6424a6086dae,284mnx33IWcymQEpMxyfHl,classical,Modest Mussorgsky
1UfK69ZN5YgwF1FWbVw8gi,The Piano Legacy,2026-02-09,103,https://i.scdn.co/image/ab67616d0000b2738996952e297f7c90117952c4,https://i.scdn.co/image/ab67616d00001e028996952e297f7c90117952c4,284mnx33IWcymQEpMxyfHl,classical,Modest Mussorgsky
6G47ivFS3dkRYgC4u8UV19,"""On the Beautiful Blue Danube"" - Karajan Conducts Exquisite Orchestral Pieces",2026-01-05,44,https://i.scdn.co/image/ab67616d0000b27324959d6ccf4b2da3a57b8f5e,https://i.scdn.co/image/ab67616d00001e0224959d6ccf4b2da3a57b8f5e,284mnx33IWcymQEpMxyfHl,classical,Modest Mussorgsky
6i2rJx1dI4gA5IHb3sQcIB,100 Best Karajan,2026-01-01,100,https://i.scdn.co/image/ab67616d0000b273a24dd812f99b2f3972f1740a,https://i.scdn.co/image/ab67616d00001e02a24dd812f99b2f3972f1740a,284mnx33IWcymQEpMxyfHl,classical,Modest Mussorgsky
2BdQEPeCXahEUlupPbp5pJ,Elgar: Violin Concerto,2026-05-15,3,https://i.scdn.co/image/ab67616d0000b273baea1aecf925014b24abc25d,https://i.scdn.co/image/ab67616d00001e02baea1aecf925014b24abc25d,430byzy0c5bPn5opiu0SRd,classical,Edward Elgar
0XH7kbIXE40qi6FyLQlp87,Ultimate Classics,2026-02-28,14,https://i.scdn.co/image/ab67616d0000b273420b6f5ba2f6a1bd653bfa4f,https://i.scdn.co/image/ab67616d00001e02420b6f5ba2f6a1bd653bfa4f,430byzy0c5bPn5opiu0SRd,classical,Edward Elgar
4zmyvh4mDBSA9Clw1oAn0a,Borodin: Polovtsian Dances,2026-01-23,8,https://i.scdn.co/image/ab67616d0000b2732636eef14f33aa91c4d7ba83,https://i.scdn.co/image/ab67616d00001e022636eef14f33aa91c4d7ba83,34MYamymtmnsmpwbqydd7I,classical,Alexander Borodin
4JOnq5qjB2FDvzSwj5ZEZW,Enfantillages pittoresques,2025-12-25,59,https://i.scdn.co/image/ab67616d0000b273e8e755eb1903ce123cf3ff0e,https://i.scdn.co/image/ab67616d00001e02e8e755eb1903ce123cf3ff0e,34MYamymtmnsmpwbqydd7I,classical,Alexander Borodin
3bywIWGkfCrt8ly671D5ae,Whispers of Classics,2025-12-07,73,https://i.scdn.co/image/ab67616d0000b273c929906915c4b218af8a8b65,https://i.scdn.co/image/ab67616d00001e02c929906915c4b218af8a8b65,34MYamymtmnsmpwbqydd7I,classical,Alexander Borodin
07PbRvoHBeAgZqJqRsH6kk,"""Pavane"" - Classical Wonders",2025-11-25,70,https://i.scdn.co/image/ab67616d0000b2738fd537f9de81c21d2ce60d76,https://i.scdn.co/image/ab67616d00001e028fd537f9de81c21d2ce60d76,34MYamymtmnsmpwbqydd7I,classical,Alexander Borodin
6SU9zkPRh1PAqJx68JBljH,Impressions of Orient,2025-11-21,80,https://i.scdn.co/image/ab67616d0000b273f3dc63d3ecd45e699883a808,https://i.scdn.co/image/ab67616d00001e02f3dc63d3ecd45e699883a808,34MYamymtmnsmpwbqydd7I,classical,Alexander Borodin
2apZW8lHmm7SvimzhKMQ1X,"""Moment Musical"" - Deep Focus & Concentration",2025-09-22,134,https://i.scdn.co/image/ab67616d0000b273e1042d7db7689bb4e423bde8,https://i.scdn.co/image/ab67616d00001e02e1042d7db7689bb4e423bde8,34MYamymtmnsmpwbqydd7I,classical,Alexander Borodin
0Gh1X7UXFCOgoBm0YKfM0g,"""Milonga"" - Late Summer Hours",2025-09-19,146,https://i.scdn.co/image/ab67616d0000b273fe2733531d24ed5dc609d11d,https://i.scdn.co/image/ab67616d00001e02fe2733531d24ed5dc609d11d,34MYamymtmnsmpwbqydd7I,classical,Alexander Borodin
2qfx8n5K7sctwEmoJ4uyEG,"""The Arrival of the Queen of Sheba"" - Handel, Mozart, Beethoven, Fauré, Debussy, Grieg",2025-09-18,67,https://i.scdn.co/image/ab67616d0000b27348c0acbd35b665cefb25a58d,https://i.scdn.co/image/ab67616d00001e0248c0acbd35b665cefb25a58d,34MYamymtmnsmpwbqydd7I,classical,Alexander Borodin
1OnkMYNWQw0Wrqz2QIIfJ8,"""Reflets dans l'eau"" - Calm & Relaxation",2025-09-16,137,https://i.scdn.co/image/ab67616d0000b273d9844d83ba5985bc98293c1d,https://i.scdn.co/image/ab67616d00001e02d9844d83ba5985bc98293c1d,34MYamymtmnsmpwbqydd7I,classical,Alexander Borodin
5VqjIthSRoXpQNWXBihM2l,"""Prelude"" - Orchestral Treasures",2025-09-16,79,https://i.scdn.co/image/ab67616d0000b2738d7b4cb4a524c43188dbfa89,https://i.scdn.co/image/ab67616d00001e028d7b4cb4a524c43188dbfa89,34MYamymtmnsmpwbqydd7I,classical,Alexander Borodin
0hvT3yIEysuuvkK73vgdcW,GNX,2024-11-22,12,https://i.scdn.co/image/ab67616d0000b273d9985092cd88bffd97653b58,https://i.scdn.co/image/ab67616d00001e02d9985092cd88bffd97653b58,2YZyLoL8N0Wb9xBt1NhZWg,hiphop,Kendrick Lamar
79ONNoS4M9tfIA1mYLBYVX,Mr. Morale & The Big Steppers,2022-05-13,19,https://i.scdn.co/image/ab67616d0000b2732e02117d76426a08ac7c174f,https://i.scdn.co/image/ab67616d00001e022e02117d76426a08ac7c174f,2YZyLoL8N0Wb9xBt1NhZWg,hiphop,Kendrick Lamar
3pLdWdkj83EYfDN6H2N8MR,Black Panther The Album Music From And Inspired By,2018-02-09,14,https://i.scdn.co/image/ab67616d0000b273c027ad28821777b00dcaa888,https://i.scdn.co/image/ab67616d00001e02c027ad28821777b00dcaa888,2YZyLoL8N0Wb9xBt1NhZWg,hiphop,Kendrick Lamar
4alcGHjstaALJHHiljfy3H,DAMN. COLLECTORS EDITION.,2017-12-08,14,https://i.scdn.co/image/ab67616d0000b273add9eb25744782c3717c9368,https://i.scdn.co/image/ab67616d00001e02add9eb25744782c3717c9368,2YZyLoL8N0Wb9xBt1NhZWg,hiphop,Kendrick Lamar
4eLPsYPBmXABThSJ821sqY,DAMN.,2017-04-14,14,https://i.scdn.co/image/ab67616d0000b2738b52c6b9bc4e43d873869699,https://i.scdn.co/image/ab67616d00001e028b52c6b9bc4e43d873869699,2YZyLoL8N0Wb9xBt1NhZWg,hiphop,Kendrick Lamar
0kL3TYRsSXnu0iJvFO3rud,untitled unmastered.,2016-03-04,8,https://i.scdn.co/image/ab67616d0000b2738c697f553a46006a5d8886b2,https://i.scdn.co/image/ab67616d00001e028c697f553a46006a5d8886b2,2YZyLoL8N0Wb9xBt1NhZWg,hiphop,Kendrick Lamar
7ycBtnsMtyVbbwTfJwRjSP,To Pimp A Butterfly,2015-03-16,16,https://i.scdn.co/image/ab67616d0000b273cdb645498cd3d8a2db4d05e1,https://i.scdn.co/image/ab67616d00001e02cdb645498cd3d8a2db4d05e1,2YZyLoL8N0Wb9xBt1NhZWg,hiphop,Kendrick Lamar
748dZDqSZy6aPXKcI9H80u,"good kid, m.A.A.d city (Deluxe)",2012-10-22,17,https://i.scdn.co/image/ab67616d0000b27378de8b28de36a74afc0348b5,https://i.scdn.co/image/ab67616d00001e0278de8b28de36a74afc0348b5,2YZyLoL8N0Wb9xBt1NhZWg,hiphop,Kendrick Lamar
0Oq3mWfexhsjUh0aNNBB5u,"good kid, m.A.A.d city",2012,14,https://i.scdn.co/image/ab67616d0000b2732cd55246d935a8a77cb4859e,https://i.scdn.co/image/ab67616d00001e022cd55246d935a8a77cb4859e,2YZyLoL8N0Wb9xBt1NhZWg,hiphop,Kendrick Lamar
1bkN9nIkkCnXeG4yitVS1J,Section.80,2011-07-02,15,https://i.scdn.co/image/ab67616d0000b273eddb2639b74ac6c202032ebe,https://i.scdn.co/image/ab67616d00001e02eddb2639b74ac6c202032ebe,2YZyLoL8N0Wb9xBt1NhZWg,hiphop,Kendrick Lamar
7MoLQ8vckhwBbQqEYQTYQC,Overly Dedicated,2010-09-14,12,https://i.scdn.co/image/ab67616d0000b2739b035b031d9f0a6a75ae464e,https://i.scdn.co/image/ab67616d00001e029b035b031d9f0a6a75ae464e,2YZyLoL8N0Wb9xBt1NhZWg,hiphop,Kendrick Lamar
6Rl6YoCarF2GHPSQmmFjuR,$ome $exy $ongs 4 U,2025-02-14,21,https://i.scdn.co/image/ab67616d0000b273b5a28a256eae6dc0424fef59,https://i.scdn.co/image/ab67616d00001e02b5a28a256eae6dc0424fef59,3TVXtAsR1Inumwj472S9r4,hiphop,Drake
4Q7cRXio6mF2ImVUCcezPO,For All The Dogs Scary Hours Edition,2023-11-17,29,https://i.scdn.co/image/ab67616d0000b273e286ee36b4015afa8832356a,https://i.scdn.co/image/ab67616d00001e02e286ee36b4015afa8832356a,3TVXtAsR1Inumwj472S9r4,hiphop,Drake
4czdORdCWP9umpbhFXK2fW,For All The Dogs,2023-10-06,23,https://i.scdn.co/image/ab67616d0000b2737d384516b23347e92a587ed1,https://i.scdn.co/image/ab67616d00001e027d384516b23347e92a587ed1,3TVXtAsR1Inumwj472S9r4,hiphop,Drake
5MS3MvWHJ3lOZPLiMxzOU6,Her Loss,2022-11-04,16,https://i.scdn.co/image/ab67616d0000b27302854a7060fccc1a66a4b5ad,https://i.scdn.co/image/ab67616d00001e0202854a7060fccc1a66a4b5ad,3TVXtAsR1Inumwj472S9r4,hiphop,Drake
3cf4iSSKd8ffTncbtKljXw,"Honestly, Nevermind",2022-06-17,14,https://i.scdn.co/image/ab67616d0000b2738dc0d801766a5aa6a33cbe37,https://i.scdn.co/image/ab67616d00001e028dc0d801766a5aa6a33cbe37,3TVXtAsR1Inumwj472S9r4,hiphop,Drake
3SpBlxme9WbeQdI9kx7KAV,Certified Lover Boy,2021-09-03,21,https://i.scdn.co/image/ab67616d0000b273cd945b4e3de57edd28481a3f,https://i.scdn.co/image/ab67616d00001e02cd945b4e3de57edd28481a3f,3TVXtAsR1Inumwj472S9r4,hiphop,Drake
6OQ9gBfg5EXeNAEwGSs6jK,Dark Lane Demo Tapes,2020-05-01,14,https://i.scdn.co/image/ab67616d0000b273bba7cfaf7c59ff0898acba1f,https://i.scdn.co/image/ab67616d00001e02bba7cfaf7c59ff0898acba1f,3TVXtAsR1Inumwj472S9r4,hiphop,Drake
7dqpveMVcWgbzqYrOdkFTD,Care Package,2019-08-02,17,https://i.scdn.co/image/ab67616d0000b2739c1e02d4becb7c5bbca01e2a,https://i.scdn.co/image/ab67616d00001e029c1e02d4becb7c5bbca01e2a,3TVXtAsR1Inumwj472S9r4,hiphop,Drake
1ATL5GLyefJaxhQzSPVrLX,Scorpion,2018-06-29,25,https://i.scdn.co/image/ab67616d0000b273f907de96b9a4fbc04accc0d5,https://i.scdn.co/image/ab67616d00001e02f907de96b9a4fbc04accc0d5,3TVXtAsR1Inumwj472S9r4,hiphop,Drake
1lXY618HWkwYKJWBRYR4MK,More Life,2017-03-18,22,https://i.scdn.co/image/ab67616d0000b2734f0fd9dad63977146e685700,https://i.scdn.co/image/ab67616d00001e024f0fd9dad63977146e685700,3TVXtAsR1Inumwj472S9r4,hiphop,Drake
40GMAhriYJRO1rsY4YdrZb,Views,2016-05-06,20,https://i.scdn.co/image/ab67616d0000b2739416ed64daf84936d89e671c,https://i.scdn.co/image/ab67616d00001e029416ed64daf84936d89e671c,3TVXtAsR1Inumwj472S9r4,hiphop,Drake
1ozpmkWcCHwsQ4QTnxOOdT,What A Time To Be Alive,2015-09-20,11,https://i.scdn.co/image/ab67616d0000b273d6adfbd3f091d6f2b9af6507,https://i.scdn.co/image/ab67616d00001e02d6adfbd3f091d6f2b9af6507,3TVXtAsR1Inumwj472S9r4,hiphop,Drake
0ptlfJfwGTy0Yvrk14JK1I,If You're Reading This It's Too Late,2015-02-12,17,https://i.scdn.co/image/ab67616d0000b2732090f4f6cc406e6d3c306733,https://i.scdn.co/image/ab67616d00001e022090f4f6cc406e6d3c306733,3TVXtAsR1Inumwj472S9r4,hiphop,Drake
2ZUFSbIkmFkGag000RWOpA,Nothing Was The Same (Deluxe),2013-01-01,16,https://i.scdn.co/image/ab67616d0000b273adfb5909ec66db5fbb4d06c8,https://i.scdn.co/image/ab67616d00001e02adfb5909ec66db5fbb4d06c8,3TVXtAsR1Inumwj472S9r4,hiphop,Drake
1XslIirSxfAhhxRdn4Li9t,Nothing Was The Same,2013-01-01,13,https://i.scdn.co/image/ab67616d0000b273a90d170c61fb7d063d47161d,https://i.scdn.co/image/ab67616d00001e02a90d170c61fb7d063d47161d,3TVXtAsR1Inumwj472S9r4,hiphop,Drake
5poA9SAx0Xiz1cf17fWBLS,BULLY,2026-03-28,18,https://i.scdn.co/image/ab67616d0000b27395184f6a953569b683ca9a0d,https://i.scdn.co/image/ab67616d00001e0295184f6a953569b683ca9a0d,5K4W6rqBFWDnAN6FQUkS6x,hiphop,Kanye West
1ZkGNUz1un0b3Z7EsJl3ci,DONDA 2,2025-06-06,21,https://i.scdn.co/image/ab67616d0000b2737cd12a9cfd038d6f23c84a86,https://i.scdn.co/image/ab67616d00001e027cd12a9cfd038d6f23c84a86,5K4W6rqBFWDnAN6FQUkS6x,hiphop,Kanye West
5RV2TNyjylqWJNxQyHBTeJ,VULTURES 2,2024-08-03,16,https://i.scdn.co/image/ab67616d0000b273fb9cedd86a3d08dc053a550d,https://i.scdn.co/image/ab67616d00001e02fb9cedd86a3d08dc053a550d,5K4W6rqBFWDnAN6FQUkS6x,hiphop,Kanye West
4DOsPwJtokv6HEifZ6t5j6,VULTURES 1,2024-02-09,15,https://i.scdn.co/image/ab67616d0000b2739c654f315df05ae7c6ec8980,https://i.scdn.co/image/ab67616d00001e029c654f315df05ae7c6ec8980,5K4W6rqBFWDnAN6FQUkS6x,hiphop,Kanye West
5CnpZV3q5BcESefcB3WJmz,Donda,2021-08-29,27,https://i.scdn.co/image/ab67616d0000b273cad190f1a73c024e5a40dddd,https://i.scdn.co/image/ab67616d00001e02cad190f1a73c024e5a40dddd,5K4W6rqBFWDnAN6FQUkS6x,hiphop,Kanye West
0FgZKfoU2Br5sHOfvZKTI9,JESUS IS KING,2019-10-25,11,https://i.scdn.co/image/ab67616d0000b2731bb797bbfe2480650b6c2964,https://i.scdn.co/image/ab67616d00001e021bb797bbfe2480650b6c2964,5K4W6rqBFWDnAN6FQUkS6x,hiphop,Kanye West
6pwuKxMUkNg673KETsXPUV,KIDS SEE GHOSTS,2018-06-08,7,https://i.scdn.co/image/ab67616d0000b273013c00ee367dd85396f79c82,https://i.scdn.co/image/ab67616d00001e02013c00ee367dd85396f79c82,5K4W6rqBFWDnAN6FQUkS6x,hiphop,Kanye West
2Ek1q2haOnxVqhvVKqMvJe,ye,2018-06-01,7,https://i.scdn.co/image/ab67616d0000b2730cd942c1a864afa4e92d04f2,https://i.scdn.co/image/ab67616d00001e020cd942c1a864afa4e92d04f2,5K4W6rqBFWDnAN6FQUkS6x,hiphop,Kanye West
7gsWAHLeT0w7es6FofOXk1,The Life Of Pablo,2016-06-10,20,https://i.scdn.co/image/ab67616d0000b2732a7db835b912dc5014bd37f4,https://i.scdn.co/image/ab67616d00001e022a7db835b912dc5014bd37f4,5K4W6rqBFWDnAN6FQUkS6x,hiphop,Kanye West
7D2NdGvBHIavgLhmcwhluK,Yeezus,2013-06-18,10,https://i.scdn.co/image/ab67616d0000b2731dacfbc31cc873d132958af9,https://i.scdn.co/image/ab67616d00001e021dacfbc31cc873d132958af9,5K4W6rqBFWDnAN6FQUkS6x,hiphop,Kanye West
0OcMap99vLEeGkBCfCwRwS,Watch The Throne,2011-08-08,12,https://i.scdn.co/image/ab67616d0000b27352e61456aa4995ba48d94e30,https://i.scdn.co/image/ab67616d00001e0252e61456aa4995ba48d94e30,5K4W6rqBFWDnAN6FQUkS6x,hiphop,Kanye West
20r762YmB5HeofjMCiPMLv,My Beautiful Dark Twisted Fantasy,2010-11-22,13,https://i.scdn.co/image/ab67616d0000b273d9194aa18fa4c9362b47464f,https://i.scdn.co/image/ab67616d00001e02d9194aa18fa4c9362b47464f,5K4W6rqBFWDnAN6FQUkS6x,hiphop,Kanye West
3WFTGIO6E3Xh4paEOBY9OU,808s & Heartbreak,2008-11-24,12,https://i.scdn.co/image/ab67616d0000b273346d77e155d854735410ed18,https://i.scdn.co/image/ab67616d00001e02346d77e155d854735410ed18,5K4W6rqBFWDnAN6FQUkS6x,hiphop,Kanye West
4jI9SU1GmpIVhHMuYZuvX7,The Fall-Off,2026-02-06,24,https://i.scdn.co/image/ab67616d0000b27380788f104c780412212e97e3,https://i.scdn.co/image/ab67616d00001e0280788f104c780412212e97e3,6l3HvQ5sa6mXTsMTB19rO5,hiphop,J. Cole
2fSAC0ZiYnwKfzLEvyaMm8,2014 Forest Hills Drive (10 Year Anniversary Edition),2024-12-20,21,https://i.scdn.co/image/ab67616d0000b27376bee82c4cf5e93f31fb1772,https://i.scdn.co/image/ab67616d00001e0276bee82c4cf5e93f31fb1772,6l3HvQ5sa6mXTsMTB19rO5,hiphop,J. Cole
57wh3BpvUF2tmvwoGSjUe3,Might Delete Later,2024-04-05,12,https://i.scdn.co/image/ab67616d0000b273b5e99d6177971707e6cd04f5,https://i.scdn.co/image/ab67616d00001e02b5e99d6177971707e6cd04f5,6l3HvQ5sa6mXTsMTB19rO5,hiphop,J. Cole
3tFjhFPqGhhLrCULnPu7Wy,D-Day: A Gangsta Grillz Mixtape,2022-03-31,15,https://i.scdn.co/image/ab67616d0000b273580d8d4b0061e5a244c86c77,https://i.scdn.co/image/ab67616d00001e02580d8d4b0061e5a244c86c77,6l3HvQ5sa6mXTsMTB19rO5,hiphop,J. Cole
4JAvwK4APPArjIsOdGoJXX,The Off-Season,2021-05-14,12,https://i.scdn.co/image/ab67616d0000b27310e6745bb2f179dd3616b85f,https://i.scdn.co/image/ab67616d00001e0210e6745bb2f179dd3616b85f,6l3HvQ5sa6mXTsMTB19rO5,hiphop,J. Cole
5PerfGh9Smd6XjwkxpmL4V,Revenge Of The Dreamers III: Director's Cut,2020-01-16,30,https://i.scdn.co/image/ab67616d0000b273a145ed96ce61bf4201d619c3,https://i.scdn.co/image/ab67616d00001e02a145ed96ce61bf4201d619c3,6l3HvQ5sa6mXTsMTB19rO5,hiphop,J. Cole
2n3quCZ0anEa46j2IveacI,Revenge Of The Dreamers III,2019-07-05,18,https://i.scdn.co/image/ab67616d0000b273c0ae820e3b64854de4642101,https://i.scdn.co/image/ab67616d00001e02c0ae820e3b64854de4642101,6l3HvQ5sa6mXTsMTB19rO5,hiphop,J. Cole
4Wv5UAieM1LDEYVq5WmqDd,KOD,2018-04-20,12,https://i.scdn.co/image/ab67616d0000b273cf0f0affd0138a7442f13706,https://i.scdn.co/image/ab67616d00001e02cf0f0affd0138a7442f13706,6l3HvQ5sa6mXTsMTB19rO5,hiphop,J. Cole
3CCnGldVQ90c26aFATC1PW,4 Your Eyez Only,2016-12-09,10,https://i.scdn.co/image/ab67616d0000b273f4ca75192df162f78a24023e,https://i.scdn.co/image/ab67616d00001e02f4ca75192df162f78a24023e,6l3HvQ5sa6mXTsMTB19rO5,hiphop,J. Cole
7tixruBIQtyhfvKetsoKZM,"Forest Hills Drive: Live from Fayetteville, NC",2016-01-28,13,https://i.scdn.co/image/ab67616d0000b27325f51fa6ee0a98b51931bf57,https://i.scdn.co/image/ab67616d00001e0225f51fa6ee0a98b51931bf57,6l3HvQ5sa6mXTsMTB19rO5,hiphop,J. Cole
0UMMIkurRUmkruZ3KGBLtG,2014 Forest Hills Drive,2014-12-09,13,https://i.scdn.co/image/ab67616d0000b273c6e0948bbb0681ff29cdbae8,https://i.scdn.co/image/ab67616d00001e02c6e0948bbb0681ff29cdbae8,6l3HvQ5sa6mXTsMTB19rO5,hiphop,J. Cole
5FP9keIJnlSCKnkdVOf623,Born Sinner (Deluxe Version),2013-06-18,21,https://i.scdn.co/image/ab67616d0000b273c1bb124f993488cf21b269fc,https://i.scdn.co/image/ab67616d00001e02c1bb124f993488cf21b269fc,6l3HvQ5sa6mXTsMTB19rO5,hiphop,J. Cole
0fhmJYVhW0e4i33pCLPA5i,Cole World: The Sideline Story,2011-09-27,16,https://i.scdn.co/image/ab67616d0000b27399da48a530f6ca2ef86da3cc,https://i.scdn.co/image/ab67616d00001e0299da48a530f6ca2ef86da3cc,6l3HvQ5sa6mXTsMTB19rO5,hiphop,J. Cole
4ghGEhWzY5ffry2IqgrnRg,Friday Night Lights,2010-11-12,19,https://i.scdn.co/image/ab67616d0000b2738f36878a74d27b856d0c0117,https://i.scdn.co/image/ab67616d00001e028f36878a74d27b856d0c0117,6l3HvQ5sa6mXTsMTB19rO5,hiphop,J. Cole
4zxXtxhx2Gc2EwEyMOkAeY,The Warm Up,2009-06-15,22,https://i.scdn.co/image/ab67616d0000b273b8a217bec71155c020c5c3e0,https://i.scdn.co/image/ab67616d00001e02b8a217bec71155c020c5c3e0,6l3HvQ5sa6mXTsMTB19rO5,hiphop,J. Cole
32lGAqeVkdJxEj2iv2Q01B,JACKBOYS 2,2025-07-13,17,https://i.scdn.co/image/ab67616d0000b2735d0f8a4c3623e02a79928288,https://i.scdn.co/image/ab67616d00001e025d0f8a4c3623e02a79928288,0Y5tJX1MQlPlqiwlOH1tJY,hiphop,Travis Scott
18NOKLkZETa4sWwLMIm0UZ,UTOPIA,2023-07-28,19,https://i.scdn.co/image/ab67616d0000b27304481c826dd292e5e4983b3f,https://i.scdn.co/image/ab67616d00001e0204481c826dd292e5e4983b3f,0Y5tJX1MQlPlqiwlOH1tJY,hiphop,Travis Scott
1Sf8GsXG32t0jNrX11xqWx,JACKBOYS,2019-12-27,7,https://i.scdn.co/image/ab67616d0000b273b920fc01c37be38130418a34,https://i.scdn.co/image/ab67616d00001e02b920fc01c37be38130418a34,0Y5tJX1MQlPlqiwlOH1tJY,hiphop,Travis Scott
41GuZcammIkupMPKH2OJ6I,ASTROWORLD,2018-08-03,17,https://i.scdn.co/image/ab67616d0000b273daec894c14c0ca42d76eeb32,https://i.scdn.co/image/ab67616d00001e02daec894c14c0ca42d76eeb32,0Y5tJX1MQlPlqiwlOH1tJY,hiphop,Travis Scott
6FED8aeieEnUWwQqAO9zT1,"Huncho Jack, Jack Huncho",2017-12-21,13,https://i.scdn.co/image/ab67616d0000b273631973893e94d01cfcdf0e5e,https://i.scdn.co/image/ab67616d00001e02631973893e94d01cfcdf0e5e,0Y5tJX1MQlPlqiwlOH1tJY,hiphop,Travis Scott
42WVQWuf1teDysXiOupIZt,Birds In The Trap Sing McKnight,2016-09-16,14,https://i.scdn.co/image/ab67616d0000b2738752a7355996e64709247c53,https://i.scdn.co/image/ab67616d00001e028752a7355996e64709247c53,0Y5tJX1MQlPlqiwlOH1tJY,hiphop,Travis Scott
4PWBTB6NYSKQwfo79I3prg,Rodeo,2015-09-04,16,https://i.scdn.co/image/ab67616d0000b273d3b5affd8824b4ed301b7137,https://i.scdn.co/image/ab67616d00001e02d3b5affd8824b4ed301b7137,0Y5tJX1MQlPlqiwlOH1tJY,hiphop,Travis Scott
54Y471E7GNBSOXjZtqONId,DAYS BEFORE RODEO,2014-08-18,12,https://i.scdn.co/image/ab67616d0000b273a2a7386de6494fc9275e1abb,https://i.scdn.co/image/ab67616d00001e02a2a7386de6494fc9275e1abb,0Y5tJX1MQlPlqiwlOH1tJY,hiphop,Travis Scott
4bGVj7yZ8KvSN4zA3mbua8,HOV DID,2022-08-31,1,https://i.scdn.co/image/ab67616d0000b27336b9c01762b7ef92e03d716e,https://i.scdn.co/image/ab67616d00001e0236b9c01762b7ef92e03d716e,3nFkdlSjzX9mRTtwJOzDYB,hiphop,JAY-Z
7GoZNNb7Yl74fpk8Z6I2cv,4:44,2017-07-07,10,https://i.scdn.co/image/ab67616d0000b2737513c4956ea5552caf02eab6,https://i.scdn.co/image/ab67616d00001e027513c4956ea5552caf02eab6,3nFkdlSjzX9mRTtwJOzDYB,hiphop,JAY-Z
4gbrbyveJFkuLH6B5w93JH,Magna Carta... Holy Grail,2013-07-04,16,https://i.scdn.co/image/ab67616d0000b2734af3be606885e7f5559f4031,https://i.scdn.co/image/ab67616d00001e024af3be606885e7f5559f4031,3nFkdlSjzX9mRTtwJOzDYB,hiphop,JAY-Z
1IDwi6urY664Mv1JFuTNlc,The Blueprint Collector's Edition (Explicit Version),2009-09-08,40,https://i.scdn.co/image/ab67616d0000b27317cc8e4f33e48b00588a769f,https://i.scdn.co/image/ab67616d00001e0217cc8e4f33e48b00588a769f,3nFkdlSjzX9mRTtwJOzDYB,hiphop,JAY-Z
2CUT0104gySOIvqwtXeFsX,The Blueprint 3,2009-09-08,15,https://i.scdn.co/image/ab67616d0000b273fec1b815bb3c50a64a90fd10,https://i.scdn.co/image/ab67616d00001e02fec1b815bb3c50a64a90fd10,3nFkdlSjzX9mRTtwJOzDYB,hiphop,JAY-Z
6If8UXZG5DH2fv3DnloHZo,American Gangster Acappella,2007-11-06,15,https://i.scdn.co/image/ab67616d0000b273dc0da0c50d66d7c91c7cb256,https://i.scdn.co/image/ab67616d00001e02dc0da0c50d66d7c91c7cb256,3nFkdlSjzX9mRTtwJOzDYB,hiphop,JAY-Z
34leStU1anAKH5RsU607zz,Kingdom Come,2006-11-21,14,https://i.scdn.co/image/ab67616d0000b273ffdd7a885159b73d0d15e0f9,https://i.scdn.co/image/ab67616d00001e02ffdd7a885159b73d0d15e0f9,3nFkdlSjzX9mRTtwJOzDYB,hiphop,JAY-Z
4FWvo9oS4gRgHtAwDwUjiO,The Black Album,2003-11-14,14,https://i.scdn.co/image/ab67616d0000b273c528802c308a1e0e4d9945dd,https://i.scdn.co/image/ab67616d00001e02c528802c308a1e0e4d9945dd,3nFkdlSjzX9mRTtwJOzDYB,hiphop,JAY-Z
0HsBuTvi6wWDj66sSbvA4H,The Black Album,2003-11-14,14,https://i.scdn.co/image/ab67616d0000b273c9a73b04d18cb2e8be73d325,https://i.scdn.co/image/ab67616d00001e02c9a73b04d18cb2e8be73d325,3nFkdlSjzX9mRTtwJOzDYB,hiphop,JAY-Z
6k1icnUbF3aMZM4P2yokMe,Blueprint 2.1,2003-04-08,12,https://i.scdn.co/image/ab67616d0000b2737fe98c0b1776106c9975e1eb,https://i.scdn.co/image/ab67616d00001e027fe98c0b1776106c9975e1eb,3nFkdlSjzX9mRTtwJOzDYB,hiphop,JAY-Z
5xHStEOG8PsbzNQb7LkxZU,The Blueprint 2: The Gift & The Curse,2002-11-12,25,https://i.scdn.co/image/ab67616d0000b273b7c45af95aaf599cee3acf08,https://i.scdn.co/image/ab67616d00001e02b7c45af95aaf599cee3acf08,3nFkdlSjzX9mRTtwJOzDYB,hiphop,JAY-Z
7ctCScnWG0nMedlfUiauOk,Jay-Z Unplugged (Live On MTV Unplugged / 2001),2001-12-18,13,https://i.scdn.co/image/ab67616d0000b27300ec30184bf13b6aad34a3a1,https://i.scdn.co/image/ab67616d00001e0200ec30184bf13b6aad34a3a1,3nFkdlSjzX9mRTtwJOzDYB,hiphop,JAY-Z
5DV2liMHX5AqtiLqy3Qu1b,STANS (The Official Soundtrack),2025-08-26,12,https://i.scdn.co/image/ab67616d0000b273837a5c94e095f7f06bf6de38,https://i.scdn.co/image/ab67616d00001e02837a5c94e095f7f06bf6de38,7dGJo4pcD2V6oG8kP0tJRR,hiphop,Eminem
2DQ6hHlAGj6DiT0Y068bnK,The Marshall Mathers LP (25th Anniversary),2025-05-23,20,https://i.scdn.co/image/ab67616d0000b2736bf50bce76d3437f1b0e1589,https://i.scdn.co/image/ab67616d00001e026bf50bce76d3437f1b0e1589,7dGJo4pcD2V6oG8kP0tJRR,hiphop,Eminem
31hcgCSu4mlA82syOFItur,The Death of Slim Shady (Coup De Grâce): Expanded Mourner’s Edition,2024-09-13,23,https://i.scdn.co/image/ab67616d0000b273333c01a0f55915549caf5623,https://i.scdn.co/image/ab67616d00001e02333c01a0f55915549caf5623,7dGJo4pcD2V6oG8kP0tJRR,hiphop,Eminem
3kjHLu1pL7tdY88GFwEkl6,The Death of Slim Shady (Coup De Grâce),2024-07-12,19,https://i.scdn.co/image/ab67616d0000b2731633c43b5695735f7de36487,https://i.scdn.co/image/ab67616d00001e021633c43b5695735f7de36487,7dGJo4pcD2V6oG8kP0tJRR,hiphop,Eminem
5EUgcfO5OWxnniHR3QYFcK,The Marshall Mathers LP2 (Expanded Edition),2023-11-03,27,https://i.scdn.co/image/ab67616d0000b273c926cc5c75394291893ee86b,https://i.scdn.co/image/ab67616d00001e02c926cc5c75394291893ee86b,7dGJo4pcD2V6oG8kP0tJRR,hiphop,Eminem
6EzbFdrwvWpnpUjzrR57aU,The Eminem Show (Expanded Edition),2022-05-26,38,https://i.scdn.co/image/ab67616d0000b273a18291a1854b9b6371ff9663,https://i.scdn.co/image/ab67616d00001e02a18291a1854b9b6371ff9663,7dGJo4pcD2V6oG8kP0tJRR,hiphop,Eminem
3MKvhQoFSrR2PrxXXBHe9B,Music To Be Murdered By - Side B (Deluxe Edition),2020-12-18,36,https://i.scdn.co/image/ab67616d0000b273b84b0516d901f95461bb5165,https://i.scdn.co/image/ab67616d00001e02b84b0516d901f95461bb5165,7dGJo4pcD2V6oG8kP0tJRR,hiphop,Eminem
4otkd9As6YaxxEkIjXPiZ6,Music To Be Murdered By,2020-01-17,20,https://i.scdn.co/image/ab67616d0000b2732f44aec83b20e40f3baef73c,https://i.scdn.co/image/ab67616d00001e022f44aec83b20e40f3baef73c,7dGJo4pcD2V6oG8kP0tJRR,hiphop,Eminem
3HNnxK7NgLXbDoxRZxNWiR,Kamikaze,2018-08-31,13,https://i.scdn.co/image/ab67616d0000b273e4073def0c03a91e3fceaf73,https://i.scdn.co/image/ab67616d00001e02e4073def0c03a91e3fceaf73,7dGJo4pcD2V6oG8kP0tJRR,hiphop,Eminem
0U6ldwLBEMkwgfQRY4V6D2,Revival,2017-12-15,19,https://i.scdn.co/image/ab67616d0000b273dee6b58d35215322626b5701,https://i.scdn.co/image/ab67616d00001e02dee6b58d35215322626b5701,7dGJo4pcD2V6oG8kP0tJRR,hiphop,Eminem
6DN7GcZF1HywzrkGN6Eeqk,The Marshall Mathers LP2 (Deluxe),2013-11-05,21,https://i.scdn.co/image/ab67616d0000b273c6338d684995af10c2bf0533,https://i.scdn.co/image/ab67616d00001e02c6338d684995af10c2bf0533,7dGJo4pcD2V6oG8kP0tJRR,hiphop,Eminem
47BiFcV59TQi2s9SkBo2pb,Recovery,2010-06-18,17,https://i.scdn.co/image/ab67616d0000b273c08d5fa5c0f1a834acef5100,https://i.scdn.co/image/ab67616d00001e02c08d5fa5c0f1a834acef5100,7dGJo4pcD2V6oG8kP0tJRR,hiphop,Eminem
7MZzYkbHL9Tk3O6WeD4Z0Z,Relapse: Refill,2009-05-15,29,https://i.scdn.co/image/ab67616d0000b273506c4cc93e5a6234164125e1,https://i.scdn.co/image/ab67616d00001e02506c4cc93e5a6234164125e1,7dGJo4pcD2V6oG8kP0tJRR,hiphop,Eminem
6HXlnhMr40FP2qBTnKXRbA,Relapse [Deluxe],2009-05-15,22,https://i.scdn.co/image/ab67616d0000b273f135bf1dee323e1aef89ffbf,https://i.scdn.co/image/ab67616d00001e02f135bf1dee323e1aef89ffbf,7dGJo4pcD2V6oG8kP0tJRR,hiphop,Eminem
6gW08XWRBd2Wnszyo5ZI6l,Life After Death (25th Anniversary Super Deluxe Edition),2022-06-10,39,https://i.scdn.co/image/ab67616d0000b2737bfe9b5f27ecb5d2e2626f32,https://i.scdn.co/image/ab67616d00001e027bfe9b5f27ecb5d2e2626f32,5me0Irg2ANcsgc93uaYrpb,hiphop,The Notorious B.I.G.
0Y2G7k6Znc8iiYP7xiIADr,Music Inspired By Biggie: I Got A Story To Tell,2021-03-01,14,https://i.scdn.co/image/ab67616d0000b273fc0a9cfb0b4d224cda4db6fe,https://i.scdn.co/image/ab67616d00001e02fc0a9cfb0b4d224cda4db6fe,5me0Irg2ANcsgc93uaYrpb,hiphop,The Notorious B.I.G.
3Ezv8bXs9vS908aaKdWrQ3,The King & I,2017-05-19,25,https://i.scdn.co/image/ab67616d0000b273d477706cfe2644fd6f80665f,https://i.scdn.co/image/ab67616d00001e02d477706cfe2644fd6f80665f,5me0Irg2ANcsgc93uaYrpb,hiphop,The Notorious B.I.G.
2M6rjUsC2T3KJ8Ku2uTTQG,Duets: The Final Chapter,2005-11-18,22,https://i.scdn.co/image/ab67616d0000b273373970875cab6dc30b36f10c,https://i.scdn.co/image/ab67616d00001e02373970875cab6dc30b36f10c,5me0Irg2ANcsgc93uaYrpb,hiphop,The Notorious B.I.G.
0pNWfkXJ7i2nOqu510Dxn4,Duets: The Final Chapter (20th Anniversary Deluxe),2005-01-01,32,https://i.scdn.co/image/ab67616d0000b27351c582ce096be3519b790df5,https://i.scdn.co/image/ab67616d00001e0251c582ce096be3519b790df5,5me0Irg2ANcsgc93uaYrpb,hiphop,The Notorious B.I.G.
1IF8NvtrKDycavQgwFMmMQ,Born Again,1999-12-07,18,https://i.scdn.co/image/ab67616d0000b273e8f37c030dea59bd82f7f8f4,https://i.scdn.co/image/ab67616d00001e02e8f37c030dea59bd82f7f8f4,5me0Irg2ANcsgc93uaYrpb,hiphop,The Notorious B.I.G.
7zg9ZSOQtYLjWnvSawflg6,Born Again,1999,18,https://i.scdn.co/image/ab67616d0000b273a136f71553f34d930b43f7bb,https://i.scdn.co/image/ab67616d00001e02a136f71553f34d930b43f7bb,5me0Irg2ANcsgc93uaYrpb,hiphop,The Notorious B.I.G.
6uMVAiciTpTyrQn5QJDPJM,Life After Death (2014 Remaster),1997-03-04,14,https://i.scdn.co/image/ab67616d0000b273e23b9fcd567ce9f9e58af7b9,https://i.scdn.co/image/ab67616d00001e02e23b9fcd567ce9f9e58af7b9,5me0Irg2ANcsgc93uaYrpb,hiphop,The Notorious B.I.G.
2HTbQ0RHwukKVXAlTmCZP2,Ready to Die (The Remaster),1994-09-13,19,https://i.scdn.co/image/ab67616d0000b2730f51e29700232d57fe8a0830,https://i.scdn.co/image/ab67616d00001e020f51e29700232d57fe8a0830,5me0Irg2ANcsgc93uaYrpb,hiphop,The Notorious B.I.G.
4CaEU2qXjX4ETYsVzF0tdo,"strictly, lofi",2023-09-29,16,https://i.scdn.co/image/ab67616d0000b27371b3c2c38c6cc67070cb049a,https://i.scdn.co/image/ab67616d00001e0271b3c2c38c6cc67070cb049a,1ZwdS5xdxEREPySFridCfh,hiphop,2Pac
5W1jGRoH27AASKghzZmt4Q,lofi chill vibes with 2Pac,2023-06-23,16,https://i.scdn.co/image/ab67616d0000b273ce28df1708a444eb29b759c1,https://i.scdn.co/image/ab67616d00001e02ce28df1708a444eb29b759c1,1ZwdS5xdxEREPySFridCfh,hiphop,2Pac
1OWVxa79HkgHGOX8qt9Vxf,Strictly 4 My N.I.G.G.A.Z... (Expanded Edition),2023-02-17,22,https://i.scdn.co/image/ab67616d0000b2739f4932c81421643cd111a652,https://i.scdn.co/image/ab67616d00001e029f4932c81421643cd111a652,1ZwdS5xdxEREPySFridCfh,hiphop,2Pac
0CvYkPhiIGkbYJy6hP2pcv,Soldier 2 Soldier (Collector's Edition),2010-11-23,16,https://i.scdn.co/image/ab67616d0000b2731014a902d52d365e4de19b30,https://i.scdn.co/image/ab67616d00001e021014a902d52d365e4de19b30,1ZwdS5xdxEREPySFridCfh,hiphop,2Pac
5eVcXpQNaB4ILrocqaUdmT,Pac's Life,2006-01-01,13,https://i.scdn.co/image/ab67616d0000b273be0bd6b1022a52b78d752e67,https://i.scdn.co/image/ab67616d00001e02be0bd6b1022a52b78d752e67,1ZwdS5xdxEREPySFridCfh,hiphop,2Pac
6D0Hs5x0mIr613AU0jOSM2,Tupac: Live At The House Of Blues,2005-10-30,25,https://i.scdn.co/image/ab67616d0000b2732506760aa7f709a3d255c984,https://i.scdn.co/image/ab67616d00001e022506760aa7f709a3d255c984,1ZwdS5xdxEREPySFridCfh,hiphop,2Pac
33lk2GnP8cJzl7cd1OJrXn,Loyal To The Game,2004-01-01,17,https://i.scdn.co/image/ab67616d0000b27378c35340eac7e45824d47830,https://i.scdn.co/image/ab67616d00001e0278c35340eac7e45824d47830,1ZwdS5xdxEREPySFridCfh,hiphop,2Pac
3MJVucN9nO8WHaLo3KHuWO,Resurrection (Music From And Inspired By The Motion Picture),2003-11-11,14,https://i.scdn.co/image/ab67616d0000b273afe3412dd6b40dc661fe3820,https://i.scdn.co/image/ab67616d00001e02afe3412dd6b40dc661fe3820,1ZwdS5xdxEREPySFridCfh,hiphop,2Pac
57cNuT693f6m8oQb55CfxV,Unsolved,2002,10,https://i.scdn.co/image/ab67616d0000b273b82d54d0db4a3217de0213b7,https://i.scdn.co/image/ab67616d00001e02b82d54d0db4a3217de0213b7,1ZwdS5xdxEREPySFridCfh,hiphop,2Pac
7AdntJMWn1KNRGcc2MwSPw,Until The End Of Time,2001-03-27,28,https://i.scdn.co/image/ab67616d0000b27321c059bc1bd59ee093c9c979,https://i.scdn.co/image/ab67616d00001e0221c059bc1bd59ee093c9c979,1ZwdS5xdxEREPySFridCfh,hiphop,2Pac
0uT4bCZS9o5C1ThDa2VxpV,Until The End Of Time,2001-01-01,29,https://i.scdn.co/image/ab67616d0000b2739e6b304642811ad3469dc8bc,https://i.scdn.co/image/ab67616d00001e029e6b304642811ad3469dc8bc,1ZwdS5xdxEREPySFridCfh,hiphop,2Pac
79fKra4fmUcktHD2BlUk8e,Still I Rise,1999-12-21,15,https://i.scdn.co/image/ab67616d0000b273b095d1f050501b6f11b1de0c,https://i.scdn.co/image/ab67616d00001e02b095d1f050501b6f11b1de0c,1ZwdS5xdxEREPySFridCfh,hiphop,2Pac
0D0MqHQ5ug0IPnxR0QdFXm,Still I Rise,1999-12-21,15,https://i.scdn.co/image/ab67616d0000b273997a95e9fdebdeb9cc37df89,https://i.scdn.co/image/ab67616d00001e02997a95e9fdebdeb9cc37df89,1ZwdS5xdxEREPySFridCfh,hiphop,2Pac
7zURSbIVZ5vl3NIKkrVRvl,R U Still Down? [Remember Me],1997-01-01,26,https://i.scdn.co/image/ab67616d0000b2738e0ff34ad21955b6f4da9b86,https://i.scdn.co/image/ab67616d00001e028e0ff34ad21955b6f4da9b86,1ZwdS5xdxEREPySFridCfh,hiphop,2Pac
78iX7tMceN0FsnmabAtlOC,All Eyez On Me,1996-02-13,27,https://i.scdn.co/image/ab67616d0000b273073aebff28f79959d2543596,https://i.scdn.co/image/ab67616d00001e02073aebff28f79959d2543596,1ZwdS5xdxEREPySFridCfh,hiphop,2Pac
2A1wHE90Z5Aj3TSQVhyU4Y,10 Til' Midnight,2026-04-10,14,https://i.scdn.co/image/ab67616d0000b2732914d7ea3140a68e77a68545,https://i.scdn.co/image/ab67616d00001e022914d7ea3140a68e77a68545,7hJcb9fa4alzcOq3EaNPoG,hiphop,Snoop Dogg
2EDW8OhiHdB2UtE6PCAxZD,Iz It a Crime?,2025-05-15,21,https://i.scdn.co/image/ab67616d0000b27341ea45913b6c9e61bfe1ed9c,https://i.scdn.co/image/ab67616d00001e0241ea45913b6c9e61bfe1ed9c,7hJcb9fa4alzcOq3EaNPoG,hiphop,Snoop Dogg
65naY9lNYSZh6h1mOeqsGN,Missionary,2024-12-13,16,https://i.scdn.co/image/ab67616d0000b273b6821e5538ff5ee5cf167e2c,https://i.scdn.co/image/ab67616d00001e02b6821e5538ff5ee5cf167e2c,7hJcb9fa4alzcOq3EaNPoG,hiphop,Snoop Dogg
4L6Eadsg3dylhJS1BzM9Sa,Bosco (Original Motion Picture Soundtrack) - Side A,2024-09-27,10,https://i.scdn.co/image/ab67616d0000b273c6e4e20a0bdc9dc626f3351d,https://i.scdn.co/image/ab67616d00001e02c6e4e20a0bdc9dc626f3351d,7hJcb9fa4alzcOq3EaNPoG,hiphop,Snoop Dogg
2QioUoh1jheynkUHP4XsCN,Doggystyle (30th Anniversary Edition),2023-11-24,14,https://i.scdn.co/image/ab67616d0000b2738ead8b6eb8d7bc24b26ef26c,https://i.scdn.co/image/ab67616d00001e028ead8b6eb8d7bc24b26ef26c,7hJcb9fa4alzcOq3EaNPoG,hiphop,Snoop Dogg
0W8eSVMCkF6C4CpvtDtOyZ,SNOOP CUBE 40 $HORT,2022-12-09,16,https://i.scdn.co/image/ab67616d0000b273b2d534a193f41fe2829459ee,https://i.scdn.co/image/ab67616d00001e02b2d534a193f41fe2829459ee,7hJcb9fa4alzcOq3EaNPoG,hiphop,Snoop Dogg
6YwpXnqqxbnOqCJLqrxyfb,Gangsta Grillz: I Still Got It,2022-10-20,13,https://i.scdn.co/image/ab67616d0000b27389398fae3d7b3b212389a95f,https://i.scdn.co/image/ab67616d00001e0289398fae3d7b3b212389a95f,7hJcb9fa4alzcOq3EaNPoG,hiphop,Snoop Dogg
282N9Yf8R9zFqSgB80r2qo,"Metaverse: The NFT Drop, Vol. 2",2022-09-02,12,https://i.scdn.co/image/ab67616d0000b27315995c96bf0a97f1ee2fefff,https://i.scdn.co/image/ab67616d00001e0215995c96bf0a97f1ee2fefff,7hJcb9fa4alzcOq3EaNPoG,hiphop,Snoop Dogg
78R84o4n1a3LxcdzgGZKfC,Snoop Dogg Presents Death Row Summer 2022,2022-06-17,15,https://i.scdn.co/image/ab67616d0000b2735d32cd2e2de30f8bc15561a4,https://i.scdn.co/image/ab67616d00001e025d32cd2e2de30f8bc15561a4,7hJcb9fa4alzcOq3EaNPoG,hiphop,Snoop Dogg
4KzJG9VVC0zxlZrRqJTCvE,BODR,2022-02-11,18,https://i.scdn.co/image/ab67616d0000b273e5d64386cbc0c38520b223e8,https://i.scdn.co/image/ab67616d00001e02e5d64386cbc0c38520b223e8,7hJcb9fa4alzcOq3EaNPoG,hiphop,Snoop Dogg
6D1tydNOSP2pWcHlMexO49,From Tha Streets 2 Tha Suites,2021-04-20,10,https://i.scdn.co/image/ab67616d0000b273d0e40bf3e21ab9a3a124ad26,https://i.scdn.co/image/ab67616d00001e02d0e40bf3e21ab9a3a124ad26,7hJcb9fa4alzcOq3EaNPoG,hiphop,Snoop Dogg
0a8d4BfLP3XEiuZZTWxxEQ,I Wanna Thank Me,2019-08-16,22,https://i.scdn.co/image/ab67616d0000b273f57130f43abc3f95d8797c9b,https://i.scdn.co/image/ab67616d00001e02f57130f43abc3f95d8797c9b,7hJcb9fa4alzcOq3EaNPoG,hiphop,Snoop Dogg
7q659RJq4LXjzlZxwByzLk,The Snoop Story,2019-07-22,17,https://i.scdn.co/image/ab67616d0000b273c7a0050e1b3e08463389235a,https://i.scdn.co/image/ab67616d00001e02c7a0050e1b3e08463389235a,7hJcb9fa4alzcOq3EaNPoG,hiphop,Snoop Dogg
4zeITicw3oKpOV5EMQIUQH,Snoop Dogg Presents Bible of Love,2018-03-16,32,https://i.scdn.co/image/ab67616d0000b273780a21fe3b87ae241f3eb70f,https://i.scdn.co/image/ab67616d00001e02780a21fe3b87ae241f3eb70f,7hJcb9fa4alzcOq3EaNPoG,hiphop,Snoop Dogg
1lrNGJv5aIKpx4bznJyHCF,Man Up,2025-09-12,14,https://i.scdn.co/image/ab67616d0000b273a8f34d64a39effc376a139b5,https://i.scdn.co/image/ab67616d00001e02a8f34d64a39effc376a139b5,3Mcii5XWf6E0lrY3Uky4cA,hiphop,Ice Cube
5rDHgJqsjnIgr7hjCswpL7,Man Down,2024-11-22,19,https://i.scdn.co/image/ab67616d0000b273fd85079deaf5285f7dc09e9d,https://i.scdn.co/image/ab67616d00001e02fd85079deaf5285f7dc09e9d,3Mcii5XWf6E0lrY3Uky4cA,hiphop,Ice Cube
7kBs5yKcBV5yrk9WRwHr30,Death Certificate (Complete Edition),2021-10-29,24,https://i.scdn.co/image/ab67616d0000b27383a1c2f9bc7d3d11f8bdf4aa,https://i.scdn.co/image/ab67616d00001e0283a1c2f9bc7d3d11f8bdf4aa,3Mcii5XWf6E0lrY3Uky4cA,hiphop,Ice Cube
0EVgPaKOC8o9JFVpKLMSoz,Everythangs Corrupt,2018-12-07,16,https://i.scdn.co/image/ab67616d0000b273826cbd7282f36016021d3d30,https://i.scdn.co/image/ab67616d00001e02826cbd7282f36016021d3d30,3Mcii5XWf6E0lrY3Uky4cA,hiphop,Ice Cube
0m5NEg8cDvdnpFgd59DZDu,Woodstock '99 (Live),2017-05-19,12,https://i.scdn.co/image/ab67616d0000b273b49998e23daef0438d737dbb,https://i.scdn.co/image/ab67616d00001e02b49998e23daef0438d737dbb,3Mcii5XWf6E0lrY3Uky4cA,hiphop,Ice Cube
2MFkBVEwfAyUQKpdhoDhW5,I Am the West,2010-09-28,16,https://i.scdn.co/image/ab67616d0000b2738d1f66a9961fd9d615525951,https://i.scdn.co/image/ab67616d00001e028d1f66a9961fd9d615525951,3Mcii5XWf6E0lrY3Uky4cA,hiphop,Ice Cube
5enPEhsRUzzvh1ckAxB8i5,Raw Footage (Edited),2008-01-01,16,https://i.scdn.co/image/ab67616d0000b273203f0e8a28e48a43ed3b989d,https://i.scdn.co/image/ab67616d00001e02203f0e8a28e48a43ed3b989d,3Mcii5XWf6E0lrY3Uky4cA,hiphop,Ice Cube
3xbWu3mLkkWZvgHtExIaKZ,Raw Footage,2008-01-01,16,https://i.scdn.co/image/ab67616d0000b273e83d58253e2e7c6742bbf9e4,https://i.scdn.co/image/ab67616d00001e02e83d58253e2e7c6742bbf9e4,3Mcii5XWf6E0lrY3Uky4cA,hiphop,Ice Cube
5W5R6Hue6ar2W6fFE4r6uM,"Laugh Now, Cry Later",2006-01-01,21,https://i.scdn.co/image/ab67616d0000b27373b4e80524a3c03e96961de6,https://i.scdn.co/image/ab67616d00001e0273b4e80524a3c03e96961de6,3Mcii5XWf6E0lrY3Uky4cA,hiphop,Ice Cube
5rZuC67lXA5SI6f4n61gEw,War & Peace Vol. 2 (The Peace Disc),2000-02-29,18,https://i.scdn.co/image/ab67616d0000b27317bf7f81b1a61b828c786857,https://i.scdn.co/image/ab67616d00001e0217bf7f81b1a61b828c786857,3Mcii5XWf6E0lrY3Uky4cA,hiphop,Ice Cube
4aGMvZ44vuIw1xVDUZQBdN,War & Peace Vol. 2 (The Peace Disc),2000-01-01,17,https://i.scdn.co/image/ab67616d0000b273237379c13665c4a9ccb20fdb,https://i.scdn.co/image/ab67616d00001e02237379c13665c4a9ccb20fdb,3Mcii5XWf6E0lrY3Uky4cA,hiphop,Ice Cube
3WZoJdkb9NSvZqkUShSKv4,War & Peace Vol. 1 (The War Disc),1998-11-17,18,https://i.scdn.co/image/ab67616d0000b273cf9e1f7ee70e9f06a1b7d77c,https://i.scdn.co/image/ab67616d00001e02cf9e1f7ee70e9f06a1b7d77c,3Mcii5XWf6E0lrY3Uky4cA,hiphop,Ice Cube
7JlCbNWZszAdVKZdtHFQ5p,Lethal Injection,1993-12-07,12,https://i.scdn.co/image/ab67616d0000b27368820c2a3865d138ab7daba3,https://i.scdn.co/image/ab67616d00001e0268820c2a3865d138ab7daba3,3Mcii5XWf6E0lrY3Uky4cA,hiphop,Ice Cube
21JMRGrW8P50U4005RiFGy,Lethal Injection,1993-12-07,16,https://i.scdn.co/image/ab67616d0000b27336e6691a0db057b9dd6f9f9a,https://i.scdn.co/image/ab67616d00001e0236e6691a0db057b9dd6f9f9a,3Mcii5XWf6E0lrY3Uky4cA,hiphop,Ice Cube
3f35htoN6xM1w2fKE8YZIJ,Tha Carter VI,2025-06-06,19,https://i.scdn.co/image/ab67616d0000b2733cf33f080e04f7d6400def5d,https://i.scdn.co/image/ab67616d00001e023cf33f080e04f7d6400def5d,55Aa2cqylxrFIXC767Z865,hiphop,Lil Wayne
2LdlfTE6xqf2Ez8LPAFZSy,Welcome 2 Collegrove,2023-11-17,21,https://i.scdn.co/image/ab67616d0000b27358c4ab4fdab7fc3c295f9e21,https://i.scdn.co/image/ab67616d00001e0258c4ab4fdab7fc3c295f9e21,55Aa2cqylxrFIXC767Z865,hiphop,Lil Wayne
5M07HCuwYANod8eLdDvMwy,Tha Fix Before Tha VI (Bonus),2023-09-29,11,https://i.scdn.co/image/ab67616d0000b2734a5d8e055fd20d1b78623d83,https://i.scdn.co/image/ab67616d00001e024a5d8e055fd20d1b78623d83,55Aa2cqylxrFIXC767Z865,hiphop,Lil Wayne
0Nur9t7M0miEBoAnQ3rPv2,I Am Music,2023-03-31,18,https://i.scdn.co/image/ab67616d0000b273038c6347f907a6fedc8e2f2a,https://i.scdn.co/image/ab67616d00001e02038c6347f907a6fedc8e2f2a,55Aa2cqylxrFIXC767Z865,hiphop,Lil Wayne
6MVsBi4m5eAzfjb6C3JKwp,Sorry 4 The Wait,2022-01-14,16,https://i.scdn.co/image/ab67616d0000b273300af6c15e091795c7997d86,https://i.scdn.co/image/ab67616d00001e02300af6c15e091795c7997d86,55Aa2cqylxrFIXC767Z865,hiphop,Lil Wayne
2gDny6NDG26azxuTbtNxgq,Trust Fund Babies,2021-10-01,10,https://i.scdn.co/image/ab67616d0000b27398d1486777ffe90167ebc5b4,https://i.scdn.co/image/ab67616d00001e0298d1486777ffe90167ebc5b4,55Aa2cqylxrFIXC767Z865,hiphop,Lil Wayne
4ljsev5vUnwB2BUFAMvwwy,Tha Carter V (Deluxe),2020-09-25,33,https://i.scdn.co/image/ab67616d0000b273d9cc4a9ece3df3ad0b6cdcdc,https://i.scdn.co/image/ab67616d00001e02d9cc4a9ece3df3ad0b6cdcdc,55Aa2cqylxrFIXC767Z865,hiphop,Lil Wayne
15rah8uTv13tEhScI9Nv8z,No Ceilings,2020-08-28,12,https://i.scdn.co/image/ab67616d0000b2730ecc76569dda9830ac05be7e,https://i.scdn.co/image/ab67616d00001e020ecc76569dda9830ac05be7e,55Aa2cqylxrFIXC767Z865,hiphop,Lil Wayne
49zB39sak50ghwZMwHQqQ0,Funeral (Deluxe),2020-05-29,32,https://i.scdn.co/image/ab67616d0000b2739f6fe42777cc1287ee4c06b2,https://i.scdn.co/image/ab67616d00001e029f6fe42777cc1287ee4c06b2,55Aa2cqylxrFIXC767Z865,hiphop,Lil Wayne
2x657XotA7LCsPElXmXX4W,Funeral,2020-01-31,24,https://i.scdn.co/image/ab67616d0000b2731fceb0586044165d23cb0197,https://i.scdn.co/image/ab67616d00001e021fceb0586044165d23cb0197,55Aa2cqylxrFIXC767Z865,hiphop,Lil Wayne
50yFYgKdwJANZ5O9MIbMkg,Tha Carter V,2018-09-28,23,https://i.scdn.co/image/ab67616d0000b273bb1138165ad4ec2306f4e886,https://i.scdn.co/image/ab67616d00001e02bb1138165ad4ec2306f4e886,55Aa2cqylxrFIXC767Z865,hiphop,Lil Wayne
0C0Vs4XobImmqpr6kIasde,SUPERFLY (Original Motion Picture Soundtrack),2018-06-15,23,https://i.scdn.co/image/ab67616d0000b273553162a7641ebb0aac36a90a,https://i.scdn.co/image/ab67616d00001e02553162a7641ebb0aac36a90a,55Aa2cqylxrFIXC767Z865,hiphop,Lil Wayne
2wVTLpA19kpk5qmkTASir0,FWA,2015-07-03,13,https://i.scdn.co/image/ab67616d0000b273b1ce5dfb05567297f910ae20,https://i.scdn.co/image/ab67616d00001e02b1ce5dfb05567297f910ae20,55Aa2cqylxrFIXC767Z865,hiphop,Lil Wayne
34IArbyPZ3ZHtFETOmsqL7,The Kanan Tape,2016-01-22,11,https://i.scdn.co/image/ab67616d0000b2731215fd2b58b20d15ff4265ea,https://i.scdn.co/image/ab67616d00001e021215fd2b58b20d15ff4265ea,3q7HBObVc0L8jNeTe5Gofh,hiphop,50 Cent
0KmKhrRc4dFTA5dHMJlm5w,Animal Ambition: An Untamed Desire To Win,2014-05-30,11,https://i.scdn.co/image/ab67616d0000b27349ae284b970f5a2abd96768a,https://i.scdn.co/image/ab67616d00001e0249ae284b970f5a2abd96768a,3q7HBObVc0L8jNeTe5Gofh,hiphop,50 Cent
4kaCrosmqvvrPUEAwcnC3s,Before I Self-Destruct,2009-01-01,18,https://i.scdn.co/image/ab67616d0000b2735fcaf37050baf451d34570f6,https://i.scdn.co/image/ab67616d00001e025fcaf37050baf451d34570f6,3q7HBObVc0L8jNeTe5Gofh,hiphop,50 Cent
3AgCuejBHH780ROyGkKUvj,Bullet Proof,2007-01-30,14,https://i.scdn.co/image/ab67616d0000b273195db6676f2a9a7b2ec7b733,https://i.scdn.co/image/ab67616d00001e02195db6676f2a9a7b2ec7b733,3q7HBObVc0L8jNeTe5Gofh,hiphop,50 Cent
5VfBwkAoSsQwtZjPU0Gr7h,Curtis,2007-01-01,18,https://i.scdn.co/image/ab67616d0000b2734b9ca70affe8386d84bd260d,https://i.scdn.co/image/ab67616d00001e024b9ca70affe8386d84bd260d,3q7HBObVc0L8jNeTe5Gofh,hiphop,50 Cent
2pidzXTaHV4WaIJYRxKDCH,The Massacre,2005-03-03,22,https://i.scdn.co/image/ab67616d0000b27391f7222996c531b981e7bb3d,https://i.scdn.co/image/ab67616d00001e0291f7222996c531b981e7bb3d,3q7HBObVc0L8jNeTe5Gofh,hiphop,50 Cent
5G5rgQHzdQnw32SI0WjIo5,Get Rich Or Die Tryin',2003-02-06,20,https://i.scdn.co/image/ab67616d0000b273d843fabb75fef14010e30cae,https://i.scdn.co/image/ab67616d00001e02d843fabb75fef14010e30cae,3q7HBObVc0L8jNeTe5Gofh,hiphop,50 Cent
1jzv3jwZbt8lYfEtMjiD1R,DON'T TAP THE GLASS,2025-07-21,10,https://i.scdn.co/image/ab67616d0000b2734b7fbb849ed845ddedcce346,https://i.scdn.co/image/ab67616d00001e024b7fbb849ed845ddedcce346,4V8LLVI7PbaPR0K2TGSxFF,hiphop,"Tyler, The Creator"
4GVE2VlOr32mscmOks9zY1,CHROMAKOPIA +,2024-10-29,15,https://i.scdn.co/image/ab67616d0000b273f2bfe361205aea3dd17c09a2,https://i.scdn.co/image/ab67616d00001e02f2bfe361205aea3dd17c09a2,4V8LLVI7PbaPR0K2TGSxFF,hiphop,"Tyler, The Creator"
0U28P0QVB1QRxpqp5IHOlH,CHROMAKOPIA,2024-10-28,14,https://i.scdn.co/image/ab67616d0000b273084a94988541c2402615d014,https://i.scdn.co/image/ab67616d00001e02084a94988541c2402615d014,4V8LLVI7PbaPR0K2TGSxFF,hiphop,"Tyler, The Creator"
1GG6U2SSJPHO6XsFiBzxYv,CALL ME IF YOU GET LOST: The Estate Sale,2023-03-31,24,https://i.scdn.co/image/ab67616d0000b273aa95a399fd30fbb4f6f59fca,https://i.scdn.co/image/ab67616d00001e02aa95a399fd30fbb4f6f59fca,4V8LLVI7PbaPR0K2TGSxFF,hiphop,"Tyler, The Creator"
45ba6QAtNrdv6Ke4MFOKk9,CALL ME IF YOU GET LOST,2021-06-25,16,https://i.scdn.co/image/ab67616d0000b273940aa635eea98719f6ca4ad9,https://i.scdn.co/image/ab67616d00001e02940aa635eea98719f6ca4ad9,4V8LLVI7PbaPR0K2TGSxFF,hiphop,"Tyler, The Creator"
5zi7WsKlIiUXv09tbGLKsE,IGOR,2019-05-17,12,https://i.scdn.co/image/ab67616d0000b27330a635de2bb0caa4e26f6abb,https://i.scdn.co/image/ab67616d00001e0230a635de2bb0caa4e26f6abb,4V8LLVI7PbaPR0K2TGSxFF,hiphop,"Tyler, The Creator"
2nkto6YNI4rUYTLqEwWJ3o,Flower Boy,2017-07-21,14,https://i.scdn.co/image/ab67616d0000b2738940ac99f49e44f59e6f7fb3,https://i.scdn.co/image/ab67616d00001e028940ac99f49e44f59e6f7fb3,4V8LLVI7PbaPR0K2TGSxFF,hiphop,"Tyler, The Creator"
5V3Chnpno9oTI7JSPXKUf3,Cherry Bomb + Instrumentals,2015-04-13,26,https://i.scdn.co/image/ab67616d0000b27337906edcfbfde42b203097f2,https://i.scdn.co/image/ab67616d00001e0237906edcfbfde42b203097f2,4V8LLVI7PbaPR0K2TGSxFF,hiphop,"Tyler, The Creator"
621OhgnZJ7Pz8iUazct1In,Cherry Bomb,2015-04-13,13,https://i.scdn.co/image/ab67616d0000b273e4bf0d3d9e0224a30ca5f665,https://i.scdn.co/image/ab67616d00001e02e4bf0d3d9e0224a30ca5f665,4V8LLVI7PbaPR0K2TGSxFF,hiphop,"Tyler, The Creator"
6hSjwUPL9jSBtZPgyFWfjI,Live At Splash!,2013-09-02,31,https://i.scdn.co/image/ab67616d0000b27334b5ec384aece41bb4e1ec65,https://i.scdn.co/image/ab67616d00001e0234b5ec384aece41bb4e1ec65,4V8LLVI7PbaPR0K2TGSxFF,hiphop,"Tyler, The Creator"
4jEKedq9rWPV9OXuMkrZCa,Wolf + Instrumentals,2013-04-01,38,https://i.scdn.co/image/ab67616d0000b2733dc9f1b0abd114fda4d9fb0b,https://i.scdn.co/image/ab67616d00001e023dc9f1b0abd114fda4d9fb0b,4V8LLVI7PbaPR0K2TGSxFF,hiphop,"Tyler, The Creator"
40QTqOBBxCEIQlLNdSjFQB,Wolf,2013-04-01,18,https://i.scdn.co/image/ab67616d0000b273913f492347e1585748450855,https://i.scdn.co/image/ab67616d00001e02913f492347e1585748450855,4V8LLVI7PbaPR0K2TGSxFF,hiphop,"Tyler, The Creator"
3CxknRPQLbOJRwQrNekNyU,Goblin,2011-05-09,18,https://i.scdn.co/image/ab67616d0000b2735ea9799a88c0760ec03ac6b8,https://i.scdn.co/image/ab67616d00001e025ea9799a88c0760ec03ac6b8,4V8LLVI7PbaPR0K2TGSxFF,hiphop,"Tyler, The Creator"
39yycJHBG2dIjrRVXqyYFR,GO:OD AM (10th Anniversary),2025-10-24,20,https://i.scdn.co/image/ab67616d0000b27368dda1267eccdcffc47debe1,https://i.scdn.co/image/ab67616d00001e0268dda1267eccdcffc47debe1,4LLpKhyESsyAXpc4laK94U,hiphop,Mac Miller
2ANFIaCb53iam0MBkFFoxY,Balloonerism,2025-01-17,14,https://i.scdn.co/image/ab67616d0000b2737541018cfe436a0330fd919a,https://i.scdn.co/image/ab67616d00001e027541018cfe436a0330fd919a,4LLpKhyESsyAXpc4laK94U,hiphop,Mac Miller
5x3oczsn7WLy0EMUoYNXPR,Watching Movies with the Sound Off (10th Anniversary),2023-06-23,21,https://i.scdn.co/image/ab67616d0000b273c43c00a180287769274abcdc,https://i.scdn.co/image/ab67616d00001e02c43c00a180287769274abcdc,4LLpKhyESsyAXpc4laK94U,hiphop,Mac Miller
6mpLouhHaXGkWsxgnX621y,"I Love Life, Thank You",2022-07-22,13,https://i.scdn.co/image/ab67616d0000b27338d4d52b8a6127029d426757,https://i.scdn.co/image/ab67616d00001e0238d4d52b8a6127029d426757,4LLpKhyESsyAXpc4laK94U,hiphop,Mac Miller
5SKnXCvB4fcGSZu32o3LRY,Faces,2021-10-15,25,https://i.scdn.co/image/ab67616d0000b273470bc019add62f15243bc644,https://i.scdn.co/image/ab67616d00001e02470bc019add62f15243bc644,4LLpKhyESsyAXpc4laK94U,hiphop,Mac Miller
5sY6UIQ32GqwMLAfSNEaXb,Circles,2020-01-17,12,https://i.scdn.co/image/ab67616d0000b273d9d8f1a08476cd347fbea313,https://i.scdn.co/image/ab67616d00001e02d9d8f1a08476cd347fbea313,4LLpKhyESsyAXpc4laK94U,hiphop,Mac Miller
5wtE5aLX5r7jOosmPhJhhk,Swimming,2018-08-03,13,https://i.scdn.co/image/ab67616d0000b273175c577a61aa13d4fb4b6534,https://i.scdn.co/image/ab67616d00001e02175c577a61aa13d4fb4b6534,4LLpKhyESsyAXpc4laK94U,hiphop,Mac Miller
2K1eyKWWrGOXkEjJstoipT,The Divine Feminine,2016-09-16,10,https://i.scdn.co/image/ab67616d0000b27371aea38eee8298d630f8e879,https://i.scdn.co/image/ab67616d00001e0271aea38eee8298d630f8e879,4LLpKhyESsyAXpc4laK94U,hiphop,Mac Miller
2OxW8MjnnNSAvFoG7igg7M,Best Day Ever,2016-06-03,16,https://i.scdn.co/image/ab67616d0000b273997356b2c6ca1db6b7586bbf,https://i.scdn.co/image/ab67616d00001e02997356b2c6ca1db6b7586bbf,4LLpKhyESsyAXpc4laK94U,hiphop,Mac Miller
2Tyx5dLhHYkx6zeAdVaTzN,GO:OD AM,2015-09-18,17,https://i.scdn.co/image/ab67616d0000b273ee0f38410382a255e4fb15f4,https://i.scdn.co/image/ab67616d00001e02ee0f38410382a255e4fb15f4,4LLpKhyESsyAXpc4laK94U,hiphop,Mac Miller
4FuspgI579QoA1nT44MCkM,Live From Space,2013-12-17,14,https://i.scdn.co/image/ab67616d0000b273495582d0926f91ae12ec2e90,https://i.scdn.co/image/ab67616d00001e02495582d0926f91ae12ec2e90,4LLpKhyESsyAXpc4laK94U,hiphop,Mac Miller
4iwdNpYgW4MwnJ3q1JZ88U,Watching Movies with the Sound Off,2013-06-18,16,https://i.scdn.co/image/ab67616d0000b273f33072178773789a4c2b8110,https://i.scdn.co/image/ab67616d00001e02f33072178773789a4c2b8110,4LLpKhyESsyAXpc4laK94U,hiphop,Mac Miller
0LdaWkTotOqOcUxwEPBF6N,Mac Miller : Live From London (With The Internet),2013-01-01,7,https://i.scdn.co/image/ab67616d0000b273ab0d87c386e14bffa01aff0e,https://i.scdn.co/image/ab67616d00001e02ab0d87c386e14bffa01aff0e,4LLpKhyESsyAXpc4laK94U,hiphop,Mac Miller
5uLB6ONw5NOYUNaKlnH7S1,Macadelic,2012-03-23,17,https://i.scdn.co/image/ab67616d0000b2736d47a430275e8429ea38c22a,https://i.scdn.co/image/ab67616d00001e026d47a430275e8429ea38c22a,4LLpKhyESsyAXpc4laK94U,hiphop,Mac Miller
0xRRqJIhWIU0WASStddsWK,21 Gramm,2025-08-29,15,https://i.scdn.co/image/ab67616d0000b273980067f19879c94703c57d58,https://i.scdn.co/image/ab67616d00001e02980067f19879c94703c57d58,1qQLhymHXFPtP5U8KNKsm6,hiphop,Apache 207
28znTBZh9uV0BCoJ0w6xuk,Gesegnet,2025-01-17,6,https://i.scdn.co/image/ab67616d0000b2735fbfc1b83b13eecadc51fb46,https://i.scdn.co/image/ab67616d00001e025fbfc1b83b13eecadc51fb46,1qQLhymHXFPtP5U8KNKsm6,hiphop,Apache 207
6Sd0rVatEiURCktc2Yr4EU,Gartenstadt,2023-06-09,15,https://i.scdn.co/image/ab67616d0000b2738b13ecf15dfab14e9290b858,https://i.scdn.co/image/ab67616d00001e028b13ecf15dfab14e9290b858,1qQLhymHXFPtP5U8KNKsm6,hiphop,Apache 207
7iQOHapyn3aPci68pQxR0p,2sad2disco,2021-12-10,12,https://i.scdn.co/image/ab67616d0000b273baa8c6b3481df8562940481c,https://i.scdn.co/image/ab67616d00001e02baa8c6b3481df8562940481c,1qQLhymHXFPtP5U8KNKsm6,hiphop,Apache 207
50tETesjwQTm86wCy4BXZj,Treppenhaus,2020-07-31,12,https://i.scdn.co/image/ab67616d0000b2736be811aa94c18a198e8bc705,https://i.scdn.co/image/ab67616d00001e026be811aa94c18a198e8bc705,1qQLhymHXFPtP5U8KNKsm6,hiphop,Apache 207
0IoleYbJxOgQLuZDkzyzPG,Platte,2019-10-25,8,https://i.scdn.co/image/ab67616d0000b2735ad6a8a3acb89efcdc51bde8,https://i.scdn.co/image/ab67616d00001e025ad6a8a3acb89efcdc51bde8,1qQLhymHXFPtP5U8KNKsm6,hiphop,Apache 207
1BkQ4K6xyfPt4kSfNJ6wpJ,BABO – DIE HAFTBEFEHL STORY (Official Soundtrack),2025-10-28,30,https://i.scdn.co/image/ab67616d0000b27367d8f2139a6c1c2fa984d5c7,https://i.scdn.co/image/ab67616d00001e0267d8f2139a6c1c2fa984d5c7,6ynopZPMBXcIGBI9M02Un5,hiphop,Haftbefehl
0rvvkv9MNmAx7HSS6kYknL,PLATINBLOCK,2024-04-25,16,https://i.scdn.co/image/ab67616d0000b273b587cc6f371c631ea71a3d63,https://i.scdn.co/image/ab67616d00001e02b587cc6f371c631ea71a3d63,6ynopZPMBXcIGBI9M02Un5,hiphop,Haftbefehl
2mLGeHnFL0oDwDHyoCmyTp,Mainpark Baby,2022-12-01,13,https://i.scdn.co/image/ab67616d0000b273f76a72359a05cd24b1d1f576,https://i.scdn.co/image/ab67616d00001e02f76a72359a05cd24b1d1f576,6ynopZPMBXcIGBI9M02Un5,hiphop,Haftbefehl
6v2yLFO3w9DsosPugJsbF6,Das schwarze Album,2021-04-29,13,https://i.scdn.co/image/ab67616d0000b2734350116b1085b346f79fc24a,https://i.scdn.co/image/ab67616d00001e024350116b1085b346f79fc24a,6ynopZPMBXcIGBI9M02Un5,hiphop,Haftbefehl
1YKG4ksCAHSyxs8EfoYy2p,Das weisse Album,2020-06-04,14,https://i.scdn.co/image/ab67616d0000b2735f55b85b8a266877a6e1bf64,https://i.scdn.co/image/ab67616d00001e025f55b85b8a266877a6e1bf64,6ynopZPMBXcIGBI9M02Un5,hiphop,Haftbefehl
6H16l0aclr4Ck2t8xGGX5x,Der Holland Job,2016-08-12,25,https://i.scdn.co/image/ab67616d0000b273991893e9223585a7ecc300eb,https://i.scdn.co/image/ab67616d00001e02991893e9223585a7ecc300eb,6ynopZPMBXcIGBI9M02Un5,hiphop,Haftbefehl
2e8rOyMcK9LsUwZp6Wt5W0,Unzensiert,2015-12-18,16,https://i.scdn.co/image/ab67616d0000b273462c4902c2825cb9bfe37ecd,https://i.scdn.co/image/ab67616d00001e02462c4902c2825cb9bfe37ecd,6ynopZPMBXcIGBI9M02Un5,hiphop,Haftbefehl
3K6MF35dS8vhxKvkcocAHc,Russisch Roulette (Deluxe),2014-11-28,29,https://i.scdn.co/image/ab67616d0000b273a3d5d45924d9617980af3955,https://i.scdn.co/image/ab67616d00001e02a3d5d45924d9617980af3955,6ynopZPMBXcIGBI9M02Un5,hiphop,Haftbefehl
2Sn6VvGj9iJXeOscejbIWu,Kanackis,2012-02-10,17,https://i.scdn.co/image/ab67616d0000b27397df4a9fca71ee27c5a92a2d,https://i.scdn.co/image/ab67616d00001e0297df4a9fca71ee27c5a92a2d,6ynopZPMBXcIGBI9M02Un5,hiphop,Haftbefehl
44ejIOldJCu18mgiwj1zJ8,Azzlack Stereotyp,2010-10-29,21,https://i.scdn.co/image/ab67616d0000b273fcb930dce922d03f008efe72,https://i.scdn.co/image/ab67616d00001e02fcb930dce922d03f008efe72,6ynopZPMBXcIGBI9M02Un5,hiphop,Haftbefehl
3iz5Pi64TjG74XdhISBbV2,AUGEN TRÄUMEN HERZEN SEHEN - TOUR 2025 Doku,2026-04-24,17,https://i.scdn.co/image/ab67616d0000b273a80d71a5f7d43b2cc249caea,https://i.scdn.co/image/ab67616d00001e02a80d71a5f7d43b2cc249caea,4lDiJcOJ2GLCK6p9q5BgfK,hiphop,Kontra K
1ARwY4w7bNbAcVL2ngxk2l,Augen träumen Herzen sehen,2025-10-29,20,https://i.scdn.co/image/ab67616d0000b273e2b2a7bc8b77e21bcf41420d,https://i.scdn.co/image/ab67616d00001e02e2b2a7bc8b77e21bcf41420d,4lDiJcOJ2GLCK6p9q5BgfK,hiphop,Kontra K
1VLKFGaQoKLvxzIWQxLKZI,Die Hoffnung klaut mir Niemand,2023-11-09,19,https://i.scdn.co/image/ab67616d0000b2736e80215d1e0d5efe3ccb3572,https://i.scdn.co/image/ab67616d00001e026e80215d1e0d5efe3ccb3572,4lDiJcOJ2GLCK6p9q5BgfK,hiphop,Kontra K
5HeOz6InVkwkXkacIGgHRa,Für den Himmel durch die Hölle (Deluxe Edition),2023-02-02,30,https://i.scdn.co/image/ab67616d0000b273436bd62f90ea594caf9a8154,https://i.scdn.co/image/ab67616d00001e02436bd62f90ea594caf9a8154,4lDiJcOJ2GLCK6p9q5BgfK,hiphop,Kontra K
48AnVQz7wrKscxKNKiJKIr,Aus dem Licht in den Schatten zurück,2021-05-21,15,https://i.scdn.co/image/ab67616d0000b273661a0f964a8965c02b997c98,https://i.scdn.co/image/ab67616d00001e02661a0f964a8965c02b997c98,4lDiJcOJ2GLCK6p9q5BgfK,hiphop,Kontra K
0A2Fv4wziWXjSLylfMvbI5,Vollmond,2020-09-25,20,https://i.scdn.co/image/ab67616d0000b2734f5c9984fbd793f918d221d8,https://i.scdn.co/image/ab67616d00001e024f5c9984fbd793f918d221d8,4lDiJcOJ2GLCK6p9q5BgfK,hiphop,Kontra K
4m9FP8NlqLQfEEwtRIRP5x,Sie wollten Wasser doch kriegen Benzin,2019-05-24,20,https://i.scdn.co/image/ab67616d0000b2735ced164a6826a0acfb9c4e57,https://i.scdn.co/image/ab67616d00001e025ced164a6826a0acfb9c4e57,4lDiJcOJ2GLCK6p9q5BgfK,hiphop,Kontra K
47tOfXJ9EW6pO26FKzFBn7,Erde & Knochen,2018-05-11,34,https://i.scdn.co/image/ab67616d0000b2736a640dad9c363bd03d1c3545,https://i.scdn.co/image/ab67616d00001e026a640dad9c363bd03d1c3545,4lDiJcOJ2GLCK6p9q5BgfK,hiphop,Kontra K
3I29DtITsCot8SlktkzhQh,Gute Nacht (with Commentary),2017-04-28,18,https://i.scdn.co/image/ab67616d0000b273bf283706047ce8e00290516b,https://i.scdn.co/image/ab67616d00001e02bf283706047ce8e00290516b,4lDiJcOJ2GLCK6p9q5BgfK,hiphop,Kontra K
3pzIwqrnLZsSXH3aKWxCV4,Labyrinth,2016-05-20,43,https://i.scdn.co/image/ab67616d0000b273cd6e556e8553ad3eb4da74d3,https://i.scdn.co/image/ab67616d00001e02cd6e556e8553ad3eb4da74d3,4lDiJcOJ2GLCK6p9q5BgfK,hiphop,Kontra K
4UedADJxjokipx8oW1CuqX,Aus dem Schatten ins Licht,2015-02-06,17,https://i.scdn.co/image/ab67616d0000b273596cfde8b0e1d0f597d75913,https://i.scdn.co/image/ab67616d00001e02596cfde8b0e1d0f597d75913,4lDiJcOJ2GLCK6p9q5BgfK,hiphop,Kontra K
5BQGVvLOxwskUzPxUUJFZh,Auf Teufel komm raus,2013,7,https://i.scdn.co/image/ab67616d0000b2737b08ecc67549b95a1eb2de84,https://i.scdn.co/image/ab67616d00001e027b08ecc67549b95a1eb2de84,4lDiJcOJ2GLCK6p9q5BgfK,hiphop,Kontra K
4HrEhJUIUusV82oOAKXNH2,12 Runden,2013,20,https://i.scdn.co/image/ab67616d0000b2739a176b04f8b082350a0008cd,https://i.scdn.co/image/ab67616d00001e029a176b04f8b082350a0008cd,4lDiJcOJ2GLCK6p9q5BgfK,hiphop,Kontra K
1AltC4ywUTBQodlAieAViM,Was die Zeit bringt (Premium Edition),2012,18,https://i.scdn.co/image/ab67616d0000b273f0c5a4a9fe287a21d136075d,https://i.scdn.co/image/ab67616d00001e02f0c5a4a9fe287a21d136075d,4lDiJcOJ2GLCK6p9q5BgfK,hiphop,Kontra K
2eFSxvxOTCXFeg0uR5uA3p,Zum Glück in die Zukunft III,2026-04-17,11,https://i.scdn.co/image/ab67616d0000b27328e07d09a5d5513da522e65f,https://i.scdn.co/image/ab67616d00001e0228e07d09a5d5513da522e65f,3nDNDLcZuSto4k9u4AbcLB,hiphop,Marteria
19Y5unyuRZrnaKxRLzbQBs,5. DIMENSION,2021-10-15,12,https://i.scdn.co/image/ab67616d0000b273e2d28be60707c966c775990c,https://i.scdn.co/image/ab67616d00001e02e2d28be60707c966c775990c,3nDNDLcZuSto4k9u4AbcLB,hiphop,Marteria
6dGnR9DLH0xU1VLzUAsPqq,Live im Ostseestadion,2018-11-30,24,https://i.scdn.co/image/ab67616d0000b27323350c6b4af6b3ec97a8dcdf,https://i.scdn.co/image/ab67616d00001e0223350c6b4af6b3ec97a8dcdf,3nDNDLcZuSto4k9u4AbcLB,hiphop,Marteria
7zyeXBemQOEAiDWjeaFvcI,1982,2018-08-31,10,https://i.scdn.co/image/ab67616d0000b2732fe1c3a6b09018dc5c0620ca,https://i.scdn.co/image/ab67616d00001e022fe1c3a6b09018dc5c0620ca,3nDNDLcZuSto4k9u4AbcLB,hiphop,Marteria
0dHuY9zp8fjszsCS91oHRU,Roswell,2017-05-26,12,https://i.scdn.co/image/ab67616d0000b273dc19cc35abcf289b27abddb3,https://i.scdn.co/image/ab67616d00001e02dc19cc35abcf289b27abddb3,3nDNDLcZuSto4k9u4AbcLB,hiphop,Marteria
0DeCtNnAxRV9e6tbOLSbuq,Zum Glück in die Zukunft II,2014-01-31,14,https://i.scdn.co/image/ab67616d0000b273dbd57ff5142951371b454dd4,https://i.scdn.co/image/ab67616d00001e02dbd57ff5142951371b454dd4,3nDNDLcZuSto4k9u4AbcLB,hiphop,Marteria
0UQKjFvWFL1FLA32Dc8BXp,Zum Glück in die Zukunft (Premium Version),2010-08-27,39,https://i.scdn.co/image/ab67616d0000b27308cec93b07369d0eaa3a1bf2,https://i.scdn.co/image/ab67616d00001e0208cec93b07369d0eaa3a1bf2,3nDNDLcZuSto4k9u4AbcLB,hiphop,Marteria
3VcfcnlfyHVvJvaZPKEP4u,Base Ventura,2007,17,https://i.scdn.co/image/ab67616d0000b273ce58b936c20c23cab2f2836b,https://i.scdn.co/image/ab67616d00001e02ce58b936c20c23cab2f2836b,3nDNDLcZuSto4k9u4AbcLB,hiphop,Marteria
6k5p5oU3jFqUc3p8U7qYwA,Stankonia (25th Anniversary),2025-10-31,32,https://i.scdn.co/image/ab67616d0000b273d6f93656303074dad49f6515,https://i.scdn.co/image/ab67616d00001e02d6f93656303074dad49f6515,1G9G7WwrXka3Z1r7aIDjI7,hiphop,OutKast
4PID9ExpAM3SuYCPlBseRv,ATLiens (25th Anniversary Deluxe Edition),2021-08-27,29,https://i.scdn.co/image/ab67616d0000b27320d45c86d40f5aaf88bb1c17,https://i.scdn.co/image/ab67616d00001e0220d45c86d40f5aaf88bb1c17,1G9G7WwrXka3Z1r7aIDjI7,hiphop,OutKast
2YHXNl8D5FkJntGSnXHTa3,Live From Los Angeles,2013-12-10,14,https://i.scdn.co/image/ab67616d0000b273411a9515d0a1e2f7acb738b3,https://i.scdn.co/image/ab67616d00001e02411a9515d0a1e2f7acb738b3,1G9G7WwrXka3Z1r7aIDjI7,hiphop,OutKast
3L6JBfRxhzGzhhRDlTEdBz,Idlewild,2006-08-22,25,https://i.scdn.co/image/ab67616d0000b2733a6e47b30d9af72db1dba2da,https://i.scdn.co/image/ab67616d00001e023a6e47b30d9af72db1dba2da,1G9G7WwrXka3Z1r7aIDjI7,hiphop,OutKast
1UsmQ3bpJTyK6ygoOOjG1r,Speakerboxxx/The Love Below,2003,40,https://i.scdn.co/image/ab67616d0000b2736e88eb6508fd94cd1b745ce2,https://i.scdn.co/image/ab67616d00001e026e88eb6508fd94cd1b745ce2,1G9G7WwrXka3Z1r7aIDjI7,hiphop,OutKast
2tm3Ht61kqqRZtIYsBjxEj,Stankonia,2000-10-31,24,https://i.scdn.co/image/ab67616d0000b273153b3d6495031cb813a7451c,https://i.scdn.co/image/ab67616d00001e02153b3d6495031cb813a7451c,1G9G7WwrXka3Z1r7aIDjI7,hiphop,OutKast
5ceB3rxgXqIRpsOvVzTG28,Aquemini,1998-09-29,16,https://i.scdn.co/image/ab67616d0000b273e2352cc20602d45e9a0e7617,https://i.scdn.co/image/ab67616d00001e02e2352cc20602d45e9a0e7617,1G9G7WwrXka3Z1r7aIDjI7,hiphop,OutKast
1IaBCF26OjgYwUCEPaIyC0,ATLiens,1996-08-27,15,https://i.scdn.co/image/ab67616d0000b27384be563c5931d7ef35706148,https://i.scdn.co/image/ab67616d00001e0284be563c5931d7ef35706148,1G9G7WwrXka3Z1r7aIDjI7,hiphop,OutKast
2aguk06CzD0Dy6FXpjfoV4,ATLiens / Wheelz of Steel,1996-08-17,9,https://i.scdn.co/image/ab67616d0000b27398ac56ba57ef6581d0247947,https://i.scdn.co/image/ab67616d00001e0298ac56ba57ef6581d0247947,1G9G7WwrXka3Z1r7aIDjI7,hiphop,OutKast
3l5AwLKqQ42VJbc5lTuP8G,Southernplayalisticadillacmuzik,1994-04-26,17,https://i.scdn.co/image/ab67616d0000b273aa769e35e297a20f214d0c64,https://i.scdn.co/image/ab67616d00001e02aa769e35e297a20f214d0c64,1G9G7WwrXka3Z1r7aIDjI7,hiphop,OutKast
4a7koXxTqak4eW4K5WYE5n,A Catalogue of Jazz: Miles Davis,2026-01-15,34,https://i.scdn.co/image/ab67616d0000b273b80acb4c798a69dcaf9345e0,https://i.scdn.co/image/ab67616d00001e02b80acb4c798a69dcaf9345e0,0kbYTNQb4Pb1rPbbaF0pT4,jazz,Miles Davis
0YO1jsKIjc53uqC2AShPAI,Miles '55 (Remastered 2025),2025-08-22,16,https://i.scdn.co/image/ab67616d0000b273b310883740c5de113a457c9a,https://i.scdn.co/image/ab67616d00001e02b310883740c5de113a457c9a,0kbYTNQb4Pb1rPbbaF0pT4,jazz,Miles Davis
52BnQI4wOSP6ld9FxYs1uX,The Musings Of Miles (Remastered 2025),2025-04-18,6,https://i.scdn.co/image/ab67616d0000b2731cbc43a8ff6e47f3c586fd72,https://i.scdn.co/image/ab67616d00001e021cbc43a8ff6e47f3c586fd72,0kbYTNQb4Pb1rPbbaF0pT4,jazz,Miles Davis
16cOIJcGCSl6UAqh0K8Ygi,A Night of Miles Davis,2025-03-15,53,https://i.scdn.co/image/ab67616d0000b273b6c0feb3d7441f0642b8f3c0,https://i.scdn.co/image/ab67616d00001e02b6c0feb3d7441f0642b8f3c0,0kbYTNQb4Pb1rPbbaF0pT4,jazz,Miles Davis
7fbW86CqM8L2orKkAPXmC4,Birth of the Blue,2024-12-20,4,https://i.scdn.co/image/ab67616d0000b273f9acf81e42ce76d8005871d4,https://i.scdn.co/image/ab67616d00001e02f9acf81e42ce76d8005871d4,0kbYTNQb4Pb1rPbbaF0pT4,jazz,Miles Davis
3n0Rai2wkPIKr2CsfRkaNg,Miles '54: The Prestige Recordings (Remastered 2024),2024-11-22,20,https://i.scdn.co/image/ab67616d0000b273db1ea13011d360475462d94e,https://i.scdn.co/image/ab67616d00001e02db1ea13011d360475462d94e,0kbYTNQb4Pb1rPbbaF0pT4,jazz,Miles Davis
37MbqAzjZEd4PGTdsIa0of,"Miles Davis Quintet in Concert Live at the Olympia, Paris, November 30 - 1957",2023-09-15,12,https://i.scdn.co/image/ab67616d0000b273534096974bac888b3c0f076b,https://i.scdn.co/image/ab67616d00001e02534096974bac888b3c0f076b,0kbYTNQb4Pb1rPbbaF0pT4,jazz,Miles Davis
4vRbGMTJN701hCtl3A3uv2,Tune Up,2023-05-07,12,https://i.scdn.co/image/ab67616d0000b273bc5eed6cd9370ad70024559b,https://i.scdn.co/image/ab67616d00001e02bc5eed6cd9370ad70024559b,0kbYTNQb4Pb1rPbbaF0pT4,jazz,Miles Davis
7AzHSPo0djoJRwpnuHIyjm,Blue 'n' Boogie,2023-05-07,13,https://i.scdn.co/image/ab67616d0000b2739faf4016570cfadcbedfeb2d,https://i.scdn.co/image/ab67616d00001e029faf4016570cfadcbedfeb2d,0kbYTNQb4Pb1rPbbaF0pT4,jazz,Miles Davis
58NxAWEvHtjv9VxDO8JMCM,Tivoli Koncertsal (Live Copenhagen '71),2023-03-07,8,https://i.scdn.co/image/ab67616d0000b2732f601c4488b02acbab0e0cd9,https://i.scdn.co/image/ab67616d00001e022f601c4488b02acbab0e0cd9,0kbYTNQb4Pb1rPbbaF0pT4,jazz,Miles Davis
6dECrOGkeOBQKweHYip6r6,On Savoy: Charlie Parker & Miles Davis,2022-11-04,15,https://i.scdn.co/image/ab67616d0000b2731eb856aad90784f0472d893e,https://i.scdn.co/image/ab67616d00001e021eb856aad90784f0472d893e,0kbYTNQb4Pb1rPbbaF0pT4,jazz,Miles Davis
0I0Ncf8MoCv7tYIByBoZuH,Four Classic Albums (Quintet - Sextet / Bags’ Groove / Miles / Miles Davis & the Modern Jazz Giants) (Digitally Remastered),2022-07-01,22,https://i.scdn.co/image/ab67616d0000b27300ba43c61788b9ef850ca769,https://i.scdn.co/image/ab67616d00001e0200ba43c61788b9ef850ca769,0kbYTNQb4Pb1rPbbaF0pT4,jazz,Miles Davis
5NUH4GlFSKf4QnKsK8EQHL,What It Is: Montreal 7/7/83 (Live),2022-06-03,9,https://i.scdn.co/image/ab67616d0000b273df0488a7b1ecf584c098f2e0,https://i.scdn.co/image/ab67616d00001e02df0488a7b1ecf584c098f2e0,0kbYTNQb4Pb1rPbbaF0pT4,jazz,Miles Davis
4azAhfbHwoQWVJmpkreKiB,Vaults,2022-05-09,14,https://i.scdn.co/image/ab67616d0000b273894cfaa29878cc0a2f72f13f,https://i.scdn.co/image/ab67616d00001e02894cfaa29878cc0a2f72f13f,0kbYTNQb4Pb1rPbbaF0pT4,jazz,Miles Davis
1UByqmu9vBqPbwpKvkp3ym,Miles Davis Jazz Monument,2021-10-13,26,https://i.scdn.co/image/ab67616d0000b2739237e28c80678f03624d95ad,https://i.scdn.co/image/ab67616d00001e029237e28c80678f03624d95ad,0kbYTNQb4Pb1rPbbaF0pT4,jazz,Miles Davis
3JRgE1OqN7A8wrYqFxDfJO,A Love Supreme (Monophonic Edition),2025-09-26,4,https://i.scdn.co/image/ab67616d0000b27368b9eda08788d5cec1dc2540,https://i.scdn.co/image/ab67616d00001e0268b9eda08788d5cec1dc2540,2hGh5VOeeqimQFxqXvfCUf,jazz,John Coltrane
7E9VLn1tpj21o29shM3lQo,Wheelin' And Dealin' (Remastered 2025),2025-08-22,4,https://i.scdn.co/image/ab67616d0000b27338f9078226968502dd98b5d6,https://i.scdn.co/image/ab67616d00001e0238f9078226968502dd98b5d6,2hGh5VOeeqimQFxqXvfCUf,jazz,John Coltrane
3VcGwRasSIkWfFJjADQsIa,John Coltrane Quartet + Stan Getz + Oscar Peterson: Live Dusseldorf 1960 (Live Restauración 2024),2024-03-25,5,https://i.scdn.co/image/ab67616d0000b273914d0db5a9dbdb79770c7fca,https://i.scdn.co/image/ab67616d00001e02914d0db5a9dbdb79770c7fca,2hGh5VOeeqimQFxqXvfCUf,jazz,John Coltrane
1HgBa6o01kjAvNJIg9eUod,INTEGRAL JOHN COLTRANE 1958,2024-03-01,73,https://i.scdn.co/image/ab67616d0000b27334c504f006429677c37563bc,https://i.scdn.co/image/ab67616d00001e0234c504f006429677c37563bc,2hGh5VOeeqimQFxqXvfCUf,jazz,John Coltrane
07rqlPalWaAvW5NEhtgVVE,The Cats,2023-12-01,5,https://i.scdn.co/image/ab67616d0000b273443a91ec84504b893d3030ff,https://i.scdn.co/image/ab67616d00001e02443a91ec84504b893d3030ff,2hGh5VOeeqimQFxqXvfCUf,jazz,John Coltrane
7AleWm3WG8Ko8AJjfaa3oW,Evenings At The Village Gate: John Coltrane with Eric Dolphy (Live),2023-07-14,5,https://i.scdn.co/image/ab67616d0000b27378de45792d9fd6b7f8d250e0,https://i.scdn.co/image/ab67616d00001e0278de45792d9fd6b7f8d250e0,2hGh5VOeeqimQFxqXvfCUf,jazz,John Coltrane
2KENDvSOxTND01Isx1alaV,Once In a While,2023-05-07,7,https://i.scdn.co/image/ab67616d0000b273cddf12bf2924834735584a6c,https://i.scdn.co/image/ab67616d00001e02cddf12bf2924834735584a6c,2hGh5VOeeqimQFxqXvfCUf,jazz,John Coltrane
4bdyaPEbYeZtlCLfWzDpTI,Blue Train: The Complete Masters,2022-09-16,17,https://i.scdn.co/image/ab67616d0000b2737ebaa7dc5b4a63f0429f4515,https://i.scdn.co/image/ab67616d00001e027ebaa7dc5b4a63f0429f4515,2hGh5VOeeqimQFxqXvfCUf,jazz,John Coltrane
2oYI2J7TMZPGvjSMRfVfDR,A Love Supreme: The Platinum Collection,2021-11-10,30,https://i.scdn.co/image/ab67616d0000b273a9fd27eaf2f1bf6fdbcd085a,https://i.scdn.co/image/ab67616d00001e02a9fd27eaf2f1bf6fdbcd085a,2hGh5VOeeqimQFxqXvfCUf,jazz,John Coltrane
6X4w3XifxQVXdKDgwgD7Wk,A Love Supreme: Live In Seattle,2021-10-22,8,https://i.scdn.co/image/ab67616d0000b273ab152bc5ac7e515235771075,https://i.scdn.co/image/ab67616d00001e02ab152bc5ac7e515235771075,2hGh5VOeeqimQFxqXvfCUf,jazz,John Coltrane
7JlHD0Wekyewwx0qeFzWB1,Ultimate Jazz Classics: Giant Steps & My Favorite Things,2021-06-18,11,https://i.scdn.co/image/ab67616d0000b273d54ff7505a44271a1508efb5,https://i.scdn.co/image/ab67616d00001e02d54ff7505a44271a1508efb5,2hGh5VOeeqimQFxqXvfCUf,jazz,John Coltrane
6YmaONHpjSkhAiKhLakdFM,Simply ... Coltrane!,2021-03-26,34,https://i.scdn.co/image/ab67616d0000b2733020d6e276da2bbb1e540e7c,https://i.scdn.co/image/ab67616d00001e023020d6e276da2bbb1e540e7c,2hGh5VOeeqimQFxqXvfCUf,jazz,John Coltrane
4jTDjHLMFCHWrjuP1qmCf4,Giant Steps (60th Anniversary Super Deluxe Edition) [2020 Remaster],2020-09-18,35,https://i.scdn.co/image/ab67616d0000b273258985b854b3dd27129aeed1,https://i.scdn.co/image/ab67616d00001e02258985b854b3dd27129aeed1,2hGh5VOeeqimQFxqXvfCUf,jazz,John Coltrane
5OdRhr4aotXEXEnH6N2eRv,Blue World,2019-09-27,8,https://i.scdn.co/image/ab67616d0000b2734d2ab48e80a4a9785a811e76,https://i.scdn.co/image/ab67616d00001e024d2ab48e80a4a9785a811e76,2hGh5VOeeqimQFxqXvfCUf,jazz,John Coltrane
7pmiAWsrvNTzeiU0Upkdkz,1963: New Directions,2018-11-16,30,https://i.scdn.co/image/ab67616d0000b2731d8f88f859b9a7e5b3ef274f,https://i.scdn.co/image/ab67616d00001e021d8f88f859b9a7e5b3ef274f,2hGh5VOeeqimQFxqXvfCUf,jazz,John Coltrane
5eJp5LWxQ1bt4GxUm1B17D,"Louis Armstrong and His All Stars (Live in Concert at Falkoner Centret Copenhagen, Denmark January 1959)",2026-04-17,17,https://i.scdn.co/image/ab67616d0000b273ee87607b33ad83e6b2dc34f3,https://i.scdn.co/image/ab67616d00001e02ee87607b33ad83e6b2dc34f3,19eLuQmk9aCobbVDHc6eek,jazz,Louis Armstrong
0DpR46aG5jiQlhZskcWt3U,Louis for Lovers (Deluxe Edition),2026-02-14,14,https://i.scdn.co/image/ab67616d0000b273896a23beef2925fa5401748f,https://i.scdn.co/image/ab67616d00001e02896a23beef2925fa5401748f,19eLuQmk9aCobbVDHc6eek,jazz,Louis Armstrong
3A2fZrIyCHutH5BYQjfvId,Louis Armstrong New Mono to Stereo Mixes,2025-04-19,20,https://i.scdn.co/image/ab67616d0000b273ed8f822a061b484e8a907d38,https://i.scdn.co/image/ab67616d00001e02ed8f822a061b484e8a907d38,19eLuQmk9aCobbVDHc6eek,jazz,Louis Armstrong
0ftmKj5CIkEvw5Gquuf3K3,Swiss Radio Days Jazz Series Vol. 48 (Live At Lausanne 1952),2024-10-25,18,https://i.scdn.co/image/ab67616d0000b2734dc832c96cf35f6d8feb31aa,https://i.scdn.co/image/ab67616d00001e024dc832c96cf35f6d8feb31aa,19eLuQmk9aCobbVDHc6eek,jazz,Louis Armstrong
5agu2tOeRrQKNduqGpRSIq,Louis In London (Live At The BBC),2024-07-12,13,https://i.scdn.co/image/ab67616d0000b273147780aa2045ff9f2be2ebbd,https://i.scdn.co/image/ab67616d00001e02147780aa2045ff9f2be2ebbd,19eLuQmk9aCobbVDHc6eek,jazz,Louis Armstrong
43chc7CvIrwzq0sQjrkny3,Across The Sea (Live Munich '62),2023-03-16,7,https://i.scdn.co/image/ab67616d0000b2736dc6b1e64460136ba4b8813e,https://i.scdn.co/image/ab67616d00001e026dc6b1e64460136ba4b8813e,19eLuQmk9aCobbVDHc6eek,jazz,Louis Armstrong
7HfR8TYf8vFXJRHw16dKup,February 7th. 1959 Nederland (Restauración 2022),2022-07-25,12,https://i.scdn.co/image/ab67616d0000b273f879e40c56ac0d8312a2bfbd,https://i.scdn.co/image/ab67616d00001e02f879e40c56ac0d8312a2bfbd,19eLuQmk9aCobbVDHc6eek,jazz,Louis Armstrong
2eM5XCLaw3gTdfCAqCVE7O,Pale Moon (Live 1959),2022-07-06,12,https://i.scdn.co/image/ab67616d0000b273c9a276ddb131b7b73bef3aa9,https://i.scdn.co/image/ab67616d00001e02c9a276ddb131b7b73bef3aa9,19eLuQmk9aCobbVDHc6eek,jazz,Louis Armstrong
2GoGbCicW0q7sycH0qWel3,Vaults,2022-04-29,23,https://i.scdn.co/image/ab67616d0000b27358112f3b618b205c73b7450d,https://i.scdn.co/image/ab67616d00001e0258112f3b618b205c73b7450d,19eLuQmk9aCobbVDHc6eek,jazz,Louis Armstrong
4lB6VBbvMHJTh36Mlocqpw,Louis by Louis,2022-04-28,24,https://i.scdn.co/image/ab67616d0000b27348eed53a3028c88019f0c386,https://i.scdn.co/image/ab67616d00001e0248eed53a3028c88019f0c386,19eLuQmk9aCobbVDHc6eek,jazz,Louis Armstrong
04ORJ1LJGpY0rUMB6sqavw,Playin' and Singin' Volume II,2022-04-07,11,https://i.scdn.co/image/ab67616d0000b273a016ea40b4e0ea9f0f701d20,https://i.scdn.co/image/ab67616d00001e02a016ea40b4e0ea9f0f701d20,19eLuQmk9aCobbVDHc6eek,jazz,Louis Armstrong
24bw7vxy5R6p8lffKu3ql4,Playin' and Singin',2022-03-29,16,https://i.scdn.co/image/ab67616d0000b2730a863ed678aec14d420fcf94,https://i.scdn.co/image/ab67616d00001e020a863ed678aec14d420fcf94,19eLuQmk9aCobbVDHc6eek,jazz,Louis Armstrong
6lSOhe2lVDiEHE4AUNbMwl,Duets,2022-01-26,49,https://i.scdn.co/image/ab67616d0000b273fb76aba8432a74f38a9073be,https://i.scdn.co/image/ab67616d00001e02fb76aba8432a74f38a9073be,19eLuQmk9aCobbVDHc6eek,jazz,Louis Armstrong
39RiB66wg8z2BtkJbf04qt,The Moment Of Truth: Ella At The Coliseum (Live),2025-02-28,9,https://i.scdn.co/image/ab67616d0000b2735842c44b8478d2844c20dd15,https://i.scdn.co/image/ab67616d00001e025842c44b8478d2844c20dd15,5V0MlUE1Bft0mbLlND7FJz,jazz,Ella Fitzgerald
0XXrIvOpeoyxq7gBjS3iUp,Bing & Ella,2023-04-25,8,https://i.scdn.co/image/ab67616d0000b2735d7af2c1aa1ad0ae8079d175,https://i.scdn.co/image/ab67616d00001e025d7af2c1aa1ad0ae8079d175,5V0MlUE1Bft0mbLlND7FJz,jazz,Ella Fitzgerald
6KgJXCxFOhqdBvMPuT0YaJ,Ella Fitzgerald New Mono To Stereo Mixes,2023-04-07,24,https://i.scdn.co/image/ab67616d0000b27329d7baa9b4d9e60bfeb1133c,https://i.scdn.co/image/ab67616d00001e0229d7baa9b4d9e60bfeb1133c,5V0MlUE1Bft0mbLlND7FJz,jazz,Ella Fitzgerald
0gDNj4H7FieXskNfF9Imhn,In Concert,2022-10-21,11,https://i.scdn.co/image/ab67616d0000b273eeb4e01f8daf9dc8db1ddf84,https://i.scdn.co/image/ab67616d00001e02eeb4e01f8daf9dc8db1ddf84,5V0MlUE1Bft0mbLlND7FJz,jazz,Ella Fitzgerald
7aebz42KPbU8Otic1ze11x,Ella At The Hollywood Bowl: The Irving Berlin Song Book (Live),2022-06-24,15,https://i.scdn.co/image/ab67616d0000b273575a81461696395026b0348d,https://i.scdn.co/image/ab67616d00001e02575a81461696395026b0348d,5V0MlUE1Bft0mbLlND7FJz,jazz,Ella Fitzgerald
3gEGOwrpJiE3xH0sGchVpp,Vaults,2022-05-06,17,https://i.scdn.co/image/ab67616d0000b2736c474cccf8bcfc71e626f96d,https://i.scdn.co/image/ab67616d00001e026c474cccf8bcfc71e626f96d,5V0MlUE1Bft0mbLlND7FJz,jazz,Ella Fitzgerald
6ZYs6BVZvTMNIGZPFBpP3l,Ella by Ella,2022-04-05,10,https://i.scdn.co/image/ab67616d0000b2739a9608b72ae49369350a1236,https://i.scdn.co/image/ab67616d00001e029a9608b72ae49369350a1236,5V0MlUE1Bft0mbLlND7FJz,jazz,Ella Fitzgerald
4sJuVKmdtSwFFpeE2FtHGv,Ella: The Lost Berlin Tapes (Live),2020-10-02,17,https://i.scdn.co/image/ab67616d0000b273d1375e39b9cfed648567a7e4,https://i.scdn.co/image/ab67616d00001e02d1375e39b9cfed648567a7e4,5V0MlUE1Bft0mbLlND7FJz,jazz,Ella Fitzgerald
5XbiFk3DRytyQMmo9Pe6dd,The Complete Piano Duets,2020-03-13,43,https://i.scdn.co/image/ab67616d0000b2736143a56d2b3acb04f3486c03,https://i.scdn.co/image/ab67616d00001e026143a56d2b3acb04f3486c03,5V0MlUE1Bft0mbLlND7FJz,jazz,Ella Fitzgerald
29Pzih2FxOrRq8EZxZ3K7S,Ella At The Shrine (Live),2018-11-23,8,https://i.scdn.co/image/ab67616d0000b2737eb8a8d2ed85fe1dbfc8aebf,https://i.scdn.co/image/ab67616d00001e027eb8a8d2ed85fe1dbfc8aebf,5V0MlUE1Bft0mbLlND7FJz,jazz,Ella Fitzgerald
07tbMxw9qeVsNIq0l7xBBX,Cheek To Cheek: The Complete Duet Recordings,2018-04-06,75,https://i.scdn.co/image/ab67616d0000b273ce7df176c25b0872d97990d3,https://i.scdn.co/image/ab67616d00001e02ce7df176c25b0872d97990d3,5V0MlUE1Bft0mbLlND7FJz,jazz,Ella Fitzgerald
1bvfRzatC28RulFCm28tCS,Ella At Zardi's (Live At Zardi’s/1956),2017-12-01,21,https://i.scdn.co/image/ab67616d0000b273a40e4bf6231248e9d8da680d,https://i.scdn.co/image/ab67616d00001e02a40e4bf6231248e9d8da680d,5V0MlUE1Bft0mbLlND7FJz,jazz,Ella Fitzgerald
5UIPf7Q2gj2upbasQQaI5r,Someone To Watch Over Me,2017-09-29,12,https://i.scdn.co/image/ab67616d0000b2734ec0ecd9455539e8b5f42d47,https://i.scdn.co/image/ab67616d00001e024ec0ecd9455539e8b5f42d47,5V0MlUE1Bft0mbLlND7FJz,jazz,Ella Fitzgerald
2o6keTFEuj0hwU81ispf68,Copenhagen 1964,2026-02-13,14,https://i.scdn.co/image/ab67616d0000b27321cba2605c5fe12061a2cd9d,https://i.scdn.co/image/ab67616d00001e0221cba2605c5fe12061a2cd9d,4F7Q5NV6h5TSwCainz8S5A,jazz,Duke Ellington
32LqvxhcnEGwQgWLK24dGk,At Midnight: Duke Ellington,2026-01-13,27,https://i.scdn.co/image/ab67616d0000b2736409a545ece46bf86adb5e1d,https://i.scdn.co/image/ab67616d00001e026409a545ece46bf86adb5e1d,4F7Q5NV6h5TSwCainz8S5A,jazz,Duke Ellington
6Gu8lkZxCWhFrXBm3L0sOg,American Classical Masterpieces,2025-07-23,40,https://i.scdn.co/image/ab67616d0000b27367aa25343d17238e2518b45a,https://i.scdn.co/image/ab67616d00001e0267aa25343d17238e2518b45a,4F7Q5NV6h5TSwCainz8S5A,jazz,Duke Ellington
49eb6TGttK5jEVK8H1bb29,Copenhagen 1958,2024-05-10,18,https://i.scdn.co/image/ab67616d0000b273c652d1c73021a1ee358c3d52,https://i.scdn.co/image/ab67616d00001e02c652d1c73021a1ee358c3d52,4F7Q5NV6h5TSwCainz8S5A,jazz,Duke Ellington
6NjMabzPRwjT4HLSgjIKWT,Duke Ellington Live Helsinki 1963 (Restauración 2024),2024-04-25,24,https://i.scdn.co/image/ab67616d0000b27371a1166ff1427e95525f525b,https://i.scdn.co/image/ab67616d00001e0271a1166ff1427e95525f525b,4F7Q5NV6h5TSwCainz8S5A,jazz,Duke Ellington
7hTH7xLVl2iNM00iY3E64J,INTEGRAL DUKE ELLINGTON 1958 - 1959,2023-12-01,130,https://i.scdn.co/image/ab67616d0000b273c154de8a06e159bacb4a2d21,https://i.scdn.co/image/ab67616d00001e02c154de8a06e159bacb4a2d21,4F7Q5NV6h5TSwCainz8S5A,jazz,Duke Ellington
5k9KPBuKGsDVUjCNhuOsiV,Tana Yona (Live Helsinki '63),2023-07-27,25,https://i.scdn.co/image/ab67616d0000b27312069f0119c9b1b6b86a24b1,https://i.scdn.co/image/ab67616d00001e0212069f0119c9b1b6b86a24b1,4F7Q5NV6h5TSwCainz8S5A,jazz,Duke Ellington
2STaDSv3RERwVbJ0AbxhM2,16me. Paris Jazz Festival 1er. Novembre 1969 (Restauración 2022),2022-07-25,12,https://i.scdn.co/image/ab67616d0000b27374bbbee90c28e9292b38ff68,https://i.scdn.co/image/ab67616d00001e0274bbbee90c28e9292b38ff68,4F7Q5NV6h5TSwCainz8S5A,jazz,Duke Ellington
4YwwiXDPhpiDHD8HpI7dAS,Berlin 1959,2021-08-06,28,https://i.scdn.co/image/ab67616d0000b2736b7c86fcceffe190ece3ee31,https://i.scdn.co/image/ab67616d00001e026b7c86fcceffe190ece3ee31,4F7Q5NV6h5TSwCainz8S5A,jazz,Duke Ellington
0RbQr0dEjgbad9YG7ySgnQ,Sacred Concert,2020-06-05,10,https://i.scdn.co/image/ab67616d0000b27312bd89783fcea3ef6b10b37a,https://i.scdn.co/image/ab67616d00001e0212bd89783fcea3ef6b10b37a,4F7Q5NV6h5TSwCainz8S5A,jazz,Duke Ellington
5oUwq2BaGXqun76G5Hy2ka,The A Train,2020-04-10,13,https://i.scdn.co/image/ab67616d0000b273bd90474b3fcf4d5c8a3a93ee,https://i.scdn.co/image/ab67616d00001e02bd90474b3fcf4d5c8a3a93ee,4F7Q5NV6h5TSwCainz8S5A,jazz,Duke Ellington
7yoUCuioeKD5ceKC3B0s9T,"All that Jazz, Vol. 126: Duke Ellington at Carnegie Hall, 27th December 1947 (2020 Remaster)",2020-03-13,21,https://i.scdn.co/image/ab67616d0000b2739f6a0a4834f01d8894835483,https://i.scdn.co/image/ab67616d00001e029f6a0a4834f01d8894835483,4F7Q5NV6h5TSwCainz8S5A,jazz,Duke Ellington
7B3mimu6Z1z50IhZYixQpq,Uppsala 1971,2019-09-06,12,https://i.scdn.co/image/ab67616d0000b273c230ac23f447f2789ea73d74,https://i.scdn.co/image/ab67616d00001e02c230ac23f447f2789ea73d74,4F7Q5NV6h5TSwCainz8S5A,jazz,Duke Ellington
7HujHxOEtJn7fJDysaDjCL,Plays the Blues,2025-09-22,15,https://i.scdn.co/image/ab67616d0000b2735e0cb82adc8898da6fb125c7,https://i.scdn.co/image/ab67616d00001e025e0cb82adc8898da6fb125c7,4Ww5mwS7BWYjoZTUIrMHfC,jazz,Charlie Parker
5JqOdmlRx9McZapE9UlURS,Bird In Kansas City (Live),2024-10-25,13,https://i.scdn.co/image/ab67616d0000b273dacd7d94b3c91574e8d2f76b,https://i.scdn.co/image/ab67616d00001e02dacd7d94b3c91574e8d2f76b,4Ww5mwS7BWYjoZTUIrMHfC,jazz,Charlie Parker
0t8uxCMMXyOw15bKyhcoiH,Afro Cuban Bop: The Long Lost Bird Live Recordings,2023-04-21,18,https://i.scdn.co/image/ab67616d0000b27361737377499fc59b6eae3ab7,https://i.scdn.co/image/ab67616d00001e0261737377499fc59b6eae3ab7,4Ww5mwS7BWYjoZTUIrMHfC,jazz,Charlie Parker
4RpYikb9MJ61xx1hYslDRA,Charlie Parker Live in Sweden 1950,2022-10-28,21,https://i.scdn.co/image/ab67616d0000b273f4a9317857b0149b2d130761,https://i.scdn.co/image/ab67616d00001e02f4a9317857b0149b2d130761,4Ww5mwS7BWYjoZTUIrMHfC,jazz,Charlie Parker
4p7nJR5Pqf4GKvnik8sHFT,On Savoy: Charlie Parker,2022-09-30,15,https://i.scdn.co/image/ab67616d0000b273a9cc98be57db069a40b24b57,https://i.scdn.co/image/ab67616d00001e02a9cc98be57db069a40b24b57,4Ww5mwS7BWYjoZTUIrMHfC,jazz,Charlie Parker
6u4KYeXKoHUP8CBUZxYrsx,Round Midnight and Other Hits,2022-06-07,24,https://i.scdn.co/image/ab67616d0000b27398069779628a2429f8120262,https://i.scdn.co/image/ab67616d00001e0298069779628a2429f8120262,4Ww5mwS7BWYjoZTUIrMHfC,jazz,Charlie Parker
35tPAHyEIv5OcFf5q3BQSe,Bird In LA (Live),2021,28,https://i.scdn.co/image/ab67616d0000b27321979a168ad78751e9ad7d65,https://i.scdn.co/image/ab67616d00001e0221979a168ad78751e9ad7d65,4Ww5mwS7BWYjoZTUIrMHfC,jazz,Charlie Parker
6hwIz13Z6GkWOdhQFgDQJ4,The Savoy 10-inch LP Collection,2020-02-28,28,https://i.scdn.co/image/ab67616d0000b273186a30786366eec767167a18,https://i.scdn.co/image/ab67616d00001e02186a30786366eec767167a18,4Ww5mwS7BWYjoZTUIrMHfC,jazz,Charlie Parker
0byAOxx9hxQck2vwgaW5OM,"All That Jazz, Vol. 39: Bird Bopping Through the Styles – Charlie Parker’s Mixed Emotions (2015 Digital Remaster)",2015-09-04,24,https://i.scdn.co/image/ab67616d0000b273713e0563b9fadd3f80a795da,https://i.scdn.co/image/ab67616d00001e02713e0563b9fadd3f80a795da,4Ww5mwS7BWYjoZTUIrMHfC,jazz,Charlie Parker
4PPatHpBlnCvTNaqlvHocC,"All That Jazz, Vol. 36: Bird on Air – Charlie Parker on Radio and in Studio (Remastered 2015)",2015-07-03,18,https://i.scdn.co/image/ab67616d0000b2730bb52cb687e94ea38065449b,https://i.scdn.co/image/ab67616d00001e020bb52cb687e94ea38065449b,4Ww5mwS7BWYjoZTUIrMHfC,jazz,Charlie Parker
0Mn9h3Lg32vlWhy5l07NHy,"All that Jazz, Vol. 24: From Bop to Sweet – Charlie Parker, Vol. 3 (2014 Digital Remaster)",2015-03-03,18,https://i.scdn.co/image/ab67616d0000b2737cd45523ec0112372f869710,https://i.scdn.co/image/ab67616d00001e027cd45523ec0112372f869710,4Ww5mwS7BWYjoZTUIrMHfC,jazz,Charlie Parker
3OjOKBe61b4AmmUNnUyWP7,"All That Jazz, Vol. 20: ""Bebop"" – Charlie Parker in Studio and on Stage (2014 Digital Remaster)",2015-01-06,20,https://i.scdn.co/image/ab67616d0000b273378306f707682ceaa560ba2f,https://i.scdn.co/image/ab67616d00001e02378306f707682ceaa560ba2f,4Ww5mwS7BWYjoZTUIrMHfC,jazz,Charlie Parker
6TVWu9ENCNIWOEZ7oJi5GQ,"All That Jazz, Vol. 18: Charlie Parker (2014 Digital Remaster)",2014-11-04,24,https://i.scdn.co/image/ab67616d0000b273db69ffabb6d32f8240d37b0f,https://i.scdn.co/image/ab67616d00001e02db69ffabb6d32f8240d37b0f,4Ww5mwS7BWYjoZTUIrMHfC,jazz,Charlie Parker
1XPTngYeFWbo8pGJWw6ib4,"Savoy's Charlie, Vol. 3",2009-11-11,10,https://i.scdn.co/image/ab67616d0000b27355b7035967865240196d5efe,https://i.scdn.co/image/ab67616d00001e0255b7035967865240196d5efe,4Ww5mwS7BWYjoZTUIrMHfC,jazz,Charlie Parker
1057gGpzI3MzGn8OGvvFVR,Thelonious Alone In San Francisco (Remastered 2026),2026-04-03,10,https://i.scdn.co/image/ab67616d0000b27329ca07c8db60c4447a65b6d4,https://i.scdn.co/image/ab67616d00001e0229ca07c8db60c4447a65b6d4,4PDpGtF16XpqvXxsrFwQnN,jazz,Thelonious Monk
4fGKJBBFwNxwbLprInK23z,Late Night - Thelonious Monk,2026-01-22,33,https://i.scdn.co/image/ab67616d0000b273dff67f18581028fb6584daeb,https://i.scdn.co/image/ab67616d00001e02dff67f18581028fb6584daeb,4PDpGtF16XpqvXxsrFwQnN,jazz,Thelonious Monk
7EzEvS7pwLw8IaZ3iJKeLB,Bremen 1965,2025-12-12,9,https://i.scdn.co/image/ab67616d0000b273d304bf6f25b06d8d95a9ecdd,https://i.scdn.co/image/ab67616d00001e02d304bf6f25b06d8d95a9ecdd,4PDpGtF16XpqvXxsrFwQnN,jazz,Thelonious Monk
03v6rfLHA0T383l6yUxMpe,Mulligan Meets Monk (Remastered 2025 / Mono Mix),2025-02-12,6,https://i.scdn.co/image/ab67616d0000b27344852c2ca50f8d1dafcffccc,https://i.scdn.co/image/ab67616d00001e0244852c2ca50f8d1dafcffccc,4PDpGtF16XpqvXxsrFwQnN,jazz,Thelonious Monk
5nuNPoQ4HhRdakpUqm60mz,Live in Paris (1966),2024-11-29,6,https://i.scdn.co/image/ab67616d0000b2736bc84e2cdff0e0fc34f03aa5,https://i.scdn.co/image/ab67616d00001e026bc84e2cdff0e0fc34f03aa5,4PDpGtF16XpqvXxsrFwQnN,jazz,Thelonious Monk
6atUww86VS6jDRGdBMdKP7,Sunset (Live),2023-06-16,7,https://i.scdn.co/image/ab67616d0000b273d932448e400304597565f083,https://i.scdn.co/image/ab67616d00001e02d932448e400304597565f083,4PDpGtF16XpqvXxsrFwQnN,jazz,Thelonious Monk
6XeqtjhG8d5Q9FggDriMdc,The Giants Of Jazz (Live Paris '72),2023-03-06,9,https://i.scdn.co/image/ab67616d0000b273de44e40dc0a432e52c8c8156,https://i.scdn.co/image/ab67616d00001e02de44e40dc0a432e52c8c8156,4PDpGtF16XpqvXxsrFwQnN,jazz,Thelonious Monk
61upE9TNLIyWarQkR6h0bM,"Liederhalle Mainz, Germany November 8th. 1967 (Live Restauración 2022)",2022-12-06,6,https://i.scdn.co/image/ab67616d0000b273b2e49e1cd2d509573931893c,https://i.scdn.co/image/ab67616d00001e02b2e49e1cd2d509573931893c,4PDpGtF16XpqvXxsrFwQnN,jazz,Thelonious Monk
3BOohMtenz95XRilpUr5Yn,Palo Alto (Live),2020-09-18,6,https://i.scdn.co/image/ab67616d0000b273c3e4933f82e3e96783b7925e,https://i.scdn.co/image/ab67616d00001e02c3e4933f82e3e96783b7925e,4PDpGtF16XpqvXxsrFwQnN,jazz,Thelonious Monk
6nWm7R0UDReAMqZbNgxTQT,Mønk,2018-09-28,5,https://i.scdn.co/image/ab67616d0000b273280a98e52e45aacf3e0aad5f,https://i.scdn.co/image/ab67616d00001e02280a98e52e45aacf3e0aad5f,4PDpGtF16XpqvXxsrFwQnN,jazz,Thelonious Monk
0AWHyW3sCopIgWs1Gms2pC,"Genius of Jazz - Thelonious Monk, Vol. 2",2018-07-15,10,https://i.scdn.co/image/ab67616d0000b27325439eafbcf2e201795217a7,https://i.scdn.co/image/ab67616d00001e0225439eafbcf2e201795217a7,4PDpGtF16XpqvXxsrFwQnN,jazz,Thelonious Monk
4sLG4KUSpDmvNZUJfmffll,Piano Solo,2017-09-29,16,https://i.scdn.co/image/ab67616d0000b273ecd1652be15d3c36d80f793d,https://i.scdn.co/image/ab67616d00001e02ecd1652be15d3c36d80f793d,4PDpGtF16XpqvXxsrFwQnN,jazz,Thelonious Monk
00c7nZRNKDJjp7jdoEfB0Z,Les Liaisons Dangereuses 1960,2017-06-16,16,https://i.scdn.co/image/ab67616d0000b273928cd76608534e7d51c3c463,https://i.scdn.co/image/ab67616d00001e02928cd76608534e7d51c3c463,4PDpGtF16XpqvXxsrFwQnN,jazz,Thelonious Monk
0wFZc2VNIrdZ36ArtG215T,"All That Jazz, Vol. 66: Hackensack – Thelonius Monk & Friends Play Monk & Ellington (2016 Remaster)",2016-07-01,15,https://i.scdn.co/image/ab67616d0000b2738319cd06d80a191bf920ba0b,https://i.scdn.co/image/ab67616d00001e028319cd06d80a191bf920ba0b,4PDpGtF16XpqvXxsrFwQnN,jazz,Thelonious Monk
3dw9k0UHKn25TfksiJuNGE,Genius Of Modern Music Volume One,2013-12-03,12,https://i.scdn.co/image/ab67616d0000b273d866291dd41a5aa5ff644167,https://i.scdn.co/image/ab67616d00001e02d866291dd41a5aa5ff644167,4PDpGtF16XpqvXxsrFwQnN,jazz,Thelonious Monk
4zi7H3nOP21xLse1QeSUJR,Songs for Lovers,2022-04-06,12,https://i.scdn.co/image/ab67616d0000b273f41319496dcf59edb93d3935,https://i.scdn.co/image/ab67616d00001e02f41319496dcf59edb93d3935,1YzCsTRb22dQkh9lghPIrp,jazz,Billie Holiday
4eJ3FvJzSKUNJQ4lVecA7J,Autumn in New York,2022-04-05,12,https://i.scdn.co/image/ab67616d0000b273eba63da150ae7709d5afa910,https://i.scdn.co/image/ab67616d00001e02eba63da150ae7709d5afa910,1YzCsTRb22dQkh9lghPIrp,jazz,Billie Holiday
4l8VtXdog2RC65BdpER9gh,Billie and Stan,2022-01-17,12,https://i.scdn.co/image/ab67616d0000b273ac3036ad17603d1fd56457c8,https://i.scdn.co/image/ab67616d00001e02ac3036ad17603d1fd56457c8,1YzCsTRb22dQkh9lghPIrp,jazz,Billie Holiday
5vcTJSZkU3NqZEIv3BSHKq,Road to Love,2020-04-16,12,https://i.scdn.co/image/ab67616d0000b273fb8d3ef9c791f4e899facdfe,https://i.scdn.co/image/ab67616d00001e02fb8d3ef9c791f4e899facdfe,1YzCsTRb22dQkh9lghPIrp,jazz,Billie Holiday
3dxSpSP9H4mzq77wQjHl10,"Live in Cologne, 1954",2014-10-07,11,https://i.scdn.co/image/ab67616d0000b273eebdc67d7b0ff7a4b94f5342,https://i.scdn.co/image/ab67616d00001e02eebdc67d7b0ff7a4b94f5342,1YzCsTRb22dQkh9lghPIrp,jazz,Billie Holiday
4MH39TSKNijXly27EtMiLJ,Remixed & Reimagined,2007,14,https://i.scdn.co/image/ab67616d0000b2737a8787661c5bd6bae1f406db,https://i.scdn.co/image/ab67616d00001e027a8787661c5bd6bae1f406db,1YzCsTRb22dQkh9lghPIrp,jazz,Billie Holiday
72WYsxHXmOa21n6udzJgxc,Compact Jazz: Live,1989-10-25,20,https://i.scdn.co/image/ab67616d0000b273ef2f6e3e5049305786398405,https://i.scdn.co/image/ab67616d00001e02ef2f6e3e5049305786398405,1YzCsTRb22dQkh9lghPIrp,jazz,Billie Holiday
6lHEbj0b4iTgz7DRWXo2av,God Bless The Child,1985-01-01,10,https://i.scdn.co/image/ab67616d0000b273e540317a2edad7201eab403b,https://i.scdn.co/image/ab67616d00001e02e540317a2edad7201eab403b,1YzCsTRb22dQkh9lghPIrp,jazz,Billie Holiday
5jrwZleuoWBbH4AAg752qG,Don't Explain,1982-01-17,40,https://i.scdn.co/image/ab67616d0000b2730ecc6170540ebf072c3d7c1b,https://i.scdn.co/image/ab67616d00001e020ecc6170540ebf072c3d7c1b,1YzCsTRb22dQkh9lghPIrp,jazz,Billie Holiday
0jSqB8pOLuxxZLuoUyq6K4,An Evening with Lady Day,1973-01-12,14,https://i.scdn.co/image/ab67616d0000b2731d36acb68f19a0679a26c6f9,https://i.scdn.co/image/ab67616d00001e021d36acb68f19a0679a26c6f9,1YzCsTRb22dQkh9lghPIrp,jazz,Billie Holiday
0O75uNgYIEYXHfEiC1bUWY,Easy to Remember,1966-07-21,8,https://i.scdn.co/image/ab67616d0000b2730a927e6d9642dcaf08771848,https://i.scdn.co/image/ab67616d00001e020a927e6d9642dcaf08771848,1YzCsTRb22dQkh9lghPIrp,jazz,Billie Holiday
15W65m2fh1vySMFMknXHPK,Lady Love (Billie's Blues),1962-01-01,16,https://i.scdn.co/image/ab67616d0000b2734620902ff2b680d1545fd35f,https://i.scdn.co/image/ab67616d00001e024620902ff2b680d1545fd35f,1YzCsTRb22dQkh9lghPIrp,jazz,Billie Holiday
780YbUDX22mHli9KRZZwKu,Billie Holiday With Ray Ellis And His Orchestra,1959-07-01,12,https://i.scdn.co/image/ab67616d0000b273953579c279935afb726d4609,https://i.scdn.co/image/ab67616d00001e02953579c279935afb726d4609,1YzCsTRb22dQkh9lghPIrp,jazz,Billie Holiday
1q9Yh4EDALgMa8VYsI7bn5,All Or Nothing At All,1959,12,https://i.scdn.co/image/ab67616d0000b2730bc8901ceb354e55727bfc20,https://i.scdn.co/image/ab67616d00001e020bc8901ceb354e55727bfc20,1YzCsTRb22dQkh9lghPIrp,jazz,Billie Holiday
4nPVVcsYuFStR6F1TpxiWP,Lady In Satin: The Centennial Edition,1958-06,40,https://i.scdn.co/image/ab67616d0000b27339122256fd160eae50fc98d1,https://i.scdn.co/image/ab67616d00001e0239122256fd160eae50fc98d1,1YzCsTRb22dQkh9lghPIrp,jazz,Billie Holiday
18wJdUiN48IhlurfC4E1mA,"The Art of the Piano, Vol. 6",2021-09-10,15,https://i.scdn.co/image/ab67616d0000b273eb052ba6837065901a891288,https://i.scdn.co/image/ab67616d00001e02eb052ba6837065901a891288,2ZvrvbQNrHKwjT7qfGFFUW,jazz,Herbie Hancock
2wrszSz0rtoYQPdxkjarub,"Milestones of New Jazz Masters - Yeah!, Vol. 1",2019-05-03,13,https://i.scdn.co/image/ab67616d0000b2730e61996abc12988eb2ee1436,https://i.scdn.co/image/ab67616d00001e020e61996abc12988eb2ee1436,2ZvrvbQNrHKwjT7qfGFFUW,jazz,Herbie Hancock
7HLGYNYqyG21iG7thutG2N,Sleeping Giant,2018-11-16,15,https://i.scdn.co/image/ab67616d0000b273586eebf604c3f667e1deefd8,https://i.scdn.co/image/ab67616d00001e02586eebf604c3f667e1deefd8,2ZvrvbQNrHKwjT7qfGFFUW,jazz,Herbie Hancock
2j7LHh4IcOyD5AQZZVZgjc,Monster (Expanded Edition),2016-06-17,12,https://i.scdn.co/image/ab67616d0000b2737cfb8b1f4e6310486ac27ec6,https://i.scdn.co/image/ab67616d00001e027cfb8b1f4e6310486ac27ec6,2ZvrvbQNrHKwjT7qfGFFUW,jazz,Herbie Hancock
42mZxpV7xIM3qRUThZwz4v,Jazz for Cocktails,2013-07-30,19,https://i.scdn.co/image/ab67616d0000b2737b3cef13cf2e2fbdc0bbe4c3,https://i.scdn.co/image/ab67616d00001e027b3cef13cf2e2fbdc0bbe4c3,2ZvrvbQNrHKwjT7qfGFFUW,jazz,Herbie Hancock
418IYElTJziJTcSaxJy2PA,The Imagine Project,2010-09-21,10,https://i.scdn.co/image/ab67616d0000b273fbaaf31473c1d7e30afe7aa4,https://i.scdn.co/image/ab67616d00001e02fbaaf31473c1d7e30afe7aa4,2ZvrvbQNrHKwjT7qfGFFUW,jazz,Herbie Hancock
4S4pN2riMj555wnu08q0Bw,Les Incontournables du jazz : Herbie Hancock,2008-02-11,5,https://i.scdn.co/image/ab67616d0000b27347aaca6d61f66069790a54a2,https://i.scdn.co/image/ab67616d00001e0247aaca6d61f66069790a54a2,2ZvrvbQNrHKwjT7qfGFFUW,jazz,Herbie Hancock
3POVQYTvE1DYjlLWulZpTR,River: The Joni Letters (Expanded Edition),2007-09-25,14,https://i.scdn.co/image/ab67616d0000b273eb04c0682f616ca59ea215f8,https://i.scdn.co/image/ab67616d00001e02eb04c0682f616ca59ea215f8,2ZvrvbQNrHKwjT7qfGFFUW,jazz,Herbie Hancock
4XkWqozX4Uqc0qwncCVZxi,River: The Joni Letters,2007-01-01,12,https://i.scdn.co/image/ab67616d0000b27370ed12b963d0da82c8f140f1,https://i.scdn.co/image/ab67616d00001e0270ed12b963d0da82c8f140f1,2ZvrvbQNrHKwjT7qfGFFUW,jazz,Herbie Hancock
7MEY24jBSYdNHh5XezNWUH,Possibilities,2005-08-30,10,https://i.scdn.co/image/ab67616d0000b273b785a37354777cebcc2be39c,https://i.scdn.co/image/ab67616d00001e02b785a37354777cebcc2be39c,2ZvrvbQNrHKwjT7qfGFFUW,jazz,Herbie Hancock
5ZAgaqdu1Gh7GR23qZSIWU,Directions in Music: Live At Massey Hall,2002-01-01,8,https://i.scdn.co/image/ab67616d0000b273eed446ddc37a9f2f938c411e,https://i.scdn.co/image/ab67616d00001e02eed446ddc37a9f2f938c411e,2ZvrvbQNrHKwjT7qfGFFUW,jazz,Herbie Hancock
5SnULfYyg9h0cXLdyTpCwY,Riot - From Blue Note Sixties Sessions,1999-04-09,7,https://i.scdn.co/image/ab67616d0000b273e9337d130efad593c5664f2b,https://i.scdn.co/image/ab67616d00001e02e9337d130efad593c5664f2b,2ZvrvbQNrHKwjT7qfGFFUW,jazz,Herbie Hancock
3X2icByPksE7M6djwDGetG,Jammin' With Herbie,1999-04-03,10,https://i.scdn.co/image/ab67616d0000b273b04fd1021646d8ac920b8a9c,https://i.scdn.co/image/ab67616d00001e02b04fd1021646d8ac920b8a9c,2ZvrvbQNrHKwjT7qfGFFUW,jazz,Herbie Hancock
4oCNM3FjDoOTwXWdaZR91J,The Complete Blue Note Sixties Sessions,1998-01-01,54,https://i.scdn.co/image/ab67616d0000b273a91e7e21a5c684b2eeb4375c,https://i.scdn.co/image/ab67616d00001e02a91e7e21a5c684b2eeb4375c,2ZvrvbQNrHKwjT7qfGFFUW,jazz,Herbie Hancock
3TA3E97eUt04OgXrZwRmYr,Coffee with Chet Baker,2026-05-01,20,https://i.scdn.co/image/ab67616d0000b273d2d6c387a025d26aa3c4c2ac,https://i.scdn.co/image/ab67616d00001e02d2d6c387a025d26aa3c4c2ac,3rxeQlsv0Sc2nyYaZ5W71T,jazz,Chet Baker
5v9yUH4MkbT7Wovdz8Y54o,Smog (Original Motion Picture Soundtrack),2026-04-30,23,https://i.scdn.co/image/ab67616d0000b2732db754bd63fa9eb3008b25c1,https://i.scdn.co/image/ab67616d00001e022db754bd63fa9eb3008b25c1,3rxeQlsv0Sc2nyYaZ5W71T,jazz,Chet Baker
0bbcRERAGMRyeGu4K4V1iK,Chet in Iceland (Live in Reykjavik 1985),2026-04-15,9,https://i.scdn.co/image/ab67616d0000b273b3cee41690b1c191b4a24305,https://i.scdn.co/image/ab67616d00001e02b3cee41690b1c191b4a24305,3rxeQlsv0Sc2nyYaZ5W71T,jazz,Chet Baker
3HIfNi3A7HHn8nNmiflOaA,Sounds Of The City,2026-01-29,77,https://i.scdn.co/image/ab67616d0000b273e03ecc7f19879dc655a35af3,https://i.scdn.co/image/ab67616d00001e02e03ecc7f19879dc655a35af3,3rxeQlsv0Sc2nyYaZ5W71T,jazz,Chet Baker
2Kk1IljLW54MfRQYhPV846,"Swingin’ & Groovin’: The Cool Jazz Essentials – Bebop, Blues & Timeless Rhythms",2025-11-18,25,https://i.scdn.co/image/ab67616d0000b273ae7eca265198342d969e78ff,https://i.scdn.co/image/ab67616d00001e02ae7eca265198342d969e78ff,3rxeQlsv0Sc2nyYaZ5W71T,jazz,Chet Baker
6tAyJVt1Xrm2xDKsU8wB5B,"Swimming by Moonlight (New Music from the Documentary ""Let's Get Lost"")",2025-11-07,16,https://i.scdn.co/image/ab67616d0000b2735145ceab36462259e3345e10,https://i.scdn.co/image/ab67616d00001e025145ceab36462259e3345e10,3rxeQlsv0Sc2nyYaZ5W71T,jazz,Chet Baker
1Jjcnu7Xumc6svaud2TH6L,Jazz Legends: Chet Baker,2025-10-01,79,https://i.scdn.co/image/ab67616d0000b2735bc8837537148b18d98f0224,https://i.scdn.co/image/ab67616d00001e025bc8837537148b18d98f0224,3rxeQlsv0Sc2nyYaZ5W71T,jazz,Chet Baker
1Om5FVKUu8ymu92UHCMSpt,"I Can Dream, Can't I?",2025-09-12,7,https://i.scdn.co/image/ab67616d0000b27390e7952593bb9a6b2b69ac8c,https://i.scdn.co/image/ab67616d00001e0290e7952593bb9a6b2b69ac8c,3rxeQlsv0Sc2nyYaZ5W71T,jazz,Chet Baker
7cZmdPqio08yh494uS6cxj,Great Moments With,2024-12-13,13,https://i.scdn.co/image/ab67616d0000b273ac61582504de483741661242,https://i.scdn.co/image/ab67616d00001e02ac61582504de483741661242,3rxeQlsv0Sc2nyYaZ5W71T,jazz,Chet Baker
3m8bBFXdYcflYWPZuHZpp9,In Paris - The complete 1955-1956 Barclay sessions,2024-11-01,91,https://i.scdn.co/image/ab67616d0000b2738e9254a23175e6134284fd05,https://i.scdn.co/image/ab67616d00001e028e9254a23175e6134284fd05,3rxeQlsv0Sc2nyYaZ5W71T,jazz,Chet Baker
2OZOhvyC7tRrRVb87jCgtA,Round Midnight 79 (2024 Remastered Version),2024-09-27,12,https://i.scdn.co/image/ab67616d0000b2736ed9bf9eff3fdc33703e8e89,https://i.scdn.co/image/ab67616d00001e026ed9bf9eff3fdc33703e8e89,3rxeQlsv0Sc2nyYaZ5W71T,jazz,Chet Baker
0pc3SCF7IIhPkp0xYoRauq,In Perfect Harmony: The Lost Album,2024-04-26,11,https://i.scdn.co/image/ab67616d0000b273270a5ed6cf34c25c817c4e5e,https://i.scdn.co/image/ab67616d00001e02270a5ed6cf34c25c817c4e5e,3rxeQlsv0Sc2nyYaZ5W71T,jazz,Chet Baker
01FwpQP88PwU2y2LZATUQc,Signature,2024-04-05,5,https://i.scdn.co/image/ab67616d0000b27325db1e1db14aae10f79cf614,https://i.scdn.co/image/ab67616d00001e0225db1e1db14aae10f79cf614,3rxeQlsv0Sc2nyYaZ5W71T,jazz,Chet Baker
6ixxTaomYhDBVdm6A4qmKo,Chet on Poetry,2023-10-20,8,https://i.scdn.co/image/ab67616d0000b2736a9f46a117aa54bea3af0150,https://i.scdn.co/image/ab67616d00001e026a9f46a117aa54bea3af0150,3rxeQlsv0Sc2nyYaZ5W71T,jazz,Chet Baker
6qOPsJFKVjSc78dPvvKfC2,'Round Midnight (Live In Cologne),2023-06-09,5,https://i.scdn.co/image/ab67616d0000b27372bfb3f8e9ff196ac9eba32d,https://i.scdn.co/image/ab67616d00001e0272bfb3f8e9ff196ac9eba32d,3rxeQlsv0Sc2nyYaZ5W71T,jazz,Chet Baker
4N19VSMwhe1C2db0zHNe1r,"The Voice of Brubeck, Vol. 2: Themes and Explorations",2025-12-05,10,https://i.scdn.co/image/ab67616d0000b2738278a02d05e9ea51d9c2d135,https://i.scdn.co/image/ab67616d00001e028278a02d05e9ea51d9c2d135,3kUKwTJdH8FuWzF8p6Dg9E,jazz,Dave Brubeck
19E17gJBMyVquoeBmybsTI,"The Voice of Brubeck, Vol. 1: Song of Hope and Peace",2024-08-30,12,https://i.scdn.co/image/ab67616d0000b2738d8d311c0e06ca0e755b9c7e,https://i.scdn.co/image/ab67616d00001e028d8d311c0e06ca0e755b9c7e,3kUKwTJdH8FuWzF8p6Dg9E,jazz,Dave Brubeck
3LbLpd77kdLBlTcb74vPCL,Dave Brubeck Quartet + Gerry Mulligan Live at University Hall Upsala October 30th.1972 (Live Restauración 2024),2024-01-19,7,https://i.scdn.co/image/ab67616d0000b27368794620d537ef16a8332ae3,https://i.scdn.co/image/ab67616d00001e0268794620d537ef16a8332ae3,3kUKwTJdH8FuWzF8p6Dg9E,jazz,Dave Brubeck
2yYtp6zc0RLkZiXAICPasD,Dave Brubeck Quartet + Gerry Mulligan Live at Berliner Jazztage / Berlin November 4th.1972 (Restauración 2023),2023-12-01,14,https://i.scdn.co/image/ab67616d0000b27324ea5c93dc0642e10d81b794,https://i.scdn.co/image/ab67616d00001e0224ea5c93dc0642e10d81b794,3kUKwTJdH8FuWzF8p6Dg9E,jazz,Dave Brubeck
7fm20lvlAO6TfVfihMZ8CR,Brubeck,2023-11-07,13,https://i.scdn.co/image/ab67616d0000b2730de291c11cac5ffb87dcf8de,https://i.scdn.co/image/ab67616d00001e020de291c11cac5ffb87dcf8de,3kUKwTJdH8FuWzF8p6Dg9E,jazz,Dave Brubeck
3oJok4Fqtt8g42AXkoRWVx,Live,2023-10-30,11,https://i.scdn.co/image/ab67616d0000b273f4d6eed9469b45f83c3b9eb1,https://i.scdn.co/image/ab67616d00001e02f4d6eed9469b45f83c3b9eb1,3kUKwTJdH8FuWzF8p6Dg9E,jazz,Dave Brubeck
2I83TyCZHqum9rms0sSntQ,Classics from the Master Tape (Audiophile Edition),2022-05-02,21,https://i.scdn.co/image/ab67616d0000b2736381abcbe78ec56a058b4e8d,https://i.scdn.co/image/ab67616d00001e026381abcbe78ec56a058b4e8d,3kUKwTJdH8FuWzF8p6Dg9E,jazz,Dave Brubeck
1m13hLMfFKvwZdNvJg6fcp,Dave Brubeck Trio: Live From Vienna 1967,2022-04-15,6,https://i.scdn.co/image/ab67616d0000b2730f21ff28991a99265cffb7cf,https://i.scdn.co/image/ab67616d00001e020f21ff28991a99265cffb7cf,3kUKwTJdH8FuWzF8p6Dg9E,jazz,Dave Brubeck
3hq11SFFr5N1GiPUkx4xWZ,Lullabies,2020-11-06,15,https://i.scdn.co/image/ab67616d0000b273971b6898af2c700eb2ab58e1,https://i.scdn.co/image/ab67616d00001e02971b6898af2c700eb2ab58e1,3kUKwTJdH8FuWzF8p6Dg9E,jazz,Dave Brubeck
4bzLnyKiNfOYvErJT9hkbM,Brubeck Standard Time,2020-05-04,7,https://i.scdn.co/image/ab67616d0000b27398a30a3aeea8935e3e2fc388,https://i.scdn.co/image/ab67616d00001e0298a30a3aeea8935e3e2fc388,3kUKwTJdH8FuWzF8p6Dg9E,jazz,Dave Brubeck
6JjxbOPWqrm8miFbOFPPAl,"All That Jazz, Vol. 85: Plain Saxophone – Paul Desmond & Friends, Feat. Dave Brubeck (Remastered 2017)",2017-06-02,14,https://i.scdn.co/image/ab67616d0000b273627874a2a4676ace32645892,https://i.scdn.co/image/ab67616d00001e02627874a2a4676ace32645892,3kUKwTJdH8FuWzF8p6Dg9E,jazz,Dave Brubeck
2CmoDl8982VI9u3eQOzXCg,"Swiss Radio Days Jazz Series, Vol. 42 (Live At Zurich 1964)",2016-10-07,8,https://i.scdn.co/image/ab67616d0000b273eb18be6ba140d9f24890bb60,https://i.scdn.co/image/ab67616d00001e02eb18be6ba140d9f24890bb60,3kUKwTJdH8FuWzF8p6Dg9E,jazz,Dave Brubeck
2ea5ulbNoPchyAh3ku8Dce,Legenden des Jazz: Dave Brubeck,2016-07-29,12,https://i.scdn.co/image/ab67616d0000b273de4e742ee7e4deb309815200,https://i.scdn.co/image/ab67616d00001e02de4e742ee7e4deb309815200,3kUKwTJdH8FuWzF8p6Dg9E,jazz,Dave Brubeck
0ZQq2wnV9SjwuidOttp0YR,"Bennett & Brubeck: The White House Sessions, Live 1962",2013-05-20,17,https://i.scdn.co/image/ab67616d0000b2738d10eeb2a78c90c3f66f59c3,https://i.scdn.co/image/ab67616d00001e028d10eeb2a78c90c3f66f59c3,3kUKwTJdH8FuWzF8p6Dg9E,jazz,Dave Brubeck
0Viic1H7ofzYutofSEIGsa,Brubeck & American Poets: Pacific Mozart Ensemble,2012-09-04,19,https://i.scdn.co/image/ab67616d0000b2730ac8425115fe225c66e2c751,https://i.scdn.co/image/ab67616d00001e020ac8425115fe225c66e2c751,3kUKwTJdH8FuWzF8p6Dg9E,jazz,Dave Brubeck
2vvoOt9IdaVS4iB3giJRLw,Late Night - Sonny Rollins,2026-01-22,17,https://i.scdn.co/image/ab67616d0000b2738de852acf39e83d0b4d3d7fc,https://i.scdn.co/image/ab67616d00001e028de852acf39e83d0b4d3d7fc,1VEzN9lxvG6KPR3QQGsebR,jazz,Sonny Rollins
6oerI6KLeX8ucQ9aibX1oV,Plays The Blues,2025-09-07,11,https://i.scdn.co/image/ab67616d0000b273ecbc6f52a304c65f02c1b579,https://i.scdn.co/image/ab67616d00001e02ecbc6f52a304c65f02c1b579,1VEzN9lxvG6KPR3QQGsebR,jazz,Sonny Rollins
0D9zcaf5UZIlfRwC95C3mR,Freedom Weaver: The 1959 European Tour Recordings (Live),2024-04-26,26,https://i.scdn.co/image/ab67616d0000b273e389566373048582acc9ad51,https://i.scdn.co/image/ab67616d00001e02e389566373048582acc9ad51,1VEzN9lxvG6KPR3QQGsebR,jazz,Sonny Rollins
4ZsJnvskaNpZ03ynI0mqlH,A Night At The Village Vanguard (The Complete Masters),2024-04-26,18,https://i.scdn.co/image/ab67616d0000b273ef03ae25d72bacfa673b688c,https://i.scdn.co/image/ab67616d00001e02ef03ae25d72bacfa673b688c,1VEzN9lxvG6KPR3QQGsebR,jazz,Sonny Rollins
6EhppyigakG9mF5dndW39o,"Live at Finlandia Hall, Helsinki 1972",2023-06-16,4,https://i.scdn.co/image/ab67616d0000b273e6e5eb63219be9c94c29c70f,https://i.scdn.co/image/ab67616d00001e02e6e5eb63219be9c94c29c70f,1VEzN9lxvG6KPR3QQGsebR,jazz,Sonny Rollins
0sGxLK0kQ2BntttzYGIJc1,Go West!: The Contemporary Records Albums,2023-03-17,20,https://i.scdn.co/image/ab67616d0000b273d6534958a32fe7c6328897c3,https://i.scdn.co/image/ab67616d00001e02d6534958a32fe7c6328897c3,1VEzN9lxvG6KPR3QQGsebR,jazz,Sonny Rollins
5LXANyFKc8Mn9Z1rvgTaZf,Rollins in Holland: The 1967 Studio & Live Recordings,2020-12-04,11,https://i.scdn.co/image/ab67616d0000b273235738bf129ccdfa841715d8,https://i.scdn.co/image/ab67616d00001e02235738bf129ccdfa841715d8,1VEzN9lxvG6KPR3QQGsebR,jazz,Sonny Rollins
1QDH4iOtD5cK2fVU6h4pG2,Newport Jazz Festival 1973,2019-03-11,4,https://i.scdn.co/image/ab67616d0000b27376000fa16180838a3db67e3d,https://i.scdn.co/image/ab67616d00001e0276000fa16180838a3db67e3d,1VEzN9lxvG6KPR3QQGsebR,jazz,Sonny Rollins
3AauS2jpj9jbzSGzelqNSR,"Genius of Jazz - Sonny Rollins, Vol. 3",2018-06-23,10,https://i.scdn.co/image/ab67616d0000b273ae01c3e3cc97f049ac0563da,https://i.scdn.co/image/ab67616d00001e02ae01c3e3cc97f049ac0563da,1VEzN9lxvG6KPR3QQGsebR,jazz,Sonny Rollins
3dgyrgFjKReIkIEtEYq3Wy,"Genius of Jazz - Sonny Rollins, Vol. 1",2018-06-20,10,https://i.scdn.co/image/ab67616d0000b273a43c222b6f130dbaf51fdf34,https://i.scdn.co/image/ab67616d00001e02a43c222b6f130dbaf51fdf34,1VEzN9lxvG6KPR3QQGsebR,jazz,Sonny Rollins
0o7l96vdlQZNJWq7gxdi9i,"Swiss Radio Days Jazz Series, Vol. 40 (Live At Zurich 1959)",2016-04-08,10,https://i.scdn.co/image/ab67616d0000b2732f3e0e2e6688db2204f43dec,https://i.scdn.co/image/ab67616d00001e022f3e0e2e6688db2204f43dec,1VEzN9lxvG6KPR3QQGsebR,jazz,Sonny Rollins
138dc36BUHbkr8KizG2tlX,"Holding the Stage (Road Shows, Vol. 4)",2016-04-06,10,https://i.scdn.co/image/ab67616d0000b27342f568c8cdf30eb95b14ece8,https://i.scdn.co/image/ab67616d00001e0242f568c8cdf30eb95b14ece8,1VEzN9lxvG6KPR3QQGsebR,jazz,Sonny Rollins
5fTtxvwGPfCWslRzNbZOD9,"Road Shows, Vol. 3",2014-05-02,6,https://i.scdn.co/image/ab67616d0000b273b40bb9ee1e2e8b9dff5df1f3,https://i.scdn.co/image/ab67616d00001e02b40bb9ee1e2e8b9dff5df1f3,1VEzN9lxvG6KPR3QQGsebR,jazz,Sonny Rollins
6r0465hnn6xwgY7o7qSUbb,Kiss and Run (Remastered),2012-11-20,20,https://i.scdn.co/image/ab67616d0000b273ce96870e24ea400887b1997d,https://i.scdn.co/image/ab67616d00001e02ce96870e24ea400887b1997d,1VEzN9lxvG6KPR3QQGsebR,jazz,Sonny Rollins
38kzOCriSXQfrwjFJl4Kpn,Valse Hot,2007,10,https://i.scdn.co/image/ab67616d0000b2732cf0aec3f8026a3b46bfbf6e,https://i.scdn.co/image/ab67616d00001e022cf0aec3f8026a3b46bfbf6e,1VEzN9lxvG6KPR3QQGsebR,jazz,Sonny Rollins
6qof0wSJpBAmgjepvlyFAx,Coffee with Bill Evans,2026-05-01,20,https://i.scdn.co/image/ab67616d0000b2736632a2be1b2f8a20d99f3a33,https://i.scdn.co/image/ab67616d00001e026632a2be1b2f8a20d99f3a33,4jXfFzeP66Zy67HM2mvIIF,jazz,Bill Evans
1vKKXLwobiiv6911TVUjua,Late Night - Bill Evans,2026-01-22,75,https://i.scdn.co/image/ab67616d0000b27315eed376dadfd8ec585f78ce,https://i.scdn.co/image/ab67616d00001e0215eed376dadfd8ec585f78ce,4jXfFzeP66Zy67HM2mvIIF,jazz,Bill Evans
1CjnyyNFm22vUIjRfxT6ex,Portraits at the Penthouse: Live in Seattle,2026-01-16,12,https://i.scdn.co/image/ab67616d0000b273439422845abf1fbe5926ea48,https://i.scdn.co/image/ab67616d00001e02439422845abf1fbe5926ea48,4jXfFzeP66Zy67HM2mvIIF,jazz,Bill Evans
40CAHj7j28GUQmTKo5Ai71,In Norway: The Kongsberg Concert,2024-12-06,13,https://i.scdn.co/image/ab67616d0000b273163579dbaf4fd1c5f0228981,https://i.scdn.co/image/ab67616d00001e02163579dbaf4fd1c5f0228981,4jXfFzeP66Zy67HM2mvIIF,jazz,Bill Evans
6ve6IFkbPcsbvSycMS8GKl,Evans on Evans,2024-10-24,9,https://i.scdn.co/image/ab67616d0000b273a20c8d715251ec3a2e2f537c,https://i.scdn.co/image/ab67616d00001e02a20c8d715251ec3a2e2f537c,4jXfFzeP66Zy67HM2mvIIF,jazz,Bill Evans
5wJUoyZacTMBavp5gdPCrt,Everybody Digs Bill Evans (Restored Edition),2024-10-14,9,https://i.scdn.co/image/ab67616d0000b273f9dfd601974f079d82b99887,https://i.scdn.co/image/ab67616d00001e02f9dfd601974f079d82b99887,4jXfFzeP66Zy67HM2mvIIF,jazz,Bill Evans
2v0qtFkR6fpnoQcL96jr7y,Know What I Mean? (Remastered 2024),2024-03-01,8,https://i.scdn.co/image/ab67616d0000b273a418a62e0ab8dfbd279e9832,https://i.scdn.co/image/ab67616d00001e02a418a62e0ab8dfbd279e9832,4jXfFzeP66Zy67HM2mvIIF,jazz,Bill Evans
3aRkeXqWFdxFNumHJe0hDc,The Tony Bennett / Bill Evans Album,2023-12-15,9,https://i.scdn.co/image/ab67616d0000b27374e3f4d89cf5967cc4453cc4,https://i.scdn.co/image/ab67616d00001e0274e3f4d89cf5967cc4453cc4,4jXfFzeP66Zy67HM2mvIIF,jazz,Bill Evans
5og6cJwSLdkNc3zAIlbIzU,Tales: Live in Copenhagen 1964 (Live),2023-12-01,11,https://i.scdn.co/image/ab67616d0000b273d2c44b1e867e55329c95e250,https://i.scdn.co/image/ab67616d00001e02d2c44b1e867e55329c95e250,4jXfFzeP66Zy67HM2mvIIF,jazz,Bill Evans
0sSy5QNdbyCxDzQTouD4Kp,Bill Evans Trio + Herb Geller Live February 14th. 1972 Hamburg (Restauración 2023),2023-04-12,14,https://i.scdn.co/image/ab67616d0000b273c5f8aefa7fffec22fdf12704,https://i.scdn.co/image/ab67616d00001e02c5f8aefa7fffec22fdf12704,4jXfFzeP66Zy67HM2mvIIF,jazz,Bill Evans
44NJaMg6V92MqVVtuHS9En,My Foolish Heart (Live),2023-04-10,14,https://i.scdn.co/image/ab67616d0000b2734c37ba8758706b07adecc92c,https://i.scdn.co/image/ab67616d00001e024c37ba8758706b07adecc92c,4jXfFzeP66Zy67HM2mvIIF,jazz,Bill Evans
7ahPbyvsPJIroczrZ8c4eM,"Morning Glory: The 1973 Concert at The Teatro Gran Rex, Buenos Aires (Live)",2022-08-12,13,https://i.scdn.co/image/ab67616d0000b273a6577a45dbc21d76b8f1898c,https://i.scdn.co/image/ab67616d00001e02a6577a45dbc21d76b8f1898c,4jXfFzeP66Zy67HM2mvIIF,jazz,Bill Evans
0N9mcsAS79swphJxpj8LCN,You Must Believe In Spring (Remastered 2022),2022-06-03,10,https://i.scdn.co/image/ab67616d0000b2734c705710dfd4ef34923ae17a,https://i.scdn.co/image/ab67616d00001e024c705710dfd4ef34923ae17a,4jXfFzeP66Zy67HM2mvIIF,jazz,Bill Evans
0KWdsVSAHBk1310FZfdEoE,"Inner Spirit: The 1979 Concert at the Teatro General San Martín, Buenos Aires (Live)",2022-04-29,13,https://i.scdn.co/image/ab67616d0000b273d15fbd70700aa32e10c925ef,https://i.scdn.co/image/ab67616d00001e02d15fbd70700aa32e10c925ef,4jXfFzeP66Zy67HM2mvIIF,jazz,Bill Evans
3C2uG8aJwuspcoKvbPBFbX,BD Music Presents Bill Evans,2022-04-29,8,https://i.scdn.co/image/ab67616d0000b2739aa45153d35d7aae7438d210,https://i.scdn.co/image/ab67616d00001e029aa45153d35d7aae7438d210,4jXfFzeP66Zy67HM2mvIIF,jazz,Bill Evans
0EQxCQA72TvrOu2YF6nxJy,Dizzy Gillespie: A Night in Chicago,2026-05-01,7,https://i.scdn.co/image/ab67616d0000b273c9de784dac00ccadf61da16b,https://i.scdn.co/image/ab67616d00001e02c9de784dac00ccadf61da16b,5RzjqfPS0Bu4bUMkyNNDpn,jazz,Dizzy Gillespie
7fLwn5NEYb1ieJ5QjHrvfC,Plays The Blues,2025-12-03,20,https://i.scdn.co/image/ab67616d0000b2736c18cb4433ddb7946373e213,https://i.scdn.co/image/ab67616d00001e026c18cb4433ddb7946373e213,5RzjqfPS0Bu4bUMkyNNDpn,jazz,Dizzy Gillespie
4DGCvMqJxwiFCFowSIVz8v,In Concert,2024-09-06,6,https://i.scdn.co/image/ab67616d0000b27349e73d0313535c91f9d17857,https://i.scdn.co/image/ab67616d00001e0249e73d0313535c91f9d17857,5RzjqfPS0Bu4bUMkyNNDpn,jazz,Dizzy Gillespie
0mP7hw2ndbkJZwa2amXhng,Manteca (Remastered 2024),2024-03-08,18,https://i.scdn.co/image/ab67616d0000b273173ffaef457949c15bdea9f8,https://i.scdn.co/image/ab67616d00001e02173ffaef457949c15bdea9f8,5RzjqfPS0Bu4bUMkyNNDpn,jazz,Dizzy Gillespie
3QMhme9YCUZc55frc8EQdv,On The Sunny Side Of 52nd Street,2023-02-17,15,https://i.scdn.co/image/ab67616d0000b273c6886dc8f023a1cf43fbddbf,https://i.scdn.co/image/ab67616d00001e02c6886dc8f023a1cf43fbddbf,5RzjqfPS0Bu4bUMkyNNDpn,jazz,Dizzy Gillespie
6U5vxEfbOSUPoHiiBOB1L7,"All that Jazz, Vol. 150: Bebop meets Blues - A Jazz Summit on 78 rpm",2023,20,https://i.scdn.co/image/ab67616d0000b273a0925aa1f091ac2670772e87,https://i.scdn.co/image/ab67616d00001e02a0925aa1f091ac2670772e87,5RzjqfPS0Bu4bUMkyNNDpn,jazz,Dizzy Gillespie
1FcjzYQkch4Drl1C8rMs19,Apple Jam (Live 1980),2022-11-14,7,https://i.scdn.co/image/ab67616d0000b273ac1faab821b2df41a7137d9a,https://i.scdn.co/image/ab67616d00001e02ac1faab821b2df41a7137d9a,5RzjqfPS0Bu4bUMkyNNDpn,jazz,Dizzy Gillespie
4SB4wVfmbtN7IcF0JkchY7,On Savoy: Dizzy Gillespie,2022-10-21,15,https://i.scdn.co/image/ab67616d0000b27328724fa192d027d2078da250,https://i.scdn.co/image/ab67616d00001e0228724fa192d027d2078da250,5RzjqfPS0Bu4bUMkyNNDpn,jazz,Dizzy Gillespie
65O0PvzOhU8tqxCp00TwXU,Simply... Dizzy!,2020-09-11,29,https://i.scdn.co/image/ab67616d0000b273975686a8e6fc565adbaf9263,https://i.scdn.co/image/ab67616d00001e02975686a8e6fc565adbaf9263,5RzjqfPS0Bu4bUMkyNNDpn,jazz,Dizzy Gillespie
0PL69l8GUQGSUo5O3rdth7,"All That Jazz, Vol. 109: Lips Flips — Dizzy Gillespie and Friends Live (Remastered 2018)",2018-11-02,10,https://i.scdn.co/image/ab67616d0000b273858a8b9d24926e7eaaaad89d,https://i.scdn.co/image/ab67616d00001e02858a8b9d24926e7eaaaad89d,5RzjqfPS0Bu4bUMkyNNDpn,jazz,Dizzy Gillespie
07ZPwuqkHEWIUev5lNZzAm,The Essential Dizzy Gillespie (Remastered),2017-10-20,18,https://i.scdn.co/image/ab67616d0000b273bed8c7a23d6118a5d19a39e8,https://i.scdn.co/image/ab67616d00001e02bed8c7a23d6118a5d19a39e8,5RzjqfPS0Bu4bUMkyNNDpn,jazz,Dizzy Gillespie
1XBSWrYw6TUVAVSOz2GVs4,"All Time Jazz: Dizzy Gillespie, Vol. 1",2017-07-28,17,https://i.scdn.co/image/ab67616d0000b273f6df8cca94aa8242a8447a35,https://i.scdn.co/image/ab67616d00001e02f6df8cca94aa8242a8447a35,5RzjqfPS0Bu4bUMkyNNDpn,jazz,Dizzy Gillespie
3RvhrNyuctqtqyErUOMK3A,At Onkel Pö´s Carnegie Hall Hamburg 1978 (Live),2017-03-17,13,https://i.scdn.co/image/ab67616d0000b273b9841564a73858265d5e9872,https://i.scdn.co/image/ab67616d00001e02b9841564a73858265d5e9872,5RzjqfPS0Bu4bUMkyNNDpn,jazz,Dizzy Gillespie
0GxMH1Xgx3pMzN37aoTGaJ,Concert of the Century - A Tribute to Charlie Parker,2016-11-11,8,https://i.scdn.co/image/ab67616d0000b2737ca53d8012490eebfe1192c4,https://i.scdn.co/image/ab67616d00001e027ca53d8012490eebfe1192c4,5RzjqfPS0Bu4bUMkyNNDpn,jazz,Dizzy Gillespie
73ZntI5YFxfpXvu9WCCkUA,Nina's Back,2024-03-15,8,https://i.scdn.co/image/ab67616d0000b2738c2fbdca6f345e6461a7fa69,https://i.scdn.co/image/ab67616d00001e028c2fbdca6f345e6461a7fa69,7G1GBhoKtEPnP86X2PvEYO,jazz,Nina Simone
3QW6R0M33SezTeXgYRs9CX,You've Got To Learn (Live),2023-07-21,7,https://i.scdn.co/image/ab67616d0000b273d629c3bf106a63364012fc5a,https://i.scdn.co/image/ab67616d00001e02d629c3bf106a63364012fc5a,7G1GBhoKtEPnP86X2PvEYO,jazz,Nina Simone
3c6oqQgiDGPNp8bXBYXMuF,Love Me Or Leave,2023-05-12,13,https://i.scdn.co/image/ab67616d0000b273b7304ee00655b7333d65e27b,https://i.scdn.co/image/ab67616d00001e02b7304ee00655b7333d65e27b,7G1GBhoKtEPnP86X2PvEYO,jazz,Nina Simone
56rB08mTgo2HaMorNIYbC8,BD Music Presents Nina Simone,2022-04-29,10,https://i.scdn.co/image/ab67616d0000b273d90a920ff127a5d66422fbf0,https://i.scdn.co/image/ab67616d00001e02d90a920ff127a5d66422fbf0,7G1GBhoKtEPnP86X2PvEYO,jazz,Nina Simone
7nOJc1YadkdJXhI9n76LE5,Nina Simone And Her Friends (2021 - Stereo Remaster),2021-12-03,12,https://i.scdn.co/image/ab67616d0000b273dcdd5bf2d3b5a693d53ee0a5,https://i.scdn.co/image/ab67616d00001e02dcdd5bf2d3b5a693d53ee0a5,7G1GBhoKtEPnP86X2PvEYO,jazz,Nina Simone
6w3r74Xeo8op21Hi8sBfyI,Little Girl Blue (2021 - Stereo Remaster),2021-06-01,11,https://i.scdn.co/image/ab67616d0000b2734b5d57fbb351ba2569996224,https://i.scdn.co/image/ab67616d00001e024b5d57fbb351ba2569996224,7G1GBhoKtEPnP86X2PvEYO,jazz,Nina Simone
4UuHA09zsxQHkbfqQS2QOo,New World Coming,2020-10-09,12,https://i.scdn.co/image/ab67616d0000b2733f805649d85f61fdfef0a6cd,https://i.scdn.co/image/ab67616d00001e023f805649d85f61fdfef0a6cd,7G1GBhoKtEPnP86X2PvEYO,jazz,Nina Simone
3HvgNs3UlPTLN6qliUzjUM,Fodder On My Wings,2020-04-03,13,https://i.scdn.co/image/ab67616d0000b273b0a03a11e2323e49e5a1832f,https://i.scdn.co/image/ab67616d00001e02b0a03a11e2323e49e5a1832f,7G1GBhoKtEPnP86X2PvEYO,jazz,Nina Simone
0GJmUGYlin1dxYoe1mzObj,Mood Indigo: The Complete Bethlehem Singles,2018-02-09,14,https://i.scdn.co/image/ab67616d0000b2736599e98824355dd4d20c6d8b,https://i.scdn.co/image/ab67616d00001e026599e98824355dd4d20c6d8b,7G1GBhoKtEPnP86X2PvEYO,jazz,Nina Simone
01NGiVifTgrJzdwtgHyfU3,Little Girl Blue (2013 - Remaster),2013-08-27,10,https://i.scdn.co/image/ab67616d0000b27379d4b738f89a33471c9e0aa6,https://i.scdn.co/image/ab67616d00001e0279d4b738f89a33471c9e0aa6,7G1GBhoKtEPnP86X2PvEYO,jazz,Nina Simone
5i11koayllPJWjgwYtFZtp,My Way,2007-07-23,21,https://i.scdn.co/image/ab67616d0000b273da79dd1fc3e3fdfc4ed772f6,https://i.scdn.co/image/ab67616d00001e02da79dd1fc3e3fdfc4ed772f6,7G1GBhoKtEPnP86X2PvEYO,jazz,Nina Simone
0PJ70lJhWjflyKkrQabNso,Remixed & Reimagined,2006-10-31,16,https://i.scdn.co/image/ab67616d0000b273a4e5a27570435754ee403a13,https://i.scdn.co/image/ab67616d00001e02a4e5a27570435754ee403a13,7G1GBhoKtEPnP86X2PvEYO,jazz,Nina Simone
0HF1yZhWt3Rlv4FSRVtNVJ,Live at Montreux 1976,2006-08-22,8,https://i.scdn.co/image/ab67616d0000b2732e2264c4ed7427918aac0142,https://i.scdn.co/image/ab67616d00001e022e2264c4ed7427918aac0142,7G1GBhoKtEPnP86X2PvEYO,jazz,Nina Simone
1NOuLNCoZQjvuXwanQaCKu,A Single Woman: The Complete Elektra Recordings,1993-03-01,21,https://i.scdn.co/image/ab67616d0000b273a0a055ffb1b4bdef84771cfc,https://i.scdn.co/image/ab67616d00001e02a0a055ffb1b4bdef84771cfc,7G1GBhoKtEPnP86X2PvEYO,jazz,Nina Simone
5pSGlGB1DVrSlvQBcvlPyB,A Single Woman (Expanded),1993,17,https://i.scdn.co/image/ab67616d0000b2734d693ccbdcda6568bb4491ee,https://i.scdn.co/image/ab67616d00001e024d693ccbdcda6568bb4491ee,7G1GBhoKtEPnP86X2PvEYO,jazz,Nina Simone
03ZO6VVn5QwpWTM7F8QtPJ,Jazz at Berlin Philharmonic XVI: Piano Night II,2025-06-27,11,https://i.scdn.co/image/ab67616d0000b2734a1155ef20a13ef0cb9895d6,https://i.scdn.co/image/ab67616d00001e024a1155ef20a13ef0cb9895d6,7MbjIv3XpMc2ciNcoWHFcS,jazz,Michael Wollny
2SHlDZNLUL0FRnb8yGPjJe,Living Ghosts (Live),2025-02-28,4,https://i.scdn.co/image/ab67616d0000b2736ca3f0f027f33882f8425a3d,https://i.scdn.co/image/ab67616d00001e026ca3f0f027f33882f8425a3d,7MbjIv3XpMc2ciNcoWHFcS,jazz,Michael Wollny
715pqfRNpbKnPKnfFZkdid,Duo,2024-01-26,6,https://i.scdn.co/image/ab67616d0000b27369a96bbdf4c1381a15093dff,https://i.scdn.co/image/ab67616d00001e0269a96bbdf4c1381a15093dff,7MbjIv3XpMc2ciNcoWHFcS,jazz,Michael Wollny
6sPX5k3R9v6prRyG3HSttD,4 Wheel Drive II,2023-09-29,11,https://i.scdn.co/image/ab67616d0000b273b027e31f908ce0f637b7345f,https://i.scdn.co/image/ab67616d00001e02b027e31f908ce0f637b7345f,7MbjIv3XpMc2ciNcoWHFcS,jazz,Michael Wollny
45PoiD0fgKLoAtC8oUVMMO,Ghosts,2022-09-30,10,https://i.scdn.co/image/ab67616d0000b2737097ad6ae6fdaca62741e8df,https://i.scdn.co/image/ab67616d00001e027097ad6ae6fdaca62741e8df,7MbjIv3XpMc2ciNcoWHFcS,jazz,Michael Wollny
6xBwCb1Haucxf2AqICSw0v,Heinrich Heine - Traumbilder,2021-10-29,24,https://i.scdn.co/image/ab67616d0000b27368033e18712addbb5feb67c8,https://i.scdn.co/image/ab67616d00001e0268033e18712addbb5feb67c8,7MbjIv3XpMc2ciNcoWHFcS,jazz,Michael Wollny
4IStAnJ6JI7ivJY8IGpTOW,XXXX,2021-04-30,10,https://i.scdn.co/image/ab67616d0000b273eed2553a27df06c5ba461406,https://i.scdn.co/image/ab67616d00001e02eed2553a27df06c5ba461406,7MbjIv3XpMc2ciNcoWHFcS,jazz,Michael Wollny
1s27PprVQ7RNFHxsWa6RhQ,Mondenkind,2020-09-25,15,https://i.scdn.co/image/ab67616d0000b273563754cb80a4cd0dd001d470,https://i.scdn.co/image/ab67616d00001e02563754cb80a4cd0dd001d470,7MbjIv3XpMc2ciNcoWHFcS,jazz,Michael Wollny
3CAvWepoxL7CeqcYnwBOnv,4 Wheel Drive Live,2019-10-25,8,https://i.scdn.co/image/ab67616d0000b2731cbfc4473668d110ba34b01c,https://i.scdn.co/image/ab67616d00001e021cbfc4473668d110ba34b01c,7MbjIv3XpMc2ciNcoWHFcS,jazz,Michael Wollny
6HHbIMi4Hk5wyjGVm4jZb2,4 Wheel Drive,2019-03-15,12,https://i.scdn.co/image/ab67616d0000b2731149851b73a7dff28a29cecd,https://i.scdn.co/image/ab67616d00001e021149851b73a7dff28a29cecd,7MbjIv3XpMc2ciNcoWHFcS,jazz,Michael Wollny
1yo80wFtOsfOHJ68pLJJ7D,Wartburg (Live) [with Christian Weber & Eric Schaefer],2018-03-23,11,https://i.scdn.co/image/ab67616d0000b273a6ec018767bf08295a312f96,https://i.scdn.co/image/ab67616d00001e02a6ec018767bf08295a312f96,7MbjIv3XpMc2ciNcoWHFcS,jazz,Michael Wollny
2221mPPi9Hcd2AQQBBQ5ab,Oslo,2018-03-23,13,https://i.scdn.co/image/ab67616d0000b273e3c32d8a0ffbc1a6232ab48b,https://i.scdn.co/image/ab67616d00001e02e3c32d8a0ffbc1a6232ab48b,7MbjIv3XpMc2ciNcoWHFcS,jazz,Michael Wollny
3jNygrvS4zo2NifGXmDzgU,Out of Land (Live),2017-05-26,5,https://i.scdn.co/image/ab67616d0000b273593e13f4045e065dcbd10fc8,https://i.scdn.co/image/ab67616d00001e02593e13f4045e065dcbd10fc8,7MbjIv3XpMc2ciNcoWHFcS,jazz,Michael Wollny
0DQhSShfCT9xZyA2LqG02Q,Tandem,2016-09-30,10,https://i.scdn.co/image/ab67616d0000b27388746e62855d2a2a88d060e7,https://i.scdn.co/image/ab67616d00001e0288746e62855d2a2a88d060e7,7MbjIv3XpMc2ciNcoWHFcS,jazz,Michael Wollny
5tlZ0Eu1RisgEAaSRr9YBg,Klangspuren (Live) [Live in Hamburg],2016-02-26,9,https://i.scdn.co/image/ab67616d0000b273dd4d5b5436942a8312ef62c0,https://i.scdn.co/image/ab67616d00001e02dd4d5b5436942a8312ef62c0,7MbjIv3XpMc2ciNcoWHFcS,jazz,Michael Wollny
3r5anb6pt6x7BQFxmwbTah,Joachim Kühn & Young Lions,2026-04-24,7,https://i.scdn.co/image/ab67616d0000b273ac690ed7a9013d1a2a7271e3,https://i.scdn.co/image/ab67616d00001e02ac690ed7a9013d1a2a7271e3,63ZJSdxmTX5wWRMoS1C5ph,jazz,Joachim Kühn
52if8w6VzeHdxGS6L5jlEd,"On Tour, 1992-1993",2025-07-04,5,https://i.scdn.co/image/ab67616d0000b273edb72c76a93b8edb5fdc0718,https://i.scdn.co/image/ab67616d00001e02edb72c76a93b8edb5fdc0718,63ZJSdxmTX5wWRMoS1C5ph,jazz,Joachim Kühn
1sDKX6ntlEZx62oznlZQci,Échappée,2025-01-31,13,https://i.scdn.co/image/ab67616d0000b273e6fc4d6a1bc99395a5845578,https://i.scdn.co/image/ab67616d00001e02e6fc4d6a1bc99395a5845578,63ZJSdxmTX5wWRMoS1C5ph,jazz,Joachim Kühn
7cJopRRNPyae5s1AfQnTvB,The Way,2024-09-27,4,https://i.scdn.co/image/ab67616d0000b273f17e9189a9d40b02e8b439b6,https://i.scdn.co/image/ab67616d00001e02f17e9189a9d40b02e8b439b6,63ZJSdxmTX5wWRMoS1C5ph,jazz,Joachim Kühn
5CRF4VQh9fbqNcDQlXZwT4,Microvibrations,2023-10-13,11,https://i.scdn.co/image/ab67616d0000b2732777d8aa70f74c7d0e0ea20d,https://i.scdn.co/image/ab67616d00001e022777d8aa70f74c7d0e0ea20d,63ZJSdxmTX5wWRMoS1C5ph,jazz,Joachim Kühn
76CvNP1Auh9NXgMQFI3MmH,Komeda,2023-06-30,9,https://i.scdn.co/image/ab67616d0000b273e81f7e435f7025acdab9754c,https://i.scdn.co/image/ab67616d00001e02e81f7e435f7025acdab9754c,63ZJSdxmTX5wWRMoS1C5ph,jazz,Joachim Kühn
0IkWhZPnSbqoXe0bBCeBzo,Touch the Light,2021-02-26,13,https://i.scdn.co/image/ab67616d0000b27394193ce95de8e712c6b52d28,https://i.scdn.co/image/ab67616d00001e0294193ce95de8e712c6b52d28,63ZJSdxmTX5wWRMoS1C5ph,jazz,Joachim Kühn
4qggES4MqbTbQFXAZBQARn,Speaking Sound,2020-01-31,9,https://i.scdn.co/image/ab67616d0000b273504b7715c1445caacaeb1dd9,https://i.scdn.co/image/ab67616d00001e02504b7715c1445caacaeb1dd9,63ZJSdxmTX5wWRMoS1C5ph,jazz,Joachim Kühn
2lSR7loXeSy2yiWXizAvQJ,Melodic Ornette Coleman,2019-02-22,14,https://i.scdn.co/image/ab67616d0000b273919113b56073b413287befcb,https://i.scdn.co/image/ab67616d00001e02919113b56073b413287befcb,63ZJSdxmTX5wWRMoS1C5ph,jazz,Joachim Kühn
7LhEJGta4uIPtAMC5AQm5n,Love & Peace,2018-01-26,11,https://i.scdn.co/image/ab67616d0000b273f0ac36490720a5004e206c53,https://i.scdn.co/image/ab67616d00001e02f0ac36490720a5004e206c53,63ZJSdxmTX5wWRMoS1C5ph,jazz,Joachim Kühn
41vQfhLbjpv0F6ekUenUXt,Beauty & Truth,2016-03-18,12,https://i.scdn.co/image/ab67616d0000b27334ee0a2d8d22d2b31324a414,https://i.scdn.co/image/ab67616d00001e0234ee0a2d8d22d2b31324a414,63ZJSdxmTX5wWRMoS1C5ph,jazz,Joachim Kühn
2t8DURavi2zJo21Zn2Qqqh,This Way Out,2015-12-18,16,https://i.scdn.co/image/ab67616d0000b27390588d1c6a8ecf67d1c3c6d4,https://i.scdn.co/image/ab67616d00001e0290588d1c6a8ecf67d1c3c6d4,63ZJSdxmTX5wWRMoS1C5ph,jazz,Joachim Kühn
0TN1RhdD9aNMBDDBvp9xIl,Cinemascope,2015-12-18,8,https://i.scdn.co/image/ab67616d0000b273793fcfee8bb28964f08bdaed,https://i.scdn.co/image/ab67616d00001e02793fcfee8bb28964f08bdaed,63ZJSdxmTX5wWRMoS1C5ph,jazz,Joachim Kühn
1qcLfBid7vtrs8Lc6d8iwe,Solo Now,2014-07-28,10,https://i.scdn.co/image/ab67616d0000b273280fd6e5a5f8283a1c27e137,https://i.scdn.co/image/ab67616d00001e02280fd6e5a5f8283a1c27e137,63ZJSdxmTX5wWRMoS1C5ph,jazz,Joachim Kühn
7kk2uXMqQbQYUFWAcgKnNC,Jazz Meets India,2016-02-12,3,https://i.scdn.co/image/ab67616d0000b27317c593559da7910009f542bf,https://i.scdn.co/image/ab67616d00001e0217c593559da7910009f542bf,4gBdaOEelc50MG1QmlACtu,jazz,Manfred Schoof
4ChlCGT8tJgkGPX1FNpoMb,Hard Talk (Live),1995,4,https://i.scdn.co/image/ab67616d0000b2733b1f0726e7ca97905fb0cc74,https://i.scdn.co/image/ab67616d00001e023b1f0726e7ca97905fb0cc74,4gBdaOEelc50MG1QmlACtu,jazz,Manfred Schoof
1k7GjqxxEeom6rMvDXMvik,Crossroad,1992-08-13,16,https://i.scdn.co/image/ab67616d0000b2734685518e8d61501820220b4b,https://i.scdn.co/image/ab67616d00001e024685518e8d61501820220b4b,4gBdaOEelc50MG1QmlACtu,jazz,Manfred Schoof
2GN3F82VrbC1utphqguUQM,Timebreaker,1990-05-13,9,https://i.scdn.co/image/ab67616d0000b273211807d720a331be11e8bd34,https://i.scdn.co/image/ab67616d00001e02211807d720a331be11e8bd34,4gBdaOEelc50MG1QmlACtu,jazz,Manfred Schoof
2Yco3DnvmElXqUUCAMrmNB,Shadows & Smiles,1989,6,https://i.scdn.co/image/ab67616d0000b273835e5e07cda01864da4cfa2b,https://i.scdn.co/image/ab67616d00001e02835e5e07cda01864da4cfa2b,4gBdaOEelc50MG1QmlACtu,jazz,Manfred Schoof
3iMHrV9yCWcX2SEbl0SDtp,Meditation,1987-03-13,6,https://i.scdn.co/image/ab67616d0000b2737e2339f492687e84e0bb5063,https://i.scdn.co/image/ab67616d00001e027e2339f492687e84e0bb5063,4gBdaOEelc50MG1QmlACtu,jazz,Manfred Schoof
2jqvUh43MTs67MvQ6ZaT2a,Power Station,1986-12-13,10,https://i.scdn.co/image/ab67616d0000b2733096f04a28b9b380de333c60,https://i.scdn.co/image/ab67616d00001e023096f04a28b9b380de333c60,4gBdaOEelc50MG1QmlACtu,jazz,Manfred Schoof
63g6iS0YTKEr7s2jIwyhcK,Computer Energy,1986-01-13,8,https://i.scdn.co/image/ab67616d0000b273adc26e3779fc2aba9c5f52ad,https://i.scdn.co/image/ab67616d00001e02adc26e3779fc2aba9c5f52ad,4gBdaOEelc50MG1QmlACtu,jazz,Manfred Schoof
4vdF3OV2BEm6wg0d9TrpaU,Sky Racer,1982-06-13,11,https://i.scdn.co/image/ab67616d0000b2732dd7311e6a0bf143b28be53d,https://i.scdn.co/image/ab67616d00001e022dd7311e6a0bf143b28be53d,4gBdaOEelc50MG1QmlACtu,jazz,Manfred Schoof
0jDTHDPHgfWeAZNkrYcKgK,Distant Thunder,1976,4,https://i.scdn.co/image/ab67616d0000b27341da77ee4a1de34895f16b5b,https://i.scdn.co/image/ab67616d00001e0241da77ee4a1de34895f16b5b,4gBdaOEelc50MG1QmlACtu,jazz,Manfred Schoof
68GdYpUJxIbdQoLX6xf7OI,Warm Jazz,1994-12-15,8,https://i.scdn.co/image/ab67616d0000b27368d5f94dfaf8b9f29e184d0e,https://i.scdn.co/image/ab67616d00001e0268d5f94dfaf8b9f29e184d0e,1dykPF2xtMuwNNEIKtr1Sj,jazz,Wolfgang Haffner
6wdM2vf9gR6VfwYG0iktt1,Fearless,2024-12-06,10,https://i.scdn.co/image/ab67616d0000b273a79a7b2ca3eff28bf43dd9f3,https://i.scdn.co/image/ab67616d00001e02a79a7b2ca3eff28bf43dd9f3,73xPAo16RiiVu6X90p7UVb,jazz,Rolf Kühn
4HENgrWOdYVohdxPJXIK0H,Yellow + Blue,2018-06-01,11,https://i.scdn.co/image/ab67616d0000b273dad361547ee9d22d21e7dd86,https://i.scdn.co/image/ab67616d00001e02dad361547ee9d22d21e7dd86,73xPAo16RiiVu6X90p7UVb,jazz,Rolf Kühn
0tsAeMIOpK5bibfsC9w9Gt,Spotlights,2016-09-30,13,https://i.scdn.co/image/ab67616d0000b273f385a8348d049954b26476d5,https://i.scdn.co/image/ab67616d00001e02f385a8348d049954b26476d5,73xPAo16RiiVu6X90p7UVb,jazz,Rolf Kühn
4lfw4Ze9FHFNhNhL3qPIss,Stereo,2015-04-24,10,https://i.scdn.co/image/ab67616d0000b2736d4a3e70dee968433c377ed1,https://i.scdn.co/image/ab67616d00001e026d4a3e70dee968433c377ed1,73xPAo16RiiVu6X90p7UVb,jazz,Rolf Kühn
1wD88vGiv0rowZnaXLojJV,Perrak,2014-11-28,28,https://i.scdn.co/image/ab67616d0000b27358a17058b5f49656e3318d05,https://i.scdn.co/image/ab67616d00001e0258a17058b5f49656e3318d05,73xPAo16RiiVu6X90p7UVb,jazz,Rolf Kühn
13PQtWGhhTIVS8i2SOCrLy,Stop Time!,2014-10-24,14,https://i.scdn.co/image/ab67616d0000b273381becf91df00560e88c6b60,https://i.scdn.co/image/ab67616d00001e02381becf91df00560e88c6b60,73xPAo16RiiVu6X90p7UVb,jazz,Rolf Kühn
5XzXkw96kKCXo8IJi7bha1,Meet Horst Jankowski,2014-05-09,10,https://i.scdn.co/image/ab67616d0000b273378270bbe7ff3290098a5ced,https://i.scdn.co/image/ab67616d00001e02378270bbe7ff3290098a5ced,73xPAo16RiiVu6X90p7UVb,jazz,Rolf Kühn
2jOugQNe2yOupy0enzKOfv,Symphonic Swampfire,2014-01-31,5,https://i.scdn.co/image/ab67616d0000b273f12c48a6ab69bd9595fb6065,https://i.scdn.co/image/ab67616d00001e02f12c48a6ab69bd9595fb6065,73xPAo16RiiVu6X90p7UVb,jazz,Rolf Kühn
17Jk6yk8UbNOgInqXDCUVO,Rolf Kuhn & Tri-O: Close Up,2010-11-16,9,https://i.scdn.co/image/ab67616d0000b27391b20372dad8c74704a62e5e,https://i.scdn.co/image/ab67616d00001e0291b20372dad8c74704a62e5e,73xPAo16RiiVu6X90p7UVb,jazz,Rolf Kühn
6rm1xjBxti4u3EsY3eopHH,Rolf Kuhn and His Sound of Jazz,2010-08-03,10,https://i.scdn.co/image/ab67616d0000b2735c38885f480aee09417becd7,https://i.scdn.co/image/ab67616d00001e025c38885f480aee09417becd7,73xPAo16RiiVu6X90p7UVb,jazz,Rolf Kühn
4ovfTX9oAMcIlt2HDIjim1,Evergreens,2007-11-13,12,https://i.scdn.co/image/ab67616d0000b2736df84e211971bb7145648972,https://i.scdn.co/image/ab67616d00001e026df84e211971bb7145648972,73xPAo16RiiVu6X90p7UVb,jazz,Rolf Kühn
4p354VnC5N2sxacZpZgRPn,Smile,2006-01-31,11,https://i.scdn.co/image/ab67616d0000b27349008b741d828626387bb1de,https://i.scdn.co/image/ab67616d00001e0249008b741d828626387bb1de,73xPAo16RiiVu6X90p7UVb,jazz,Rolf Kühn
7FjYrxVwiDEC4VTfDbiAeo,Bouncing with Bud,2005-11-11,9,https://i.scdn.co/image/ab67616d0000b2734323d010f45cf6b09743660c,https://i.scdn.co/image/ab67616d00001e024323d010f45cf6b09743660c,73xPAo16RiiVu6X90p7UVb,jazz,Rolf Kühn
47DVuCeSX5ZEJBjv88TJ8Q,Love Stories,2003-08-11,10,https://i.scdn.co/image/ab67616d0000b273561526ed16326e62520309d6,https://i.scdn.co/image/ab67616d00001e02561526ed16326e62520309d6,73xPAo16RiiVu6X90p7UVb,jazz,Rolf Kühn
2nRyHb8QJFA0Xsp7y1ndUA,Inside Out,1999,9,https://i.scdn.co/image/ab67616d0000b27399a18df21100584708b0f77c,https://i.scdn.co/image/ab67616d00001e0299a18df21100584708b0f77c,73xPAo16RiiVu6X90p7UVb,jazz,Rolf Kühn
3PiXjYZhgpsnAKaPiXC3R3,Through The Fire (Live),2024-11-27,13,https://i.scdn.co/image/ab67616d0000b2738c1cff29dffe761579f4c7c2,https://i.scdn.co/image/ab67616d00001e028c1cff29dffe761579f4c7c2,6kACVPfCOnqzgfEF5ryl0x,country,Johnny Cash
4Y58KotkrZ32Nnni8CuXRd,Songwriter,2024-06-28,11,https://i.scdn.co/image/ab67616d0000b27377e3e8a240f2b79083445e35,https://i.scdn.co/image/ab67616d00001e0277e3e8a240f2b79083445e35,6kACVPfCOnqzgfEF5ryl0x,country,Johnny Cash
6teWeXPsyNQqlZlZMZHPNT,My Way,2022-05-12,15,https://i.scdn.co/image/ab67616d0000b273575d16ae93197b68b6fc2ee7,https://i.scdn.co/image/ab67616d00001e02575d16ae93197b68b6fc2ee7,6kACVPfCOnqzgfEF5ryl0x,country,Johnny Cash
5fGYp3tPqwAZv8lCxwMCRs,The Man in Black Walks the Line,2022-05-11,12,https://i.scdn.co/image/ab67616d0000b273a00421d49d6c6026c2310f87,https://i.scdn.co/image/ab67616d00001e02a00421d49d6c6026c2310f87,6kACVPfCOnqzgfEF5ryl0x,country,Johnny Cash
2l3eazQi1Gt5hg1mu5tjaa,"Bear's Sonic Journals: Live At The Carousel Ballroom, April 24 1968",2021-10-29,28,https://i.scdn.co/image/ab67616d0000b273d128e18755dcf0d983d3365f,https://i.scdn.co/image/ab67616d00001e02d128e18755dcf0d983d3365f,6kACVPfCOnqzgfEF5ryl0x,country,Johnny Cash
5QkKD6xmHdaoxCRL5NHvIp,Johnny Cash: Forever Words Expanded,2021-04-02,34,https://i.scdn.co/image/ab67616d0000b2734c81f68e1c9ab6b12edb6419,https://i.scdn.co/image/ab67616d00001e024c81f68e1c9ab6b12edb6419,6kACVPfCOnqzgfEF5ryl0x,country,Johnny Cash
5dkglmRYnnvIxZSR5hJcNT,Johnny Cash and The Royal Philharmonic Orchestra,2020-11-13,12,https://i.scdn.co/image/ab67616d0000b273057bee4e58624dc40bf3183e,https://i.scdn.co/image/ab67616d00001e02057bee4e58624dc40bf3183e,6kACVPfCOnqzgfEF5ryl0x,country,Johnny Cash
0dTrQGVqVQrQ1XYpXDsqBl,A Golden Hour Of Johnny Cash,2020-06-26,26,https://i.scdn.co/image/ab67616d0000b2734b10ba1c75ed7b8f618ddf20,https://i.scdn.co/image/ab67616d00001e024b10ba1c75ed7b8f618ddf20,6kACVPfCOnqzgfEF5ryl0x,country,Johnny Cash
3XbChOKBtsjQUHtrsYdYs0,The Gift: The Journey of Johnny Cash: Original Score Music From A Film by Thom Zimny,2019-11-08,13,https://i.scdn.co/image/ab67616d0000b273ea1ee2a211a48c72a9d96e72,https://i.scdn.co/image/ab67616d00001e02ea1ee2a211a48c72a9d96e72,6kACVPfCOnqzgfEF5ryl0x,country,Johnny Cash
4IxKpJDS2ZwD2vgcIOcKyV,"Milestones of Legends - Country & Western Heroes, Vol. 10",2019-10-18,24,https://i.scdn.co/image/ab67616d0000b2734a478a7ab6b4d2754bde0656,https://i.scdn.co/image/ab67616d00001e024a478a7ab6b4d2754bde0656,6kACVPfCOnqzgfEF5ryl0x,country,Johnny Cash
1EVFolgmcNPKMONxmH3m0j,The Johnny Cash Story,2019-03-29,63,https://i.scdn.co/image/ab67616d0000b273db976a296e937b4261bebada,https://i.scdn.co/image/ab67616d00001e02db976a296e937b4261bebada,6kACVPfCOnqzgfEF5ryl0x,country,Johnny Cash
1gxS9phdQtivuJM0hGxTmd,Legendary 1950's Radio Broadcasts,2016-11-21,11,https://i.scdn.co/image/ab67616d0000b27323fc4e17de6dd9e9502c2414,https://i.scdn.co/image/ab67616d00001e0223fc4e17de6dd9e9502c2414,6kACVPfCOnqzgfEF5ryl0x,country,Johnny Cash
19eTrUV7BXX37t5YeWZoEr,The Rare 1950's Radio Broadcasts - The Country Style USA And Guest Star Shows,2016-04-04,33,https://i.scdn.co/image/ab67616d0000b273999f1882c16816efe5d5f19a,https://i.scdn.co/image/ab67616d00001e02999f1882c16816efe5d5f19a,6kACVPfCOnqzgfEF5ryl0x,country,Johnny Cash
31v9CTxIr3CWmc6EKgge20,Late Night - Willie Nelson,2026-01-21,34,https://i.scdn.co/image/ab67616d0000b2738f3cea33aed2808af1965a44,https://i.scdn.co/image/ab67616d00001e028f3cea33aed2808af1965a44,5W5bDNCqJ1jbCgTxDD0Cb3,country,Willie Nelson
4HalQbvT1dCgW2VEkEt990,Workin' Man: Willie Sings Merle,2025-11-07,11,https://i.scdn.co/image/ab67616d0000b2739d6f239bc736ee41fb5741e5,https://i.scdn.co/image/ab67616d00001e029d6f239bc736ee41fb5741e5,5W5bDNCqJ1jbCgTxDD0Cb3,country,Willie Nelson
7C2rtzfeP135vyNyzsmhfV,Oh What A Beautiful World,2025-04-25,12,https://i.scdn.co/image/ab67616d0000b27371077bf499cca865f08ddb11,https://i.scdn.co/image/ab67616d00001e0271077bf499cca865f08ddb11,5W5bDNCqJ1jbCgTxDD0Cb3,country,Willie Nelson
6eMDYYqusiE28W797x0ArK,Last Leaf On The Tree,2024-11-01,13,https://i.scdn.co/image/ab67616d0000b273f69562f8514d5f91b1d4e086,https://i.scdn.co/image/ab67616d00001e02f69562f8514d5f91b1d4e086,5W5bDNCqJ1jbCgTxDD0Cb3,country,Willie Nelson
6CHMRZ6vYXMvxRSC3acmFr,The Border,2024-05-31,10,https://i.scdn.co/image/ab67616d0000b273542eb5be55e3509c49a168ca,https://i.scdn.co/image/ab67616d00001e02542eb5be55e3509c49a168ca,5W5bDNCqJ1jbCgTxDD0Cb3,country,Willie Nelson
1d6bEE3fpUfav6T1IdUBth,Long Story Short: Willie Nelson 90 (Live At The Hollywood Bowl),2024-04-19,54,https://i.scdn.co/image/ab67616d0000b273f5e3cdad1065d7e7fb050279,https://i.scdn.co/image/ab67616d00001e02f5e3cdad1065d7e7fb050279,5W5bDNCqJ1jbCgTxDD0Cb3,country,Willie Nelson
5q4Z8upqLLTcXUohabUqkR,Pages Of Time: The Early Chapters,2023-12-04,34,https://i.scdn.co/image/ab67616d0000b273518fd30301f27b03d9800722,https://i.scdn.co/image/ab67616d00001e02518fd30301f27b03d9800722,5W5bDNCqJ1jbCgTxDD0Cb3,country,Willie Nelson
65tnKCMWCQ5HJnzUn57dkO,Bluegrass,2023-09-15,12,https://i.scdn.co/image/ab67616d0000b27300486297290aed33b208542a,https://i.scdn.co/image/ab67616d00001e0200486297290aed33b208542a,5W5bDNCqJ1jbCgTxDD0Cb3,country,Willie Nelson
7L5V4bSV0xsGZMExvAtNxC,One Day At A Time (Live Denver '75),2023-06-19,23,https://i.scdn.co/image/ab67616d0000b27371e9d6db7187a007be29074c,https://i.scdn.co/image/ab67616d00001e0271e9d6db7187a007be29074c,5W5bDNCqJ1jbCgTxDD0Cb3,country,Willie Nelson
2N7hug3f9c5Wn9B0Ob9v2U,Face of a Fighter,2023-05-08,14,https://i.scdn.co/image/ab67616d0000b2731fbf4d8d8b4c10d9bf01b69c,https://i.scdn.co/image/ab67616d00001e021fbf4d8d8b4c10d9bf01b69c,5W5bDNCqJ1jbCgTxDD0Cb3,country,Willie Nelson
4lO42iHAoge8T139BkRc8S,I Don't Know A Thing About Love: The Songs of Harlan Howard,2023-03-03,10,https://i.scdn.co/image/ab67616d0000b273d1aef2790a0c68318b6f11fe,https://i.scdn.co/image/ab67616d00001e02d1aef2790a0c68318b6f11fe,5W5bDNCqJ1jbCgTxDD0Cb3,country,Willie Nelson
1yYaCS2P8FOUFU9PAwwrC3,Picture In a Frame (Deluxe Edition),2023-02-24,11,https://i.scdn.co/image/ab67616d0000b273e7aaceb4ec6eb591f92891c3,https://i.scdn.co/image/ab67616d00001e02e7aaceb4ec6eb591f92891c3,5W5bDNCqJ1jbCgTxDD0Cb3,country,Willie Nelson
1rXXez3sVB1qPY8sOoR9yk,Live At Budokan,2022-11-18,29,https://i.scdn.co/image/ab67616d0000b273ed242c44458a87bdf0582175,https://i.scdn.co/image/ab67616d00001e02ed242c44458a87bdf0582175,5W5bDNCqJ1jbCgTxDD0Cb3,country,Willie Nelson
1t0X6YrWoHevVJ2SudCU7b,Vaults,2022-06-09,12,https://i.scdn.co/image/ab67616d0000b2734df6eb9d20fd1594805f77b1,https://i.scdn.co/image/ab67616d00001e024df6eb9d20fd1594805f77b1,5W5bDNCqJ1jbCgTxDD0Cb3,country,Willie Nelson
7oPKRoThZFX1xQ7X05cfFG,A Beautiful Time,2022-04-29,14,https://i.scdn.co/image/ab67616d0000b273c2ebfdf58ec1f71a0132b516,https://i.scdn.co/image/ab67616d00001e02c2ebfdf58ec1f71a0132b516,5W5bDNCqJ1jbCgTxDD0Cb3,country,Willie Nelson
28bVqBO08O6jcgirj9Yj0l,"Smoky Mountain DNA: Family, Faith and Fables",2024-11-15,37,https://i.scdn.co/image/ab67616d0000b27394ed1268d95c92c1267e2441,https://i.scdn.co/image/ab67616d00001e0294ed1268d95c92c1267e2441,32vWCbZh0xZ4o9gkz4PsEU,country,Dolly Parton
4NnxZrUt4vpQb1SpNFIivD,Making Believe,2024-06-24,8,https://i.scdn.co/image/ab67616d0000b27397f6098ab6135ff9bd2de45a,https://i.scdn.co/image/ab67616d00001e0297f6098ab6135ff9bd2de45a,32vWCbZh0xZ4o9gkz4PsEU,country,Dolly Parton
2thjKwqPvHo5SWzSzudVB2,Rockstar,2023-11-17,30,https://i.scdn.co/image/ab67616d0000b27365bbe79fd96815e098f8e1d1,https://i.scdn.co/image/ab67616d00001e0265bbe79fd96815e098f8e1d1,32vWCbZh0xZ4o9gkz4PsEU,country,Dolly Parton
2yBT9p4xgUwqN4Nis9NkGY,Higher And Higher (Live 1977),2022-08-17,17,https://i.scdn.co/image/ab67616d0000b273f73e738213bf68653ed44342,https://i.scdn.co/image/ab67616d00001e02f73e738213bf68653ed44342,32vWCbZh0xZ4o9gkz4PsEU,country,Dolly Parton
50A9Yv2SPJByoZIDO5WVzG,"Run, Rose, Run",2022-03-04,12,https://i.scdn.co/image/ab67616d0000b273dd7177bf6bda5fe46a75e244,https://i.scdn.co/image/ab67616d00001e02dd7177bf6bda5fe46a75e244,32vWCbZh0xZ4o9gkz4PsEU,country,Dolly Parton
0UKCFUDo5hCdAB4b6tPqQe,A Holly Dolly Christmas (Ultimate Deluxe Edition),2020-10-02,20,https://i.scdn.co/image/ab67616d0000b2730ae7c1bed2454d8e76a81930,https://i.scdn.co/image/ab67616d00001e020ae7c1bed2454d8e76a81930,32vWCbZh0xZ4o9gkz4PsEU,country,Dolly Parton
50FL6Vavo5CtZ1S9QQSJeO,Dumplin' Original Motion Picture Soundtrack,2018-11-30,23,https://i.scdn.co/image/ab67616d0000b273502e02deb6d09c3618ec59a6,https://i.scdn.co/image/ab67616d00001e02502e02deb6d09c3618ec59a6,32vWCbZh0xZ4o9gkz4PsEU,country,Dolly Parton
3J9P845yuZgfvHjORh2E6D,I Believe in You,2017-09-29,14,https://i.scdn.co/image/ab67616d0000b273a1eacb9b6f8035947e2bbd06,https://i.scdn.co/image/ab67616d00001e02a1eacb9b6f8035947e2bbd06,32vWCbZh0xZ4o9gkz4PsEU,country,Dolly Parton
1omrt45kxnFaou3DQtmIip,Pure & Simple,2016-08-19,12,https://i.scdn.co/image/ab67616d0000b27352728e281f9eb44f5a3bdc62,https://i.scdn.co/image/ab67616d00001e0252728e281f9eb44f5a3bdc62,32vWCbZh0xZ4o9gkz4PsEU,country,Dolly Parton
7s3W1TD1FQdVB26ouB1LGp,Letter To Heaven,2016-05-26,7,https://i.scdn.co/image/ab67616d0000b2736dfc34a5f213cc239df2faeb,https://i.scdn.co/image/ab67616d00001e026dfc34a5f213cc239df2faeb,32vWCbZh0xZ4o9gkz4PsEU,country,Dolly Parton
2fiUzMQdXjZbLj2O3ztcYm,Blue Smoke,2014-05-13,12,https://i.scdn.co/image/ab67616d0000b273308e66276ac918acd738b98c,https://i.scdn.co/image/ab67616d00001e02308e66276ac918acd738b98c,32vWCbZh0xZ4o9gkz4PsEU,country,Dolly Parton
4qZxJ5v7fxjDIdzLDSUfQd,Better Day,2011-06-28,16,https://i.scdn.co/image/ab67616d0000b273fe9e7b7f28b533ce4070e932,https://i.scdn.co/image/ab67616d00001e02fe9e7b7f28b533ce4070e932,32vWCbZh0xZ4o9gkz4PsEU,country,Dolly Parton
3lmL0JbyMRSDwPZMD9fL3M,Dolly: Live From London,2009-11-10,18,https://i.scdn.co/image/ab67616d0000b273767bd1b72d43396a604982bb,https://i.scdn.co/image/ab67616d00001e02767bd1b72d43396a604982bb,32vWCbZh0xZ4o9gkz4PsEU,country,Dolly Parton
500gonatuH3z7LaK8tpLcW,SHA-KON-O-HEY! Land of Blue Smoke,2009-02-11,8,https://i.scdn.co/image/ab67616d0000b273ae7b74aec2521bbffd9c3ead,https://i.scdn.co/image/ab67616d00001e02ae7b74aec2521bbffd9c3ead,32vWCbZh0xZ4o9gkz4PsEU,country,Dolly Parton
0GmSoGXZQH67fjPenXVwhD,After All,2023-10-05,13,https://i.scdn.co/image/ab67616d0000b2736a3388cb60a67984195f1973,https://i.scdn.co/image/ab67616d00001e026a3388cb60a67984195f1973,4tw2Lmn9tTPUv7Gy7mVPI4,country,Kenny Rogers
7AsEZkD4zsAJYkTDZrJgZu,Life Is Like A Song (Deluxe Edition),2023-06-02,12,https://i.scdn.co/image/ab67616d0000b2734dda988bb7e0e39f555f28ee,https://i.scdn.co/image/ab67616d00001e024dda988bb7e0e39f555f28ee,4tw2Lmn9tTPUv7Gy7mVPI4,country,Kenny Rogers
7MOaU1lmI1F2WbNP1UTTkS,The Love Of God (Deluxe Edition),2019-10-25,13,https://i.scdn.co/image/ab67616d0000b273f487fc2264ce027f0d6ead47,https://i.scdn.co/image/ab67616d00001e02f487fc2264ce027f0d6ead47,4tw2Lmn9tTPUv7Gy7mVPI4,country,Kenny Rogers
3f7nN2bvNTQzjaXlhwCfjJ,Diamonds Are Forever (Live),2017,40,https://i.scdn.co/image/ab67616d0000b273577980ab7e56fb0e3d0bf9a0,https://i.scdn.co/image/ab67616d00001e02577980ab7e56fb0e3d0bf9a0,4tw2Lmn9tTPUv7Gy7mVPI4,country,Kenny Rogers
3ZAZAoBng8rApHtLUfDFrh,Once Again It's Christmas,2015-08-07,11,https://i.scdn.co/image/ab67616d0000b273482513b6c74a2669e1dc981d,https://i.scdn.co/image/ab67616d00001e02482513b6c74a2669e1dc981d,4tw2Lmn9tTPUv7Gy7mVPI4,country,Kenny Rogers
4IVzBlgqcwEyX8oIyAQuy4,Spend an Hour with..Kenny Rogers,2014-02-11,19,https://i.scdn.co/image/ab67616d0000b273578a45d04c5f935ecc902ec0,https://i.scdn.co/image/ab67616d00001e02578a45d04c5f935ecc902ec0,4tw2Lmn9tTPUv7Gy7mVPI4,country,Kenny Rogers
3fUJ4iWTYs3QMDx3YB1kUq,Kenny Rogers Valentine Card,2014-02-04,24,https://i.scdn.co/image/ab67616d0000b273b8ac32eae7acd015ed06571d,https://i.scdn.co/image/ab67616d00001e02b8ac32eae7acd015ed06571d,4tw2Lmn9tTPUv7Gy7mVPI4,country,Kenny Rogers
1cAujZxQJDEhqXK0EBBNtr,You Can't Make Old Friends,2013-10-08,11,https://i.scdn.co/image/ab67616d0000b27313aef5e6e22dc9229e4e456d,https://i.scdn.co/image/ab67616d00001e0213aef5e6e22dc9229e4e456d,4tw2Lmn9tTPUv7Gy7mVPI4,country,Kenny Rogers
6md8HLqTvnFUFpOzTa6j8R,Discovery Vaults,2013-01-29,10,https://i.scdn.co/image/ab67616d0000b273c618d36cf4ba6a0c1de0ae62,https://i.scdn.co/image/ab67616d00001e02c618d36cf4ba6a0c1de0ae62,4tw2Lmn9tTPUv7Gy7mVPI4,country,Kenny Rogers
5m62IXUP5q8tQmhBXzFVhF,Faith,2012-05-14,12,https://i.scdn.co/image/ab67616d0000b273e4791496c2a3b95443063dc8,https://i.scdn.co/image/ab67616d00001e02e4791496c2a3b95443063dc8,4tw2Lmn9tTPUv7Gy7mVPI4,country,Kenny Rogers
35bKt6TLADU51iQ6Z3Of5S,After Dark,2012-01-01,11,https://i.scdn.co/image/ab67616d0000b2737f8af1728682fd340677c84c,https://i.scdn.co/image/ab67616d00001e027f8af1728682fd340677c84c,4tw2Lmn9tTPUv7Gy7mVPI4,country,Kenny Rogers
6dB6FwA4jOF8Z2EpZEfJCI,There You Go Again,2008-07-22,12,https://i.scdn.co/image/ab67616d0000b2736df2f91ecc6d30779e9c6ae8,https://i.scdn.co/image/ab67616d00001e026df2f91ecc6d30779e9c6ae8,4tw2Lmn9tTPUv7Gy7mVPI4,country,Kenny Rogers
5wrhTdpp4GpO8beuPizWF6,She Rides Wild Horses,2008-07-22,10,https://i.scdn.co/image/ab67616d0000b2730b2a5e5be02d23e13671cc68,https://i.scdn.co/image/ab67616d00001e020b2a5e5be02d23e13671cc68,4tw2Lmn9tTPUv7Gy7mVPI4,country,Kenny Rogers
2Ntry8W6ww31qU0WppsD3a,Christmas From The Heart,2008-07-22,17,https://i.scdn.co/image/ab67616d0000b27389c0efd6367517f15290bef3,https://i.scdn.co/image/ab67616d00001e0289c0efd6367517f15290bef3,4tw2Lmn9tTPUv7Gy7mVPI4,country,Kenny Rogers
3Hsqc0J5qdVYRS19Le923K,Water & Bridges,2006-03-21,12,https://i.scdn.co/image/ab67616d0000b2733d3169750f73852ed4276cff,https://i.scdn.co/image/ab67616d00001e023d3169750f73852ed4276cff,4tw2Lmn9tTPUv7Gy7mVPI4,country,Kenny Rogers
1ny6U0ma4yGHppI1HuQ7gJ,Cowboys And Dreamers,2024-09-06,13,https://i.scdn.co/image/ab67616d0000b2739d1973e54e7821d044e00b33,https://i.scdn.co/image/ab67616d00001e029d1973e54e7821d044e00b33,5vngPClqofybhPERIqQMYd,country,George Strait
5cGHqITuI0okDuweOwyRFR,Somewhere Along The Way (Live 1984),2023-10-18,26,https://i.scdn.co/image/ab67616d0000b273021af6da72185b0e146dcf74,https://i.scdn.co/image/ab67616d00001e02021af6da72185b0e146dcf74,5vngPClqofybhPERIqQMYd,country,George Strait
1IwWcySO6hKQ8dsFVtJfz4,Honky Tonk Time Machine,2019-03-29,13,https://i.scdn.co/image/ab67616d0000b2738c01f7116f6019506dfd8f65,https://i.scdn.co/image/ab67616d00001e028c01f7116f6019506dfd8f65,5vngPClqofybhPERIqQMYd,country,George Strait
2QTMMjc4u72JCt3lVRQxjy,Cold Beer Conversation,2015-09-25,13,https://i.scdn.co/image/ab67616d0000b2735444901903f862fc6ec82519,https://i.scdn.co/image/ab67616d00001e025444901903f862fc6ec82519,5vngPClqofybhPERIqQMYd,country,George Strait
2L2L5dwy8JCw6zqslBaASk,The Cowboy Rides Away: Live From AT&T Stadium,2014-09-16,20,https://i.scdn.co/image/ab67616d0000b273ad284613efb26ea0cf3413b0,https://i.scdn.co/image/ab67616d00001e02ad284613efb26ea0cf3413b0,5vngPClqofybhPERIqQMYd,country,George Strait
2tJoaDnwr0xWHD4OriSNtB,Love Is Everything,2013-01-01,13,https://i.scdn.co/image/ab67616d0000b2736a8f1249f73f0a9395d33230,https://i.scdn.co/image/ab67616d00001e026a8f1249f73f0a9395d33230,5vngPClqofybhPERIqQMYd,country,George Strait
0JxBiJVEmzFJdbMwgLohC1,Here For A Good Time,2011-01-01,11,https://i.scdn.co/image/ab67616d0000b273fc47d4b00420fc21c7c0f5bb,https://i.scdn.co/image/ab67616d00001e02fc47d4b00420fc21c7c0f5bb,5vngPClqofybhPERIqQMYd,country,George Strait
2HCyvvgVHV1cN9VQw0OVNx,Twang,2009-01-01,13,https://i.scdn.co/image/ab67616d0000b2736ddc9b6cb46a4956845302da,https://i.scdn.co/image/ab67616d00001e026ddc9b6cb46a4956845302da,5vngPClqofybhPERIqQMYd,country,George Strait
3dFuEcl4rdwVFH3CWYgRPJ,Troubadour,2008-01-01,12,https://i.scdn.co/image/ab67616d0000b273e5f45090e84f2c416eb343fd,https://i.scdn.co/image/ab67616d00001e02e5f45090e84f2c416eb343fd,5vngPClqofybhPERIqQMYd,country,George Strait
0IfWEWTL0q8H7v7O4ImkHW,22 More Hits,2007-11-13,22,https://i.scdn.co/image/ab67616d0000b273042d2255d3491e8218877944,https://i.scdn.co/image/ab67616d00001e02042d2255d3491e8218877944,5vngPClqofybhPERIqQMYd,country,George Strait
7qg3nxzKn8Q2QN3M4mjKy4,Live At Texas Stadium,2007-01-01,15,https://i.scdn.co/image/ab67616d0000b2730bb96579f7add249daac7b1c,https://i.scdn.co/image/ab67616d00001e020bb96579f7add249daac7b1c,5vngPClqofybhPERIqQMYd,country,George Strait
52DiULZMD6JO0Ugp89NhFU,It Just Comes Natural,2006-01-01,15,https://i.scdn.co/image/ab67616d0000b273d2a48de392be1ae8a71c51e4,https://i.scdn.co/image/ab67616d00001e02d2a48de392be1ae8a71c51e4,5vngPClqofybhPERIqQMYd,country,George Strait
59uaoonibMpTiQfdn50y3k,Classic Christmas,2006-01-01,10,https://i.scdn.co/image/ab67616d0000b273b0b8a24ee031a868ba980ac9,https://i.scdn.co/image/ab67616d00001e02b0b8a24ee031a868ba980ac9,5vngPClqofybhPERIqQMYd,country,George Strait
22lPla08LErk0XHBkUWq5f,Somewhere Down In Texas,2005-01-01,11,https://i.scdn.co/image/ab67616d0000b273ef1660da660519148cb7f0d4,https://i.scdn.co/image/ab67616d00001e02ef1660da660519148cb7f0d4,5vngPClqofybhPERIqQMYd,country,George Strait
166ptS8CKwmjYK2F7ApBkO,Honkytonkville,2003-01-01,12,https://i.scdn.co/image/ab67616d0000b273c4ffb55211a074fec371e5c1,https://i.scdn.co/image/ab67616d00001e02c4ffb55211a074fec371e5c1,5vngPClqofybhPERIqQMYd,country,George Strait
4MRl7r0BUG5GvRylLiU9Lp,Queen Of Me (Royal Edition),2023-04-28,17,https://i.scdn.co/image/ab67616d0000b27305d351ae348cb119c5f61945,https://i.scdn.co/image/ab67616d00001e0205d351ae348cb119c5f61945,5e4Dhzv426EvQe3aDb64jL,country,Shania Twain
5zDqo50KERwnv3vlFE4y99,Queen Of Me,2023-02-03,12,https://i.scdn.co/image/ab67616d0000b2734d3bb85915b4d834528efccb,https://i.scdn.co/image/ab67616d00001e024d3bb85915b4d834528efccb,5e4Dhzv426EvQe3aDb64jL,country,Shania Twain
1Gqoca4RxsEZCIAgx6PsTS,Not Just A Girl (The Highlights),2022-07-26,18,https://i.scdn.co/image/ab67616d0000b27368f38ec156000608b9a6e293,https://i.scdn.co/image/ab67616d00001e0268f38ec156000608b9a6e293,5e4Dhzv426EvQe3aDb64jL,country,Shania Twain
1wA2xlIBYafcDO9xV13O35,The Woman In Me (Super Deluxe Diamond Edition),2020-10-02,38,https://i.scdn.co/image/ab67616d0000b273e9229feec02a671f954ba555,https://i.scdn.co/image/ab67616d00001e02e9229feec02a671f954ba555,5e4Dhzv426EvQe3aDb64jL,country,Shania Twain
5L1fa5sInW8EeKIXAGycMD,Now (Deluxe),2017-09-29,16,https://i.scdn.co/image/ab67616d0000b273ccc1d6296cb7746ed59717d9,https://i.scdn.co/image/ab67616d00001e02ccc1d6296cb7746ed59717d9,5e4Dhzv426EvQe3aDb64jL,country,Shania Twain
7w8yxmTdAltZOJdzMMm3KC,Still The One: Live From Vegas,2015-03-02,19,https://i.scdn.co/image/ab67616d0000b2739bf01bec753bcb8967a5e9a0,https://i.scdn.co/image/ab67616d00001e029bf01bec753bcb8967a5e9a0,5e4Dhzv426EvQe3aDb64jL,country,Shania Twain
0VB5ymCq0odyXi4YWuoNB0,Up! (Red and Blue Versions),2002-01-01,38,https://i.scdn.co/image/ab67616d0000b273ea362d80a7cf387de424d38f,https://i.scdn.co/image/ab67616d00001e02ea362d80a7cf387de424d38f,5e4Dhzv426EvQe3aDb64jL,country,Shania Twain
0dXnuPLFLPT9fnj6vIUa1G,Up!,2002-01-01,19,https://i.scdn.co/image/ab67616d0000b273930fa38aa5999b96215027c8,https://i.scdn.co/image/ab67616d00001e02930fa38aa5999b96215027c8,5e4Dhzv426EvQe3aDb64jL,country,Shania Twain
5MUiqH86VtEvtVIY1loBDi,Come On Over (International Version),1999-11-09,16,https://i.scdn.co/image/ab67616d0000b2732da577b0a17e5b2dabacf0f4,https://i.scdn.co/image/ab67616d00001e022da577b0a17e5b2dabacf0f4,5e4Dhzv426EvQe3aDb64jL,country,Shania Twain
04zuFK0XE2XX9dhnwuwp6r,The First Time...For The Last Time,1999,18,https://i.scdn.co/image/ab67616d0000b2732cdf5a787eb297e0c11efd59,https://i.scdn.co/image/ab67616d00001e022cdf5a787eb297e0c11efd59,5e4Dhzv426EvQe3aDb64jL,country,Shania Twain
7yr6lAXFl1sbRfOAPy40qB,Come On Over (Special Edition),1997-11-04,19,https://i.scdn.co/image/ab67616d0000b273d448679445ab7f9be73f3697,https://i.scdn.co/image/ab67616d00001e02d448679445ab7f9be73f3697,5e4Dhzv426EvQe3aDb64jL,country,Shania Twain
2eiMbazzkhkBAD2qRujLop,Come On Over (International Version / Special Edition),1997-11-04,19,https://i.scdn.co/image/ab67616d0000b2731b80967f1aeaab2ddca9c3a2,https://i.scdn.co/image/ab67616d00001e021b80967f1aeaab2ddca9c3a2,5e4Dhzv426EvQe3aDb64jL,country,Shania Twain
7JXjtz0F7VWwAboPCoyg14,Standing Room Only,2023-08-25,13,https://i.scdn.co/image/ab67616d0000b273a7b9083f7230b19b174f2d04,https://i.scdn.co/image/ab67616d00001e02a7b9083f7230b19b174f2d04,6roFdX1y5BYSbp60OTJWMd,country,Tim McGraw
5kNJYMb1mTyoqKx1tBTt53,Here On Earth (Ultimate Edition),2021-04-16,24,https://i.scdn.co/image/ab67616d0000b273adf1d0bd7b0fae58e6dd24d0,https://i.scdn.co/image/ab67616d00001e02adf1d0bd7b0fae58e6dd24d0,6roFdX1y5BYSbp60OTJWMd,country,Tim McGraw
5g5uono9ZO5JKfwb57WsMI,Here On Earth (Ultimate Edition / Big Machine Radio Release Special),2021-04-16,48,https://i.scdn.co/image/ab67616d0000b27398664fe4784798b4865ee705,https://i.scdn.co/image/ab67616d00001e0298664fe4784798b4865ee705,6roFdX1y5BYSbp60OTJWMd,country,Tim McGraw
1txWLNMKiZ5K6ezFMtyjLM,Here On Earth,2020-08-21,16,https://i.scdn.co/image/ab67616d0000b273c26100ac1364d3503d7f8ea3,https://i.scdn.co/image/ab67616d00001e02c26100ac1364d3503d7f8ea3,6roFdX1y5BYSbp60OTJWMd,country,Tim McGraw
4VKhC1dO9LPiKc1N7TJHRx,The Rest of Our Life,2017-11-17,11,https://i.scdn.co/image/ab67616d0000b27300f0eee4cad05ef243c21120,https://i.scdn.co/image/ab67616d00001e0200f0eee4cad05ef243c21120,6roFdX1y5BYSbp60OTJWMd,country,Tim McGraw
1965uFfUcMO2ITPjJDWsgQ,Damn Country Music (Deluxe Edition),2015-01-01,14,https://i.scdn.co/image/ab67616d0000b273a5410e6b77779731928ffad4,https://i.scdn.co/image/ab67616d00001e02a5410e6b77779731928ffad4,6roFdX1y5BYSbp60OTJWMd,country,Tim McGraw
4js8lX2b3DBIfixMCPABC4,Damn Country Music,2015-01-01,11,https://i.scdn.co/image/ab67616d0000b2734e3efb30c7b2e3ac54bf75ba,https://i.scdn.co/image/ab67616d00001e024e3efb30c7b2e3ac54bf75ba,6roFdX1y5BYSbp60OTJWMd,country,Tim McGraw
1H8VxCF707bnjREcQjpyes,Sundown Heaven Town (Deluxe),2014-01-01,18,https://i.scdn.co/image/ab67616d0000b273a6791f5f68831235a3a0a1df,https://i.scdn.co/image/ab67616d00001e02a6791f5f68831235a3a0a1df,6roFdX1y5BYSbp60OTJWMd,country,Tim McGraw
4riDt0IRAsYm3EfmUUPDYb,Sundown Heaven Town,2014-01-01,13,https://i.scdn.co/image/ab67616d0000b273cea4c173eb004b4b1e6000d4,https://i.scdn.co/image/ab67616d00001e02cea4c173eb004b4b1e6000d4,6roFdX1y5BYSbp60OTJWMd,country,Tim McGraw
08eQjFT0T2EGVFG5WeCe2V,Two Lanes Of Freedom,2013-01-01,15,https://i.scdn.co/image/ab67616d0000b273af1e96b5514b5744bf5210fd,https://i.scdn.co/image/ab67616d00001e02af1e96b5514b5744bf5210fd,6roFdX1y5BYSbp60OTJWMd,country,Tim McGraw
3ZKmafKEPZ9cgFAbQ8MewV,Emotional Traffic,2012-01-24,12,https://i.scdn.co/image/ab67616d0000b27381dac6c754c48dc2fd1207d5,https://i.scdn.co/image/ab67616d00001e0281dac6c754c48dc2fd1207d5,6roFdX1y5BYSbp60OTJWMd,country,Tim McGraw
2Q0J0DwJZ2T3SguS08HLBf,Southern Voice,2009-10-20,12,https://i.scdn.co/image/ab67616d0000b2739cfc486a69aeea52142453ee,https://i.scdn.co/image/ab67616d00001e029cfc486a69aeea52142453ee,6roFdX1y5BYSbp60OTJWMd,country,Tim McGraw
47bt3mVEJg8ei4lhB8xjQo,Let It Go,2007-03-27,14,https://i.scdn.co/image/ab67616d0000b27356b5fdffb99d338431b093df,https://i.scdn.co/image/ab67616d00001e0256b5fdffb99d338431b093df,6roFdX1y5BYSbp60OTJWMd,country,Tim McGraw
0os1Gz3XMM6dduZSMxVuXs,Live Like You Were Dying,2004-08-17,16,https://i.scdn.co/image/ab67616d0000b273e6b859b16a880b851822871d,https://i.scdn.co/image/ab67616d00001e02e6b859b16a880b851822871d,6roFdX1y5BYSbp60OTJWMd,country,Tim McGraw
2dQanJSHTuwiNBw725IAVQ,Tim McGraw And The Dancehall Doctors,2002-11-26,15,https://i.scdn.co/image/ab67616d0000b27347283cc31a498baa37e88551,https://i.scdn.co/image/ab67616d00001e0247283cc31a498baa37e88551,6roFdX1y5BYSbp60OTJWMd,country,Tim McGraw
5AOdiY7XlBfcv7sfexeEjc,Where Have You Gone,2021-05-14,21,https://i.scdn.co/image/ab67616d0000b273453120a41356dd15d0b9daa4,https://i.scdn.co/image/ab67616d00001e02453120a41356dd15d0b9daa4,4mxWe1mtYIYfP040G38yvS,country,Alan Jackson
2NVWzjDHYjiOsZuvdkPahB,Angels And Alcohol,2015-07-17,10,https://i.scdn.co/image/ab67616d0000b2731b252bac4f5ba51128e50fd4,https://i.scdn.co/image/ab67616d00001e021b252bac4f5ba51128e50fd4,4mxWe1mtYIYfP040G38yvS,country,Alan Jackson
4E0WPXZrzazdpbJvQPum94,The Bluegrass Album,2013-01-01,14,https://i.scdn.co/image/ab67616d0000b273e055ff58f8d4689cea235084,https://i.scdn.co/image/ab67616d00001e02e055ff58f8d4689cea235084,4mxWe1mtYIYfP040G38yvS,country,Alan Jackson
6oCWzZ0s3QMp1MJLKUV8QG,Freight Train,2010-03-30,12,https://i.scdn.co/image/ab67616d0000b2732a7d75a99b407c6084b90f9e,https://i.scdn.co/image/ab67616d00001e022a7d75a99b407c6084b90f9e,4mxWe1mtYIYfP040G38yvS,country,Alan Jackson
3HfbZ0TmLbCesnG7tjf6Lh,Good Time,2008-11-05,17,https://i.scdn.co/image/ab67616d0000b273c104770e832abae0fee95ac3,https://i.scdn.co/image/ab67616d00001e02c104770e832abae0fee95ac3,4mxWe1mtYIYfP040G38yvS,country,Alan Jackson
0qOXuiQlA4VnZCYcfBkhw7,Like Red On A Rose,2006-09-25,13,https://i.scdn.co/image/ab67616d0000b273eed89f668cb2785f7b46f6ab,https://i.scdn.co/image/ab67616d00001e02eed89f668cb2785f7b46f6ab,4mxWe1mtYIYfP040G38yvS,country,Alan Jackson
010wiwXUvegsmlERAv7vMe,Precious Memories,2006,15,https://i.scdn.co/image/ab67616d0000b27390149f78bbe33e47adbe5f8d,https://i.scdn.co/image/ab67616d00001e0290149f78bbe33e47adbe5f8d,4mxWe1mtYIYfP040G38yvS,country,Alan Jackson
1IwTlARBAG1aVi9uIBmZqm,Let It Be Christmas,2002-10-22,11,https://i.scdn.co/image/ab67616d0000b273cf9ce69f2c0a386b036f5f5f,https://i.scdn.co/image/ab67616d00001e02cf9ce69f2c0a386b036f5f5f,4mxWe1mtYIYfP040G38yvS,country,Alan Jackson
2QBJCHNMYQC1cyhSXW0ygV,Drive,2002-01-15,13,https://i.scdn.co/image/ab67616d0000b273c5d5d983f8d9edc7f695cc72,https://i.scdn.co/image/ab67616d00001e02c5d5d983f8d9edc7f695cc72,4mxWe1mtYIYfP040G38yvS,country,Alan Jackson
5PCH4xKwRa5qJi9TkqZXlg,When Somebody Loves You,2000-11-06,11,https://i.scdn.co/image/ab67616d0000b273a3461c0c21baa6f80acf6fa2,https://i.scdn.co/image/ab67616d00001e02a3461c0c21baa6f80acf6fa2,4mxWe1mtYIYfP040G38yvS,country,Alan Jackson
3wRDT9A3HLNUym3fCS6q48,Under The Influence,1999-10-25,12,https://i.scdn.co/image/ab67616d0000b273bc7bd66bbf212b4a998e1630,https://i.scdn.co/image/ab67616d00001e02bc7bd66bbf212b4a998e1630,4mxWe1mtYIYfP040G38yvS,country,Alan Jackson
0853Jr0BekokFLtXeuhMM7,High Mileage/Marlboro,1998-09-07,10,https://i.scdn.co/image/ab67616d0000b273cf6268fd8220093c3d341fec,https://i.scdn.co/image/ab67616d00001e02cf6268fd8220093c3d341fec,4mxWe1mtYIYfP040G38yvS,country,Alan Jackson
4kZm2gtXOwFsXXQZZaYEhW,Everything I Love,1996-09-30,10,https://i.scdn.co/image/ab67616d0000b273e7f3d40336035d9bac39d4b0,https://i.scdn.co/image/ab67616d00001e02e7f3d40336035d9bac39d4b0,4mxWe1mtYIYfP040G38yvS,country,Alan Jackson
4T8xTIfqXUcwHR4JJinbBx,Who I Am,1994-06-28,13,https://i.scdn.co/image/ab67616d0000b273fc7cf88adad7b4587a835cf5,https://i.scdn.co/image/ab67616d00001e02fc7cf88adad7b4587a835cf5,4mxWe1mtYIYfP040G38yvS,country,Alan Jackson
0zB5wt298PHhgDin2OOgtW,Ramblin' Fever: More Haggard Classics,2026-04-24,14,https://i.scdn.co/image/ab67616d0000b27351f812bf38013207accf3ee3,https://i.scdn.co/image/ab67616d00001e0251f812bf38013207accf3ee3,2ptmyXoL7poH6Zq62h1QT9,country,Merle Haggard
1jCiSdR5gLnUuhiBadG2ln,Showdown In Tennessee (Live 1986),2025-09-22,19,https://i.scdn.co/image/ab67616d0000b2738717c52f0bc04704a7358ce2,https://i.scdn.co/image/ab67616d00001e028717c52f0bc04704a7358ce2,2ptmyXoL7poH6Zq62h1QT9,country,Merle Haggard
2NzGG3ochgTG3RzGSBTuzr,American Country Legend,2024-05-03,12,https://i.scdn.co/image/ab67616d0000b27319a97537d2389b43fc13348b,https://i.scdn.co/image/ab67616d00001e0219a97537d2389b43fc13348b,2ptmyXoL7poH6Zq62h1QT9,country,Merle Haggard
2IZXIcE2Sp9Ojk047TjROI,Sundown In San Antonio (Live 1984),2023-01-13,19,https://i.scdn.co/image/ab67616d0000b273259d47c49180cb5ded077218,https://i.scdn.co/image/ab67616d00001e02259d47c49180cb5ded077218,2ptmyXoL7poH6Zq62h1QT9,country,Merle Haggard
5kSj1oZ9XdQgg70xs3vyLr,Lonesome Whistle Blow (Live 1981),2022-05-11,23,https://i.scdn.co/image/ab67616d0000b273d52cc5b1f0c11ea8d51c4cf9,https://i.scdn.co/image/ab67616d00001e02d52cc5b1f0c11ea8d51c4cf9,2ptmyXoL7poH6Zq62h1QT9,country,Merle Haggard
0oazOAAAPwwomnoXityFSl,Beyond The Borderline (with The Strangers) [Live 1995],2021-03-12,26,https://i.scdn.co/image/ab67616d0000b273673913b2477df9e6a08d806f,https://i.scdn.co/image/ab67616d00001e02673913b2477df9e6a08d806f,2ptmyXoL7poH6Zq62h1QT9,country,Merle Haggard
3BRmBAEe25woGtxQwMTPiw,"Rancho del Cielo, California (Live 1982)",2021-01-28,16,https://i.scdn.co/image/ab67616d0000b27393b76bd16f1554863aa1e957,https://i.scdn.co/image/ab67616d00001e0293b76bd16f1554863aa1e957,2ptmyXoL7poH6Zq62h1QT9,country,Merle Haggard
00TduFxDBPEhdgEq6KLDtY,Last Train to Nashville (Live 1981),2019-10-07,24,https://i.scdn.co/image/ab67616d0000b27351992828c1d55a4ae81accfe,https://i.scdn.co/image/ab67616d00001e0251992828c1d55a4ae81accfe,2ptmyXoL7poH6Zq62h1QT9,country,Merle Haggard
6HqGJkwzb44R93uYERsAFD,When Times Were Good,2019-07-09,15,https://i.scdn.co/image/ab67616d0000b2737fd2f5b16ab2c38591dfd9a7,https://i.scdn.co/image/ab67616d00001e027fd2f5b16ab2c38591dfd9a7,2ptmyXoL7poH6Zq62h1QT9,country,Merle Haggard
1msUwVadzhcziQNaZZTKqn,Made in the USA Collection,2017-11-21,22,https://i.scdn.co/image/ab67616d0000b273427843704bd678049a7201df,https://i.scdn.co/image/ab67616d00001e02427843704bd678049a7201df,2ptmyXoL7poH6Zq62h1QT9,country,Merle Haggard
0SWREWoBHav6iQIJ6zjSJL,I Am A Lonesome Fugitive,2016-05-26,14,https://i.scdn.co/image/ab67616d0000b273918cc17207aba0fe3c294982,https://i.scdn.co/image/ab67616d00001e02918cc17207aba0fe3c294982,2ptmyXoL7poH6Zq62h1QT9,country,Merle Haggard
14wK1ZVbsCudEDvUH3tItG,Django and Jimmie,2015-05-29,14,https://i.scdn.co/image/ab67616d0000b273ad758a16d18a25b9a3b9de0c,https://i.scdn.co/image/ab67616d00001e02ad758a16d18a25b9a3b9de0c,2ptmyXoL7poH6Zq62h1QT9,country,Merle Haggard
5YOIMjp1n5AjepaZUVpfDB,Sing Me Back Home,2015,15,https://i.scdn.co/image/ab67616d0000b273be3266a37ee34d3bc6138685,https://i.scdn.co/image/ab67616d00001e02be3266a37ee34d3bc6138685,2ptmyXoL7poH6Zq62h1QT9,country,Merle Haggard
6BbbmZRlsXUEIPibMKwetU,Working In Tennessee,2011-01-01,11,https://i.scdn.co/image/ab67616d0000b273305d4dd9581b9d3e43c688f1,https://i.scdn.co/image/ab67616d00001e02305d4dd9581b9d3e43c688f1,2ptmyXoL7poH6Zq62h1QT9,country,Merle Haggard
5yKErtSo6tkirrhSf0NJnY,I Am What I Am,2010-01-01,12,https://i.scdn.co/image/ab67616d0000b273c078b9ec88837c98ef62965d,https://i.scdn.co/image/ab67616d00001e02c078b9ec88837c98ef62965d,2ptmyXoL7poH6Zq62h1QT9,country,Merle Haggard
5tQPnoUuebIXGYLDYdJ89Q,"The Garden Spot Programs, 1950",2014-05-13,24,https://i.scdn.co/image/ab67616d0000b273ed7ceec5245b93b15e3e7ed7,https://i.scdn.co/image/ab67616d00001e02ed7ceec5245b93b15e3e7ed7,1FClsNYBUoNFtGgzeG74dW,country,Hank Williams
55FlVRhyc2GCbXrEuDgzLz,Live At The Grand Ole Opry,1999-09-28,31,https://i.scdn.co/image/ab67616d0000b273c64a06c28c6b7857d6808b47,https://i.scdn.co/image/ab67616d00001e02c64a06c28c6b7857d6808b47,1FClsNYBUoNFtGgzeG74dW,country,Hank Williams
7C1OP5ptF2sLx8YYv8xEyt,Health & Happiness Shows,1993-03-23,49,https://i.scdn.co/image/ab67616d0000b273e0054014b34850a286b0b6e1,https://i.scdn.co/image/ab67616d00001e02e0054014b34850a286b0b6e1,1FClsNYBUoNFtGgzeG74dW,country,Hank Williams
4ph5fInLoDTuZcEkYynbk3,Again,1966-01-01,12,https://i.scdn.co/image/ab67616d0000b273918f71ba4f751e5365c5df9d,https://i.scdn.co/image/ab67616d00001e02918f71ba4f751e5365c5df9d,1FClsNYBUoNFtGgzeG74dW,country,Hank Williams
1QxZ6BkEToSpD16tUYKkY9,The Lonesome Sound Of Hank Williams,1960-01-01,12,https://i.scdn.co/image/ab67616d0000b273faddb3480d2b8fe6815402a6,https://i.scdn.co/image/ab67616d00001e02faddb3480d2b8fe6815402a6,1FClsNYBUoNFtGgzeG74dW,country,Hank Williams
2SOU9W2MdakG9qJnIzcWtf,The Unforgettable Hank Williams,1959-01-01,12,https://i.scdn.co/image/ab67616d0000b27351c72607a2bb119824a9aa64,https://i.scdn.co/image/ab67616d00001e0251c72607a2bb119824a9aa64,1FClsNYBUoNFtGgzeG74dW,country,Hank Williams
32xQwNDwgGA6JfqMRazAQv,The Immortal,1958-01-01,12,https://i.scdn.co/image/ab67616d0000b2735c9a4f26cd3deb5e3e5aa89a,https://i.scdn.co/image/ab67616d00001e025c9a4f26cd3deb5e3e5aa89a,1FClsNYBUoNFtGgzeG74dW,country,Hank Williams
3ZgPZQuoMZM4RM5y5amzUh,Ramblin’ Man (Undubbed Edition),1955-08-01,12,https://i.scdn.co/image/ab67616d0000b273a38b7f0ff14c8fb86bd18d4e,https://i.scdn.co/image/ab67616d00001e02a38b7f0ff14c8fb86bd18d4e,1FClsNYBUoNFtGgzeG74dW,country,Hank Williams
28RAkQaNK5zLoGexzHodd3,I Saw The Light (Expanded Undubbed Edition),1954-09-24,12,https://i.scdn.co/image/ab67616d0000b2735daae3144e4619400982aff1,https://i.scdn.co/image/ab67616d00001e025daae3144e4619400982aff1,1FClsNYBUoNFtGgzeG74dW,country,Hank Williams
18qEQEBcLbBiDyAW3d73mU,Honky Tonkin (Expanded Undubbed Edition),1954-09-01,12,https://i.scdn.co/image/ab67616d0000b2732195d0fe53c63e96b0f31654,https://i.scdn.co/image/ab67616d00001e022195d0fe53c63e96b0f31654,1FClsNYBUoNFtGgzeG74dW,country,Hank Williams
4Cdvtu5XUmCKPwcnue11xS,Memorial Album (Expanded Edition),1953-03-01,12,https://i.scdn.co/image/ab67616d0000b273058ec9749ace1aa96ab57829,https://i.scdn.co/image/ab67616d00001e02058ec9749ace1aa96ab57829,1FClsNYBUoNFtGgzeG74dW,country,Hank Williams
1WwzK51uHvKUKyhdMJqhVt,Sings,1951-11-09,8,https://i.scdn.co/image/ab67616d0000b273cf2da0cdda3bedfaf3a6fa38,https://i.scdn.co/image/ab67616d00001e02cf2da0cdda3bedfaf3a6fa38,1FClsNYBUoNFtGgzeG74dW,country,Hank Williams
3U2Nj6eoEgISZWr6t9WFZV,Songbird,2025-10-03,10,https://i.scdn.co/image/ab67616d0000b273e3edfc3c4adc13f6da94ef1e,https://i.scdn.co/image/ab67616d00001e02e3edfc3c4adc13f6da94ef1e,7wCjDgV6nqBsHguQXPAaIM,country,Waylon Jennings
3eCfazweTbr90iaCA2R7JR,Waylon and The Boys: The Waylon Jennings Collection (2024 Remastered),2024-03-03,21,https://i.scdn.co/image/ab67616d0000b2732bb88bd1505fc7b854f55761,https://i.scdn.co/image/ab67616d00001e022bb88bd1505fc7b854f55761,7wCjDgV6nqBsHguQXPAaIM,country,Waylon Jennings
0JGCOw26vyJ3HVhCXHN2KB,The Lost Nashville Sessions,2016-10-21,14,https://i.scdn.co/image/ab67616d0000b27350bb67906462e569c7f88080,https://i.scdn.co/image/ab67616d00001e0250bb67906462e569c7f88080,7wCjDgV6nqBsHguQXPAaIM,country,Waylon Jennings
6CskcDKY9CAsUcCp99EANR,Fenixon,2014-06-24,12,https://i.scdn.co/image/ab67616d0000b273304e823a9e02109b421fd64e,https://i.scdn.co/image/ab67616d00001e02304e823a9e02109b421fd64e,7wCjDgV6nqBsHguQXPAaIM,country,Waylon Jennings
18iQ8iJsyp1LE9GioAfRVH,Backtracks,2009-01-02,12,https://i.scdn.co/image/ab67616d0000b273eb18b91bbdd9268e8716f131,https://i.scdn.co/image/ab67616d00001e02eb18b91bbdd9268e8716f131,7wCjDgV6nqBsHguQXPAaIM,country,Waylon Jennings
4hFmvqPVhvOgFssTpFQHHu,Waylon Forever,2008-10-21,9,https://i.scdn.co/image/ab67616d0000b273681aaa3f044c8e179672d08e,https://i.scdn.co/image/ab67616d00001e02681aaa3f044c8e179672d08e,7wCjDgV6nqBsHguQXPAaIM,country,Waylon Jennings
3nwri7yZ49C9ZKx8Ku10pn,Outlaw Country,2005-09-15,16,https://i.scdn.co/image/ab67616d0000b273526222270d1cc377706dcd47,https://i.scdn.co/image/ab67616d00001e02526222270d1cc377706dcd47,7wCjDgV6nqBsHguQXPAaIM,country,Waylon Jennings
5HbXmaBjWx0lMKAwGc1TFV,Never Say Die - The Complete Final Concert,2000,22,https://i.scdn.co/image/ab67616d0000b2736144b424c19108924b407f11,https://i.scdn.co/image/ab67616d00001e026144b424c19108924b407f11,7wCjDgV6nqBsHguQXPAaIM,country,Waylon Jennings
33SlQsUftxn9J9Fn9Q2Aou,Waymore's Blues (Part II),1994-09-13,10,https://i.scdn.co/image/ab67616d0000b273b376350924254d770e668657,https://i.scdn.co/image/ab67616d00001e02b376350924254d770e668657,7wCjDgV6nqBsHguQXPAaIM,country,Waylon Jennings
472z2qcBZCmOIvI3puVMHt,"Too Dumb for New York City, Too Ugly for L.A.",1992-08-01,10,https://i.scdn.co/image/ab67616d0000b2735054de8d18793c1961c7e9ea,https://i.scdn.co/image/ab67616d00001e025054de8d18793c1961c7e9ea,7wCjDgV6nqBsHguQXPAaIM,country,Waylon Jennings
51tjd3OGtsRM68Wt3Rp62C,If I Can Find a Clean Shirt,1991-06-01,10,https://i.scdn.co/image/ab67616d0000b2730611b0010ac2182c084a363f,https://i.scdn.co/image/ab67616d00001e020611b0010ac2182c084a363f,7wCjDgV6nqBsHguQXPAaIM,country,Waylon Jennings
10m1ncPATkwsOUnId9luZh,The Eagle,1990-07-01,10,https://i.scdn.co/image/ab67616d0000b27307660909e5dd6b76229fb096,https://i.scdn.co/image/ab67616d00001e0207660909e5dd6b76229fb096,7wCjDgV6nqBsHguQXPAaIM,country,Waylon Jennings
33XW4U6cWv8gXy6jWOOVyP,Full Circle,1988-10-01,10,https://i.scdn.co/image/ab67616d0000b2738f5b88c784297b85a8578cbf,https://i.scdn.co/image/ab67616d00001e028f5b88c784297b85a8578cbf,7wCjDgV6nqBsHguQXPAaIM,country,Waylon Jennings
4NVFUjAOPApd9qKJst97EE,A Man Called Hoss,1987-10-19,11,https://i.scdn.co/image/ab67616d0000b273801d52f10245809b4a4f6d9f,https://i.scdn.co/image/ab67616d00001e02801d52f10245809b4a4f6d9f,7wCjDgV6nqBsHguQXPAaIM,country,Waylon Jennings
1kmAaiqkejXEX8TKRrN1aF,Will The Wolf Survive?,1987-01-01,10,https://i.scdn.co/image/ab67616d0000b2738db31834f334d8a3ed6db811,https://i.scdn.co/image/ab67616d00001e028db31834f334d8a3ed6db811,7wCjDgV6nqBsHguQXPAaIM,country,Waylon Jennings
0SyEsGffJ9ZqvRkuVrzOlB,Mind Of A Country Boy,2024-09-27,14,https://i.scdn.co/image/ab67616d0000b2737dac6541da470f26cce70e01,https://i.scdn.co/image/ab67616d00001e027dac6541da470f26cce70e01,0BvkDsjIUla7X0k6CSWh1I,country,Luke Bryan
7GIq22HBQ4mKjxE2PaE5Op,Mind Of A Country Boy,2024-06-14,7,https://i.scdn.co/image/ab67616d0000b27344b13d8d0479d5a25f9119c2,https://i.scdn.co/image/ab67616d00001e0244b13d8d0479d5a25f9119c2,0BvkDsjIUla7X0k6CSWh1I,country,Luke Bryan
4pcBJRlbk51BTLYyyPqyWh,Play It Again: The Songs You Loved In 2023,2023-12-01,8,https://i.scdn.co/image/ab67616d0000b273ef408fead2de9327671c10cd,https://i.scdn.co/image/ab67616d00001e02ef408fead2de9327671c10cd,0BvkDsjIUla7X0k6CSWh1I,country,Luke Bryan
1Trg5OuUpkNFLF21HdbOg6,Born Here Live Here Die Here (Deluxe Edition),2021-04-09,16,https://i.scdn.co/image/ab67616d0000b27349232a619d47a43360823024,https://i.scdn.co/image/ab67616d00001e0249232a619d47a43360823024,0BvkDsjIUla7X0k6CSWh1I,country,Luke Bryan
0wnaUYW25dVLAzk41fp1Ez,Born Here Live Here Die Here,2020-08-07,10,https://i.scdn.co/image/ab67616d0000b2734768480cf7c817b1f2d12113,https://i.scdn.co/image/ab67616d00001e024768480cf7c817b1f2d12113,0BvkDsjIUla7X0k6CSWh1I,country,Luke Bryan
6NUEU1vyIctdAg8IHot8Wy,What Makes You Country,2017-12-08,15,https://i.scdn.co/image/ab67616d0000b273abc1b9e1373512ffb33d609b,https://i.scdn.co/image/ab67616d00001e02abc1b9e1373512ffb33d609b,0BvkDsjIUla7X0k6CSWh1I,country,Luke Bryan
0WtCqmpVN7rRGfDMSWSXBA,Kill The Lights (Deluxe),2015-08-07,16,https://i.scdn.co/image/ab67616d0000b273835eac21a1158e54eecd6260,https://i.scdn.co/image/ab67616d00001e02835eac21a1158e54eecd6260,0BvkDsjIUla7X0k6CSWh1I,country,Luke Bryan
7lerMohLdPa3WIdXE9sH5p,Crash My Party (Deluxe),2014-08-12,17,https://i.scdn.co/image/ab67616d0000b27314e01142484d0c748f728c20,https://i.scdn.co/image/ab67616d00001e0214e01142484d0c748f728c20,0BvkDsjIUla7X0k6CSWh1I,country,Luke Bryan
54ZCcmTHjghuPkzFYJzPGf,Spring Break...Here To Party,2013-01-01,14,https://i.scdn.co/image/ab67616d0000b27306dab54854743082621727b7,https://i.scdn.co/image/ab67616d00001e0206dab54854743082621727b7,0BvkDsjIUla7X0k6CSWh1I,country,Luke Bryan
5uXnz1avW5OxFmroX5eSBu,Crash My Party (International Tour Edition),2013-01-01,19,https://i.scdn.co/image/ab67616d0000b2737b85bc7d688c12eed4202f35,https://i.scdn.co/image/ab67616d00001e027b85bc7d688c12eed4202f35,0BvkDsjIUla7X0k6CSWh1I,country,Luke Bryan
5M8gr5RV2eR6UkztC69ogB,Crash My Party,2013-01-01,13,https://i.scdn.co/image/ab67616d0000b27316fce2616744168b30462991,https://i.scdn.co/image/ab67616d00001e0216fce2616744168b30462991,0BvkDsjIUla7X0k6CSWh1I,country,Luke Bryan
5IyIjKnGkQbYGVpWenblSe,Tailgates & Tanlines,2011-01-01,13,https://i.scdn.co/image/ab67616d0000b273dab325d38db91d858446d4b4,https://i.scdn.co/image/ab67616d00001e02dab325d38db91d858446d4b4,0BvkDsjIUla7X0k6CSWh1I,country,Luke Bryan
4DkSAOFnWkgrXske8pzELq,Doin' My Thing,2009-01-01,13,https://i.scdn.co/image/ab67616d0000b273e7714cf044f1680e310afbce,https://i.scdn.co/image/ab67616d00001e02e7714cf044f1680e310afbce,0BvkDsjIUla7X0k6CSWh1I,country,Luke Bryan
2WqHN90AQgk95Str6hWCt9,I'll Stay Me,2007-01-01,11,https://i.scdn.co/image/ab67616d0000b27349548df6449a6ab5ef1799b9,https://i.scdn.co/image/ab67616d00001e0249548df6449a6ab5ef1799b9,0BvkDsjIUla7X0k6CSWh1I,country,Luke Bryan
0um6RKG9p46czmye5nNklI,Some Hearts (20th Anniversary),2025-11-14,18,https://i.scdn.co/image/ab67616d0000b2735b659e67c42cd7bc10278766,https://i.scdn.co/image/ab67616d00001e025b659e67c42cd7bc10278766,4xFUf1FHVy696Q1JQZMTRj,country,Carrie Underwood
7KYgF3DFsc2eCamlB4JMzy,Denim & Rhinestones (Deluxe Edition),2023-09-22,18,https://i.scdn.co/image/ab67616d0000b2731623ddafa9cea54a1d7f67ae,https://i.scdn.co/image/ab67616d00001e021623ddafa9cea54a1d7f67ae,4xFUf1FHVy696Q1JQZMTRj,country,Carrie Underwood
2owWAe2Sg7kh14s1JzR67u,Denim & Rhinestones,2022-06-10,12,https://i.scdn.co/image/ab67616d0000b2738914f87657120bdba8c56358,https://i.scdn.co/image/ab67616d00001e028914f87657120bdba8c56358,4xFUf1FHVy696Q1JQZMTRj,country,Carrie Underwood
7m0f2Km7Zlc7quAIvCYPMr,My Gift (Special Edition),2021-09-24,14,https://i.scdn.co/image/ab67616d0000b273cd5c29f3186667fbf3646f71,https://i.scdn.co/image/ab67616d00001e02cd5c29f3186667fbf3646f71,4xFUf1FHVy696Q1JQZMTRj,country,Carrie Underwood
4Dep4FHb2IMFImgEhs83ww,My Savior,2021-03-26,13,https://i.scdn.co/image/ab67616d0000b273fda23317e0910e42ae0cebaa,https://i.scdn.co/image/ab67616d00001e02fda23317e0910e42ae0cebaa,4xFUf1FHVy696Q1JQZMTRj,country,Carrie Underwood
1wI9NGtQCnhyweuVACpXW4,My Gift,2020-09-25,11,https://i.scdn.co/image/ab67616d0000b273bc71319c6b09b561381ddb3e,https://i.scdn.co/image/ab67616d00001e02bc71319c6b09b561381ddb3e,4xFUf1FHVy696Q1JQZMTRj,country,Carrie Underwood
6LURWtPusB5fGenqj0lbFd,Cry Pretty,2018-09-14,13,https://i.scdn.co/image/ab67616d0000b27321ecee777479b876967e8005,https://i.scdn.co/image/ab67616d00001e0221ecee777479b876967e8005,4xFUf1FHVy696Q1JQZMTRj,country,Carrie Underwood
4q3SkZWPYJtKno1RbnrjL4,Storyteller,2015-10-23,13,https://i.scdn.co/image/ab67616d0000b273b21ed6dc1544ed48e66050bc,https://i.scdn.co/image/ab67616d00001e02b21ed6dc1544ed48e66050bc,4xFUf1FHVy696Q1JQZMTRj,country,Carrie Underwood
0IX44RmWbPmQsTl9ugZfb5,Blown Away (Track by Track),2012-05-01,28,https://i.scdn.co/image/ab67616d0000b2736f9c71215e2f555d27ceb2ad,https://i.scdn.co/image/ab67616d00001e026f9c71215e2f555d27ceb2ad,4xFUf1FHVy696Q1JQZMTRj,country,Carrie Underwood
3iLrVuA1k7onNmZTuUQH4u,Play On,2009,13,https://i.scdn.co/image/ab67616d0000b273bc7b2aadca9a5534ddcec29b,https://i.scdn.co/image/ab67616d00001e02bc7b2aadca9a5534ddcec29b,4xFUf1FHVy696Q1JQZMTRj,country,Carrie Underwood
5HwzpaqYOZABPnmvl5JYFX,Carnival Ride,2007-10-23,13,https://i.scdn.co/image/ab67616d0000b27307693a5cdeeca9bd701a79fb,https://i.scdn.co/image/ab67616d00001e0207693a5cdeeca9bd701a79fb,4xFUf1FHVy696Q1JQZMTRj,country,Carrie Underwood
0kys2jaKAiDPfNBd4z7LAg,Some Hearts,2005-11-14,14,https://i.scdn.co/image/ab67616d0000b273c20ffeb64e39773de0f6c232,https://i.scdn.co/image/ab67616d00001e02c20ffeb64e39773de0f6c232,4xFUf1FHVy696Q1JQZMTRj,country,Carrie Underwood
4m1rrBwb9R421U1CS0MzYV,For Recreational Use Only,2025-05-09,12,https://i.scdn.co/image/ab67616d0000b27370de9638c53ca39ce7ecb9b3,https://i.scdn.co/image/ab67616d00001e0270de9638c53ca39ce7ecb9b3,1UTPBmNbXNTittyMJrNkvw,country,Blake Shelton
7BKMLhbGps9SDjUh8FEv8o,"Cheers, It's Christmas (Super Deluxe)",2022-11-11,20,https://i.scdn.co/image/ab67616d0000b2731e47184a3e9ad871f25ce714,https://i.scdn.co/image/ab67616d00001e021e47184a3e9ad871f25ce714,1UTPBmNbXNTittyMJrNkvw,country,Blake Shelton
6ObNVnYp53VJNtIcdo03WJ,Body Language (Deluxe),2021-12-03,16,https://i.scdn.co/image/ab67616d0000b27334d17f4c0e719bdde31c82c0,https://i.scdn.co/image/ab67616d00001e0234d17f4c0e719bdde31c82c0,1UTPBmNbXNTittyMJrNkvw,country,Blake Shelton
0s1A44tg1Y21SLHDylmugR,Body Language,2021-05-21,12,https://i.scdn.co/image/ab67616d0000b273886536fd21f328c10b48e579,https://i.scdn.co/image/ab67616d00001e02886536fd21f328c10b48e579,1UTPBmNbXNTittyMJrNkvw,country,Blake Shelton
1Kc7TpYwJQ0mzVAssuWbB0,Texoma Shore,2017-11-03,11,https://i.scdn.co/image/ab67616d0000b2736af7773dc6d546ff54f4fd7f,https://i.scdn.co/image/ab67616d00001e026af7773dc6d546ff54f4fd7f,1UTPBmNbXNTittyMJrNkvw,country,Blake Shelton
0VmaGN8xHgSz4UMPL8XLfl,Sounds Like You: Nashville 2017 (Live),2017-11-03,8,https://i.scdn.co/image/ab67616d0000b273d418dc3fae059537184f13b6,https://i.scdn.co/image/ab67616d00001e02d418dc3fae059537184f13b6,1UTPBmNbXNTittyMJrNkvw,country,Blake Shelton
4JmphteFDt5gNZbgraR9Dc,If I'm Honest,2016-05-20,15,https://i.scdn.co/image/ab67616d0000b273cd822154e0369fa0d46431b9,https://i.scdn.co/image/ab67616d00001e02cd822154e0369fa0d46431b9,1UTPBmNbXNTittyMJrNkvw,country,Blake Shelton
0daIqjuhsQqXoeII3pBSeT,BRINGING BACK THE SUNSHINE,2014-09-30,12,https://i.scdn.co/image/ab67616d0000b2731eae4b4bee84c621dff76b32,https://i.scdn.co/image/ab67616d00001e021eae4b4bee84c621dff76b32,1UTPBmNbXNTittyMJrNkvw,country,Blake Shelton
31Lu7MlcsZqfejpq65c3wM,Based on a True Story...,2013-03-26,12,https://i.scdn.co/image/ab67616d0000b27368d56dc9b06e7da2005660c8,https://i.scdn.co/image/ab67616d00001e0268d56dc9b06e7da2005660c8,1UTPBmNbXNTittyMJrNkvw,country,Blake Shelton
4Jk9oJP4aUo6X2XSwTgnBh,"Cheers, It's Christmas (Deluxe Edition)",2012-10-02,17,https://i.scdn.co/image/ab67616d0000b273d46f318608435810b7a8277c,https://i.scdn.co/image/ab67616d00001e02d46f318608435810b7a8277c,1UTPBmNbXNTittyMJrNkvw,country,Blake Shelton
1NPCjp8s7RPGujZdBjca90,Red River Blue (Deluxe Edition),2011-07-11,18,https://i.scdn.co/image/ab67616d0000b273e82bbb24145a83c00ebcf918,https://i.scdn.co/image/ab67616d00001e02e82bbb24145a83c00ebcf918,1UTPBmNbXNTittyMJrNkvw,country,Blake Shelton
1xAF8OSjPwrpUvaTSbCFWi,Startin' Fires,2008-11-18,12,https://i.scdn.co/image/ab67616d0000b27354e250adde0cfca2d9ee5bda,https://i.scdn.co/image/ab67616d00001e0254e250adde0cfca2d9ee5bda,1UTPBmNbXNTittyMJrNkvw,country,Blake Shelton
19ChSFVcSru64yGgxJK14Z,Pure BS (Deluxe Edition),2007-05-01,14,https://i.scdn.co/image/ab67616d0000b2739433501a63607cda9cacdafa,https://i.scdn.co/image/ab67616d00001e029433501a63607cda9cacdafa,1UTPBmNbXNTittyMJrNkvw,country,Blake Shelton
1OZsEkZA2ANF5xlOPSISji,Mittendrin,2014-09-26,14,https://i.scdn.co/image/ab67616d0000b27358833bd939da80ab1d183e6c,https://i.scdn.co/image/ab67616d00001e0258833bd939da80ab1d183e6c,7yLO4Ygbcf4YvYkcPupU9h,country,Achim Petry
7E4EOb2Qn3k7MPUtZKNLVM,...so wie ich (Special Edition),2008-06-20,18,https://i.scdn.co/image/ab67616d0000b273c1b1c5cb7a73a8136dc24a44,https://i.scdn.co/image/ab67616d00001e02c1b1c5cb7a73a8136dc24a44,7yLO4Ygbcf4YvYkcPupU9h,country,Achim Petry
7mSLUr29zAYgGMAatXnWVy,...so wie ich,2007-11-02,13,https://i.scdn.co/image/ab67616d0000b273a214fbd1d9a626e64ed5fb96,https://i.scdn.co/image/ab67616d00001e02a214fbd1d9a626e64ed5fb96,7yLO4Ygbcf4YvYkcPupU9h,country,Achim Petry
6LtpScBbF8waA0d0WGg9qN,Nrg Diva,2012,17,https://i.scdn.co/image/ab67616d0000b2738a181aba36a1824b6dbf7120,https://i.scdn.co/image/ab67616d00001e028a181aba36a1824b6dbf7120,20TQiCeGRaVxHewzPwZOal,country,Angie Gold
4Ieef0I7aEb6jlUtvAgCAW,Applause,1986,10,https://i.scdn.co/image/ab67616d0000b2736274d61c333e58b3320130e6,https://i.scdn.co/image/ab67616d00001e026274d61c333e58b3320130e6,20TQiCeGRaVxHewzPwZOal,country,Angie Gold
6kcZ35GY84A3FBIcIKVqTW,Higher,2023-11-10,14,https://i.scdn.co/image/ab67616d0000b273de2e30cf7205b45a0ba3877f,https://i.scdn.co/image/ab67616d00001e02de2e30cf7205b45a0ba3877f,4YLtscXsxbVgi031ovDDdh,country,Chris Stapleton
0sOeI7pbAmIc8aDFyvkBUW,Starting Over,2020-11-13,14,https://i.scdn.co/image/ab67616d0000b2739408342067e2ff50d69a3c98,https://i.scdn.co/image/ab67616d00001e029408342067e2ff50d69a3c98,4YLtscXsxbVgi031ovDDdh,country,Chris Stapleton
24fkX2Gdqw4a6pR9BUYbE5,From A Room: Volume 2,2017-12-01,9,https://i.scdn.co/image/ab67616d0000b27303c4f794113255be4038e45d,https://i.scdn.co/image/ab67616d00001e0203c4f794113255be4038e45d,4YLtscXsxbVgi031ovDDdh,country,Chris Stapleton
5L0e8X6Mf9lfjs2miK2WUB,From A Room: Volume 1,2017-05-05,9,https://i.scdn.co/image/ab67616d0000b2736b3e3357c9192722c1236b49,https://i.scdn.co/image/ab67616d00001e026b3e3357c9192722c1236b49,4YLtscXsxbVgi031ovDDdh,country,Chris Stapleton
7lxHnls3yQNl8B9bILmHj7,Traveller,2015-05-04,14,https://i.scdn.co/image/ab67616d0000b273540fc1d083eac5bcff8dad21,https://i.scdn.co/image/ab67616d00001e02540fc1d083eac5bcff8dad21,4YLtscXsxbVgi031ovDDdh,country,Chris Stapleton
1quFS6EneVBW7PTbipPlNg,Middle of Nowhere,2026-05-01,13,https://i.scdn.co/image/ab67616d0000b273db4692c1c73f5e63cbeeb2fe,https://i.scdn.co/image/ab67616d00001e02db4692c1c73f5e63cbeeb2fe,70kkdajctXSbqSMJbQO424,country,Kacey Musgraves
1XKT456HjHTeUw56O9HQEe,Nobody Wants This Season 2: The Soundtrack,2025-10-23,19,https://i.scdn.co/image/ab67616d0000b273c4b40fa8977a5aa12cb9257a,https://i.scdn.co/image/ab67616d00001e02c4b40fa8977a5aa12cb9257a,70kkdajctXSbqSMJbQO424,country,Kacey Musgraves
1qkr1AJ7sc8IF2nLmjCBkZ,Deeper Well: Deeper into the Well,2024-08-02,21,https://i.scdn.co/image/ab67616d0000b27397e18f502a7043a741824a31,https://i.scdn.co/image/ab67616d00001e0297e18f502a7043a741824a31,70kkdajctXSbqSMJbQO424,country,Kacey Musgraves
5SxZmGwc4eJuPp6PcO4JgJ,Deeper Well,2024-03-15,14,https://i.scdn.co/image/ab67616d0000b273b598ad81e340f28f8b523c41,https://i.scdn.co/image/ab67616d00001e02b598ad81e340f28f8b523c41,70kkdajctXSbqSMJbQO424,country,Kacey Musgraves
6y9LbrjY2TpaLvtbE7FTkc,star-crossed,2021-09-10,15,https://i.scdn.co/image/ab67616d0000b273df169fbe45f0e633cb725462,https://i.scdn.co/image/ab67616d00001e02df169fbe45f0e633cb725462,70kkdajctXSbqSMJbQO424,country,Kacey Musgraves
0KY2QQMpqsy1tOyNhr4zxI,The Kacey Musgraves Christmas Show,2019-11-29,18,https://i.scdn.co/image/ab67616d0000b273fd08c2c764af538c37bc17e7,https://i.scdn.co/image/ab67616d00001e02fd08c2c764af538c37bc17e7,70kkdajctXSbqSMJbQO424,country,Kacey Musgraves
7f6xPqyaolTiziKf5R5Z0c,Golden Hour,2018-03-30,13,https://i.scdn.co/image/ab67616d0000b2732e35d25eb7288830d5540484,https://i.scdn.co/image/ab67616d00001e022e35d25eb7288830d5540484,70kkdajctXSbqSMJbQO424,country,Kacey Musgraves
7sIB15nu0Rp1vR8wXnTx3a,A Very Kacey Christmas,2016-10-28,12,https://i.scdn.co/image/ab67616d0000b273e144496da9fe8e658c85216b,https://i.scdn.co/image/ab67616d00001e02e144496da9fe8e658c85216b,70kkdajctXSbqSMJbQO424,country,Kacey Musgraves
16OVlXWsTKjUkhkPxkgUVa,Pageant Material,2015-06-23,14,https://i.scdn.co/image/ab67616d0000b2738e831c9200c5ac7cce8d60dc,https://i.scdn.co/image/ab67616d00001e028e831c9200c5ac7cce8d60dc,70kkdajctXSbqSMJbQO424,country,Kacey Musgraves
6IGpQUt0KNi5rBUXZZOFI6,Same Trailer Different Park,2013-01-01,12,https://i.scdn.co/image/ab67616d0000b27327276e651476643cd5c10e71,https://i.scdn.co/image/ab67616d00001e0227276e651476643cd5c10e71,70kkdajctXSbqSMJbQO424,country,Kacey Musgraves
0QM1NGOJHTmglnHriAsYzQ,The Way I Am,2026-03-20,22,https://i.scdn.co/image/ab67616d0000b273e07986c3e184a30283b94d61,https://i.scdn.co/image/ab67616d00001e02e07986c3e184a30283b94d61,718COspgdWOnwOFpJHRZHS,country,Luke Combs
02GDaShX8vOw5tcak3OXow,Fathers & Sons,2024-06-14,12,https://i.scdn.co/image/ab67616d0000b2739b661db3e174226283cc1cd2,https://i.scdn.co/image/ab67616d00001e029b661db3e174226283cc1cd2,718COspgdWOnwOFpJHRZHS,country,Luke Combs
5Uly85dJHHDfHQCsyUQ8gw,Gettin' Old,2023-03-24,18,https://i.scdn.co/image/ab67616d0000b2734f279906df8721c0534c0245,https://i.scdn.co/image/ab67616d00001e024f279906df8721c0534c0245,718COspgdWOnwOFpJHRZHS,country,Luke Combs
1m9DVgV0kEBiVZ4ElhJEte,Growin' Up,2022-06-24,12,https://i.scdn.co/image/ab67616d0000b27389b26d4201d9aa5d65000dab,https://i.scdn.co/image/ab67616d00001e0289b26d4201d9aa5d65000dab,718COspgdWOnwOFpJHRZHS,country,Luke Combs
25TJxI6ZH6XjT8geRQAFz5,What You See Ain't Always What You Get (Deluxe Edition),2020-10-23,23,https://i.scdn.co/image/ab67616d0000b273c1910b19976893265d83d36a,https://i.scdn.co/image/ab67616d00001e02c1910b19976893265d83d36a,718COspgdWOnwOFpJHRZHS,country,Luke Combs
0S9D5NIDp2YXhYwlvuJzqx,What You See Is What You Get,2019-11-08,18,https://i.scdn.co/image/ab67616d0000b27312a1dd8db4de62f6e146a43b,https://i.scdn.co/image/ab67616d00001e0212a1dd8db4de62f6e146a43b,718COspgdWOnwOFpJHRZHS,country,Luke Combs
53Oa5Bu0UTU8o8qCTaHKoz,This One's for You Too (Deluxe Edition),2018-06-01,17,https://i.scdn.co/image/ab67616d0000b273493d0a872c97a661b9606e62,https://i.scdn.co/image/ab67616d00001e02493d0a872c97a661b9606e62,718COspgdWOnwOFpJHRZHS,country,Luke Combs
1lhNch5NkOONvFhRPh8qaj,This One's for You,2017-06-02,12,https://i.scdn.co/image/ab67616d0000b273a456620e42fb68e8976c91b5,https://i.scdn.co/image/ab67616d00001e02a456620e42fb68e8976c91b5,718COspgdWOnwOFpJHRZHS,country,Luke Combs
2VbmXDBkPj34TiyMNYaboj,One Love (Original Motion Picture Soundtrack),2024-02-09,17,https://i.scdn.co/image/ab67616d0000b273ef4e05f6dff96e307b43ecd8,https://i.scdn.co/image/ab67616d00001e02ef4e05f6dff96e307b43ecd8,2QsynagSdAqZj3U9HgDzjD,reggae,Bob Marley & The Wailers
5fys4mnxoURHl9ThAEPoKU,Catch A Fire (50th Anniversary),2023-11-03,20,https://i.scdn.co/image/ab67616d0000b27300d14c7059d32a980d04afe7,https://i.scdn.co/image/ab67616d00001e0200d14c7059d32a980d04afe7,2QsynagSdAqZj3U9HgDzjD,reggae,Bob Marley & The Wailers
5wk8v3DlfVtW5ZV5IOAiEY,Africa Unite,2023-08-04,10,https://i.scdn.co/image/ab67616d0000b273a3c9020a45b41e8d4684a113,https://i.scdn.co/image/ab67616d00001e02a3c9020a45b41e8d4684a113,2QsynagSdAqZj3U9HgDzjD,reggae,Bob Marley & The Wailers
1aLXmOrUcq242ZlFI3DEIe,Bob Marley with the Chineke! Orchestra,2022-07-22,10,https://i.scdn.co/image/ab67616d0000b27309ebf1f3d8e1e22c35a77c36,https://i.scdn.co/image/ab67616d00001e0209ebf1f3d8e1e22c35a77c36,2QsynagSdAqZj3U9HgDzjD,reggae,Bob Marley & The Wailers
2BGBKhA5Oo3MMg7VccWeae,Exodus (Deluxe Edition),2022-06-24,30,https://i.scdn.co/image/ab67616d0000b2733225207c8e7305bd76cfa710,https://i.scdn.co/image/ab67616d00001e023225207c8e7305bd76cfa710,2QsynagSdAqZj3U9HgDzjD,reggae,Bob Marley & The Wailers
0MyKKkGyacUCR7lWoxEIBc,"Live At The Rainbow, 3rd June 1977",2022-06-17,13,https://i.scdn.co/image/ab67616d0000b27346186609a1a27657cccb6461,https://i.scdn.co/image/ab67616d00001e0246186609a1a27657cccb6461,2QsynagSdAqZj3U9HgDzjD,reggae,Bob Marley & The Wailers
0frnOYgalYEcCjDFMXk7Jh,"Live At The Rainbow, 2nd June 1977",2022-06-10,12,https://i.scdn.co/image/ab67616d0000b2739b09c07f238051add192b381,https://i.scdn.co/image/ab67616d00001e029b09c07f238051add192b381,2QsynagSdAqZj3U9HgDzjD,reggae,Bob Marley & The Wailers
1znqzTf07cDfOIRvs8zLj6,"Live At The Rainbow, 1st June 1977",2022-06-03,12,https://i.scdn.co/image/ab67616d0000b273b6e634f95e6ca2d819f1acca,https://i.scdn.co/image/ab67616d00001e02b6e634f95e6ca2d819f1acca,2QsynagSdAqZj3U9HgDzjD,reggae,Bob Marley & The Wailers
3s1ZvxI9MJ4L18omyJRhPS,The Capitol Session '73 (Live),2021-09-03,12,https://i.scdn.co/image/ab67616d0000b27313f60228ae42c30a7d3f6fc3,https://i.scdn.co/image/ab67616d00001e0213f60228ae42c30a7d3f6fc3,2QsynagSdAqZj3U9HgDzjD,reggae,Bob Marley & The Wailers
2M9E6uD6mYqRFTjqcaVzzC,"Live At The Rainbow, 4th June 1977 (Remastered 2020)",2020-06-12,13,https://i.scdn.co/image/ab67616d0000b273ac6201a9188784e7c398a39a,https://i.scdn.co/image/ab67616d00001e02ac6201a9188784e7c398a39a,2QsynagSdAqZj3U9HgDzjD,reggae,Bob Marley & The Wailers
3lxHj7xzLBkPpg98eJ7G8B,Exodus 40,2017-06-02,10,https://i.scdn.co/image/ab67616d0000b2739fb7dd2aae3f1b15e5a37f64,https://i.scdn.co/image/ab67616d00001e029fb7dd2aae3f1b15e5a37f64,2QsynagSdAqZj3U9HgDzjD,reggae,Bob Marley & The Wailers
57kp2MmUvLQ5wUNgDHfPTh,Bob Marley Remix Project,2011-06-03,14,https://i.scdn.co/image/ab67616d0000b2731a9dc87c3eeb4be105b8c9f1,https://i.scdn.co/image/ab67616d00001e021a9dc87c3eeb4be105b8c9f1,2QsynagSdAqZj3U9HgDzjD,reggae,Bob Marley & The Wailers
52NaVc6LFCFKWofNwDnpMN,"Live Forever: The Stanley Theatre, Pittsburgh, PA, 9/23/1980",2011-02-01,25,https://i.scdn.co/image/ab67616d0000b2733d33e5179ce93b49c2a0078e,https://i.scdn.co/image/ab67616d00001e023d33e5179ce93b49c2a0078e,2QsynagSdAqZj3U9HgDzjD,reggae,Bob Marley & The Wailers
1VFrH2lUWZRDR4WhG8UvvE,"Live Forever: The Stanley Theatre, Pittsburgh, PA, September 23, 1980 (Highlights)",2011-01-01,9,https://i.scdn.co/image/ab67616d0000b273c2a1dcc113496b37a6951f32,https://i.scdn.co/image/ab67616d00001e02c2a1dcc113496b37a6951f32,2QsynagSdAqZj3U9HgDzjD,reggae,Bob Marley & The Wailers
7skxAMJF6nQH5OAs8GoHSJ,B Is For Bob,2009-06-23,12,https://i.scdn.co/image/ab67616d0000b2737790f55f26b3ec398f8e589a,https://i.scdn.co/image/ab67616d00001e027790f55f26b3ec398f8e589a,2QsynagSdAqZj3U9HgDzjD,reggae,Bob Marley & The Wailers
2NoLsrsgBc7pgwUSTBUKEh,Smoke Signals (Live),2025-05-07,21,https://i.scdn.co/image/ab67616d0000b2735acd1e84fd713900e7dd4a10,https://i.scdn.co/image/ab67616d00001e025acd1e84fd713900e7dd4a10,0oea1hwGMfUxZbLxJc1XUN,reggae,Peter Tosh
5R3xR3mMILWA0spLsm4BPS,Time has Come (Live Atlanta '79),2025-05-06,14,https://i.scdn.co/image/ab67616d0000b273c7c85f8e45aa445534511004,https://i.scdn.co/image/ab67616d00001e02c7c85f8e45aa445534511004,0oea1hwGMfUxZbLxJc1XUN,reggae,Peter Tosh
0pO6zNCvdKFiDiMMqD1vEn,Rollin' Thunder (Live Washington D.C. '79),2024-06-13,10,https://i.scdn.co/image/ab67616d0000b273964636a921c97ba48578806a,https://i.scdn.co/image/ab67616d00001e02964636a921c97ba48578806a,0oea1hwGMfUxZbLxJc1XUN,reggae,Peter Tosh
4zNOYurXE672vR8oK410jt,Give Me Freedom (Live Eugene '77),2023-12-31,9,https://i.scdn.co/image/ab67616d0000b2730a78a8e1a71d4fe372e2ff50,https://i.scdn.co/image/ab67616d00001e020a78a8e1a71d4fe372e2ff50,0oea1hwGMfUxZbLxJc1XUN,reggae,Peter Tosh
2F2qNLHqXX66QN8wuPmIui,Sittin' In The Morning Sun (Live Los Angeles '78),2023-07-17,14,https://i.scdn.co/image/ab67616d0000b273dd6de2d47ae6292401dfb806,https://i.scdn.co/image/ab67616d00001e02dd6de2d47ae6292401dfb806,0oea1hwGMfUxZbLxJc1XUN,reggae,Peter Tosh
6r3Jh4E7lvC1MwsXbkz8rU,Time Is Now (Live 1979),2021-12-13,12,https://i.scdn.co/image/ab67616d0000b273276081c3e2d1b81b03fe7c94,https://i.scdn.co/image/ab67616d00001e02276081c3e2d1b81b03fe7c94,0oea1hwGMfUxZbLxJc1XUN,reggae,Peter Tosh
6g5xDU8WV2m0EzOE4bJgva,"All Rise Up (Live, Long Island '79)",2020-11-24,13,https://i.scdn.co/image/ab67616d0000b2734f779cca5e7d3390dff6dd3a,https://i.scdn.co/image/ab67616d00001e024f779cca5e7d3390dff6dd3a,0oea1hwGMfUxZbLxJc1XUN,reggae,Peter Tosh
1bZyHwTEJu458ShRRswCs6,Live At My Fathers Place 1978,2014-05-27,13,https://i.scdn.co/image/ab67616d0000b273fbda5d3e8205b15ee83bd3ba,https://i.scdn.co/image/ab67616d00001e02fbda5d3e8205b15ee83bd3ba,0oea1hwGMfUxZbLxJc1XUN,reggae,Peter Tosh
6LzmieJfMl1TYgIwCS5eC0,The Ultimate Peter Tosh Experience,2009-02-09,15,https://i.scdn.co/image/ab67616d0000b2730f05e605e3baa291a19865ed,https://i.scdn.co/image/ab67616d00001e020f05e605e3baa291a19865ed,0oea1hwGMfUxZbLxJc1XUN,reggae,Peter Tosh
0vTWrXdKO4SijjSYCUIuTK,Mystic Man,2003-02-28,14,https://i.scdn.co/image/ab67616d0000b2736da3f1e56f9a8fdef5156f8f,https://i.scdn.co/image/ab67616d00001e026da3f1e56f9a8fdef5156f8f,0oea1hwGMfUxZbLxJc1XUN,reggae,Peter Tosh
18s7KUeencxiAsv7ths3jK,Wanted Dread and Alive,2002-07-30,14,https://i.scdn.co/image/ab67616d0000b273da3ca863175eb14e2959ca29,https://i.scdn.co/image/ab67616d00001e02da3ca863175eb14e2959ca29,0oea1hwGMfUxZbLxJc1XUN,reggae,Peter Tosh
3yNAfcLl7YxaMiUJT4GLDd,No Nuclear War,2002-07-30,9,https://i.scdn.co/image/ab67616d0000b2739c66e737d8e604726439d191,https://i.scdn.co/image/ab67616d00001e029c66e737d8e604726439d191,0oea1hwGMfUxZbLxJc1XUN,reggae,Peter Tosh
07LNIvzX7dIX2FWA5YLpI9,Complete Captured Live,2002-07-08,15,https://i.scdn.co/image/ab67616d0000b2739342c34280d23243e686e376,https://i.scdn.co/image/ab67616d00001e029342c34280d23243e686e376,0oea1hwGMfUxZbLxJc1XUN,reggae,Peter Tosh
026kiuoIXGqidnYXQmI8jw,Live & Dangerous: Boston 1976,2001-07-04,11,https://i.scdn.co/image/ab67616d0000b273d227bd25a7e4e1208c4b2d88,https://i.scdn.co/image/ab67616d00001e02d227bd25a7e4e1208c4b2d88,0oea1hwGMfUxZbLxJc1XUN,reggae,Peter Tosh
0K9oJKr8cOfWfdT33y3L9b,Bush Doctor,1988-10-31,15,https://i.scdn.co/image/ab67616d0000b273193905c508f67aa6e9d425e7,https://i.scdn.co/image/ab67616d00001e02193905c508f67aa6e9d425e7,0oea1hwGMfUxZbLxJc1XUN,reggae,Peter Tosh
5BIbhpZrN6WQWNemz4FF3b,Love & Justice (Live Chicago '78),2025-10-08,13,https://i.scdn.co/image/ab67616d0000b27388312e06e27b2dbe5673b7c5,https://i.scdn.co/image/ab67616d00001e0288312e06e27b2dbe5673b7c5,3rJ3m1tM6vUgiWLjfV8sRf,reggae,Jimmy Cliff
2FoMgo0azEeKaSbJoqnx2L,Spirit That Unites (Live Old Roslyn '78),2025-02-06,13,https://i.scdn.co/image/ab67616d0000b273b1fed42700f6c0f43a75eb13,https://i.scdn.co/image/ab67616d00001e02b1fed42700f6c0f43a75eb13,3rJ3m1tM6vUgiWLjfV8sRf,reggae,Jimmy Cliff
0a4M2ssIynRc6K7P2tgji2,This Is Our World (Live),2023-10-17,17,https://i.scdn.co/image/ab67616d0000b273df6f896efb2230c788a3c92f,https://i.scdn.co/image/ab67616d00001e02df6f896efb2230c788a3c92f,3rJ3m1tM6vUgiWLjfV8sRf,reggae,Jimmy Cliff
0kBFz7VRhSWXIVNtbfXcxu,Refugees,2022-08-12,13,https://i.scdn.co/image/ab67616d0000b273f44944f5c2fb0fa91454749c,https://i.scdn.co/image/ab67616d00001e02f44944f5c2fb0fa91454749c,3rJ3m1tM6vUgiWLjfV8sRf,reggae,Jimmy Cliff
3zKqubk4gCafJIvBY655YE,In Concert,2021-08-21,11,https://i.scdn.co/image/ab67616d0000b2736cf9b435e0806d424dd33771,https://i.scdn.co/image/ab67616d00001e026cf9b435e0806d424dd33771,3rJ3m1tM6vUgiWLjfV8sRf,reggae,Jimmy Cliff
4qyARW3GKKRUT55UnBw6Ym,Chicago 1978 (Live 1978),2020-02-11,13,https://i.scdn.co/image/ab67616d0000b2737f094fdffd59ee0f21252fae,https://i.scdn.co/image/ab67616d00001e027f094fdffd59ee0f21252fae,3rJ3m1tM6vUgiWLjfV8sRf,reggae,Jimmy Cliff
1K9ee7rBIiemCGI0alOqJX,Sunshine In The Music,2003-06-12,16,https://i.scdn.co/image/ab67616d0000b2735adbef8f12646ddca6aa9432,https://i.scdn.co/image/ab67616d00001e025adbef8f12646ddca6aa9432,3rJ3m1tM6vUgiWLjfV8sRf,reggae,Jimmy Cliff
2kHjg1gvDRUDxxdAZgeX8w,Les indispensables,1990-06-28,15,https://i.scdn.co/image/ab67616d0000b2739b3e6ddcb325b889a94510db,https://i.scdn.co/image/ab67616d00001e029b3e6ddcb325b889a94510db,3rJ3m1tM6vUgiWLjfV8sRf,reggae,Jimmy Cliff
7e9SCBEk82KGSnhAtkjNvE,Images (Remastered 2025 with Bonus Tracks),1989,15,https://i.scdn.co/image/ab67616d0000b273aab6b8c09f567585f3fe13eb,https://i.scdn.co/image/ab67616d00001e02aab6b8c09f567585f3fe13eb,3rJ3m1tM6vUgiWLjfV8sRf,reggae,Jimmy Cliff
3f2XkrjIF5F5c1JPfcOl5n,Hanging Fire,1988-04-12,8,https://i.scdn.co/image/ab67616d0000b27356e2f794728bfcb8857a9b58,https://i.scdn.co/image/ab67616d00001e0256e2f794728bfcb8857a9b58,3rJ3m1tM6vUgiWLjfV8sRf,reggae,Jimmy Cliff
00AV3adOZy7kNZWjLhHOti,Cliff Hanger,1985,10,https://i.scdn.co/image/ab67616d0000b273c4577eba588b3f2a7c17c297,https://i.scdn.co/image/ab67616d00001e02c4577eba588b3f2a7c17c297,3rJ3m1tM6vUgiWLjfV8sRf,reggae,Jimmy Cliff
6NAU01DHEdx0vyioca0Pcs,The Power And The Glory,1983,9,https://i.scdn.co/image/ab67616d0000b273b274def78f94b8cd8dd0af3f,https://i.scdn.co/image/ab67616d00001e02b274def78f94b8cd8dd0af3f,3rJ3m1tM6vUgiWLjfV8sRf,reggae,Jimmy Cliff
7DThjcUUrZYmpcELciIu2w,Special,1982,11,https://i.scdn.co/image/ab67616d0000b2737ee316c4f7fe942dc45bfbf9,https://i.scdn.co/image/ab67616d00001e027ee316c4f7fe942dc45bfbf9,3rJ3m1tM6vUgiWLjfV8sRf,reggae,Jimmy Cliff
2fxpPZnUQrYgjax8z9t4UB,Give Thanx,1978,10,https://i.scdn.co/image/ab67616d0000b27380cc2913b1a917f8702c1025,https://i.scdn.co/image/ab67616d00001e0280cc2913b1a917f8702c1025,3rJ3m1tM6vUgiWLjfV8sRf,reggae,Jimmy Cliff
28ZJWGETWKrPgN8RZUD4Ek,House of Exile,1974-08-26,12,https://i.scdn.co/image/ab67616d0000b273392d06017837f01cfc106778,https://i.scdn.co/image/ab67616d00001e02392d06017837f01cfc106778,3rJ3m1tM6vUgiWLjfV8sRf,reggae,Jimmy Cliff
3mFU7Nnazc6KLzoLgzxpPo,Superstar Hit Parade,2025-11-14,10,https://i.scdn.co/image/ab67616d0000b273d9d55778032829145ca01330,https://i.scdn.co/image/ab67616d00001e02d9d55778032829145ca01330,0UmBaQJflaHddKtf1lrA6F,reggae,Dennis Brown
4uhbfpBvqjThYsTKJBKWMY,Legit,2025-05-02,12,https://i.scdn.co/image/ab67616d0000b273365210033aff83cf1cc31915,https://i.scdn.co/image/ab67616d00001e02365210033aff83cf1cc31915,0UmBaQJflaHddKtf1lrA6F,reggae,Dennis Brown
7fH2wNj52IMMUMUyLQbFsT,Judge Not,2025-05-02,12,https://i.scdn.co/image/ab67616d0000b273f905a0fd4fd62bc4f3f68549,https://i.scdn.co/image/ab67616d00001e02f905a0fd4fd62bc4f3f68549,0UmBaQJflaHddKtf1lrA6F,reggae,Dennis Brown
35JdscYb3MwYsb0pBer6t1,No Contest (Remastered Edition),2025-04-18,10,https://i.scdn.co/image/ab67616d0000b2739485d499949a8665831213ef,https://i.scdn.co/image/ab67616d00001e029485d499949a8665831213ef,0UmBaQJflaHddKtf1lrA6F,reggae,Dennis Brown
3qbhtPyjH2S12Bl6TRj8Pz,Inseparable: Remastered Edition,2025-03-07,12,https://i.scdn.co/image/ab67616d0000b27361cc8c84eaba0e1e8952a19a,https://i.scdn.co/image/ab67616d00001e0261cc8c84eaba0e1e8952a19a,0UmBaQJflaHddKtf1lrA6F,reggae,Dennis Brown
56EOHWfs2d5zyPFZYfwgfu,Gussie Clarke Classics,2024-11-15,7,https://i.scdn.co/image/ab67616d0000b273f7dd713a8832d1fae03c218c,https://i.scdn.co/image/ab67616d00001e02f7dd713a8832d1fae03c218c,0UmBaQJflaHddKtf1lrA6F,reggae,Dennis Brown
73assrX4ggAkLf2RZXLoQV,Dennis Brown Super Hits,2015-09-27,50,https://i.scdn.co/image/ab67616d0000b2731413e4d4f65435a5b9b979a6,https://i.scdn.co/image/ab67616d00001e021413e4d4f65435a5b9b979a6,0UmBaQJflaHddKtf1lrA6F,reggae,Dennis Brown
5xw30XjxuakMwpgXnyMGR0,Dennis Brown in Dub Playlist,2014-10-21,21,https://i.scdn.co/image/ab67616d0000b2738b7fa87ecd1a47303200b34b,https://i.scdn.co/image/ab67616d00001e028b7fa87ecd1a47303200b34b,0UmBaQJflaHddKtf1lrA6F,reggae,Dennis Brown
0aP2vFeDpk9HqTq2BDG7Hg,Dennis Brown Playlist,2014-10-17,52,https://i.scdn.co/image/ab67616d0000b2736f6e68bef86bc19afa8bc9df,https://i.scdn.co/image/ab67616d00001e026f6e68bef86bc19afa8bc9df,0UmBaQJflaHddKtf1lrA6F,reggae,Dennis Brown
2KDeloiuw44HJRoDDSZ1sx,Dennis Brown Massive Hits,2013-11-18,36,https://i.scdn.co/image/ab67616d0000b27342b90002ab6628cc275a39b5,https://i.scdn.co/image/ab67616d00001e0242b90002ab6628cc275a39b5,0UmBaQJflaHddKtf1lrA6F,reggae,Dennis Brown
2euhg8kL0bBPjGlnunPZnI,Dennis Brown Sings Rare Grooves (Platinum Edition),2012-05-08,29,https://i.scdn.co/image/ab67616d0000b273878ead9bb1ca6f5bf751efb1,https://i.scdn.co/image/ab67616d00001e02878ead9bb1ca6f5bf751efb1,0UmBaQJflaHddKtf1lrA6F,reggae,Dennis Brown
1UCoMqrKOOB3ni8weFsC1O,The Reggae Artists Gallery Platinum Edition,2012-04-23,13,https://i.scdn.co/image/ab67616d0000b273285b789fcd175799b12528cf,https://i.scdn.co/image/ab67616d00001e02285b789fcd175799b12528cf,0UmBaQJflaHddKtf1lrA6F,reggae,Dennis Brown
4CRClipJtb28FA0rwXw0QK,Legend Platinum Edition,2012-04-17,23,https://i.scdn.co/image/ab67616d0000b273d2a5ac61b95f9171e8f0c3bf,https://i.scdn.co/image/ab67616d00001e02d2a5ac61b95f9171e8f0c3bf,0UmBaQJflaHddKtf1lrA6F,reggae,Dennis Brown
6VpeTKdpRKXmj06EowQ6BG,Dennis Brown Sings Studio 1 Hits,2012-01-30,7,https://i.scdn.co/image/ab67616d0000b2739e28693363891ca5503e915f,https://i.scdn.co/image/ab67616d00001e029e28693363891ca5503e915f,0UmBaQJflaHddKtf1lrA6F,reggae,Dennis Brown
5TnsMeSpZmRgCadWe07nDU,The Mighty Rootsmen (Instrumentals),2025-12-12,10,https://i.scdn.co/image/ab67616d0000b27334c99e9ab9a1b58a87c321cd,https://i.scdn.co/image/ab67616d00001e0234c99e9ab9a1b58a87c321cd,6ZFv3wQwwWPiVDWhv0mjQK,reggae,Toots & The Maytals
4u6BOU6MUR4HjvNScNdN2S,Rock Your Body Line (Live Jamaica '82),2025-09-05,8,https://i.scdn.co/image/ab67616d0000b27386524b7cab283b6255f71f16,https://i.scdn.co/image/ab67616d00001e0286524b7cab283b6255f71f16,6ZFv3wQwwWPiVDWhv0mjQK,reggae,Toots & The Maytals
5Qauynrfn120RhCZU0k8cy,The Mighty Rootsmen,2025-07-25,10,https://i.scdn.co/image/ab67616d0000b273071496b911136447455b1428,https://i.scdn.co/image/ab67616d00001e02071496b911136447455b1428,6ZFv3wQwwWPiVDWhv0mjQK,reggae,Toots & The Maytals
452IPDL8Jda2KREYxgob4b,Everybody Higher (Live Los Angeles '75),2024-08-04,9,https://i.scdn.co/image/ab67616d0000b2737da276e6fbb25b0a46e9d41f,https://i.scdn.co/image/ab67616d00001e027da276e6fbb25b0a46e9d41f,6ZFv3wQwwWPiVDWhv0mjQK,reggae,Toots & The Maytals
4H37JVrKUDmyeWpwkKM8Jl,Gonna Feel It (Live San Francisco '80),2023-11-17,8,https://i.scdn.co/image/ab67616d0000b273b107309c9f71cfa73540f253,https://i.scdn.co/image/ab67616d00001e02b107309c9f71cfa73540f253,6ZFv3wQwwWPiVDWhv0mjQK,reggae,Toots & The Maytals
62QhexCYI7csbvJ1HBQEbP,A Drop On You (Live 1976),2021-12-13,9,https://i.scdn.co/image/ab67616d0000b273e4320de3ad29ff51fccc8208,https://i.scdn.co/image/ab67616d00001e02e4320de3ad29ff51fccc8208,6ZFv3wQwwWPiVDWhv0mjQK,reggae,Toots & The Maytals
0pSzH3PJjIMqoBO3mWuSa9,Pressure Drop: The Essential Toots and the Maytals,2020-09-16,22,https://i.scdn.co/image/ab67616d0000b273e5b7d73081e5c100052ab8bd,https://i.scdn.co/image/ab67616d00001e02e5b7d73081e5c100052ab8bd,6ZFv3wQwwWPiVDWhv0mjQK,reggae,Toots & The Maytals
1hDwusRrxG6dQ7E4tPjIry,"California Jammin' (Santa Cruz, LIVE '78)",2020-09-15,13,https://i.scdn.co/image/ab67616d0000b2731b1a9821476f5f2382f7ea77,https://i.scdn.co/image/ab67616d00001e021b1a9821476f5f2382f7ea77,6ZFv3wQwwWPiVDWhv0mjQK,reggae,Toots & The Maytals
7zvF1yORpc9lkBKuZZCfhw,Got To Be Tough,2020-08-28,10,https://i.scdn.co/image/ab67616d0000b2739414186dea53158295d8e504,https://i.scdn.co/image/ab67616d00001e029414186dea53158295d8e504,6ZFv3wQwwWPiVDWhv0mjQK,reggae,Toots & The Maytals
60w6ZTomh9ovMzci53QX4j,Recoup,2018-11-02,15,https://i.scdn.co/image/ab67616d0000b27363935b648530f0e9863e96ef,https://i.scdn.co/image/ab67616d00001e0263935b648530f0e9863e96ef,6ZFv3wQwwWPiVDWhv0mjQK,reggae,Toots & The Maytals
7JdVSRIk9AEOSPLBOYGFRY,Ska Father,2018-09-28,12,https://i.scdn.co/image/ab67616d0000b2737b0ce0464c72a0ddbd029849,https://i.scdn.co/image/ab67616d00001e027b0ce0464c72a0ddbd029849,6ZFv3wQwwWPiVDWhv0mjQK,reggae,Toots & The Maytals
6EcwBTnLWzOhmzMtV2E6kk,"Keep on Kicking, Volume 4",2017,15,https://i.scdn.co/image/ab67616d0000b2730155893ed1b1a2dbd3b93793,https://i.scdn.co/image/ab67616d00001e020155893ed1b1a2dbd3b93793,6ZFv3wQwwWPiVDWhv0mjQK,reggae,Toots & The Maytals
3He45LN1ftbT01OqPuum7S,Toots & The Maytals Reggae Live Sessions,2016-03-15,10,https://i.scdn.co/image/ab67616d0000b273de6f51f58193c9846cc09447,https://i.scdn.co/image/ab67616d00001e02de6f51f58193c9846cc09447,6ZFv3wQwwWPiVDWhv0mjQK,reggae,Toots & The Maytals
3KbC2PqMhUfvCiMXqU2Kbp,Toots & The Maytals - Pressure Drop,2013-03-15,16,https://i.scdn.co/image/ab67616d0000b273db393a8185b8a6a63a2e13c7,https://i.scdn.co/image/ab67616d00001e02db393a8185b8a6a63a2e13c7,6ZFv3wQwwWPiVDWhv0mjQK,reggae,Toots & The Maytals
79FMQVrJfOiV8hgqK57cyz,Unplugged on Strawberry Hill,2012-07-02,12,https://i.scdn.co/image/ab67616d0000b27300600a01a65e1b12cc34fa96,https://i.scdn.co/image/ab67616d00001e0200600a01a65e1b12cc34fa96,6ZFv3wQwwWPiVDWhv0mjQK,reggae,Toots & The Maytals
6P7WV1bKRAguOJ9mlWeaMl,Call on Me (Live),2026-04-14,16,https://i.scdn.co/image/ab67616d0000b27373a6e6725da1dd1d98114568,https://i.scdn.co/image/ab67616d00001e0273a6e6725da1dd1d98114568,6qaKS0nzGP4hfjl4aFZmEU,reggae,Burning Spear
33z5MkpxxgjvKuH0sooNxm,This Day Is The Right Way (Live Reseda '82),2025-10-03,13,https://i.scdn.co/image/ab67616d0000b273e1dbd0d14baa6b9a2d476499,https://i.scdn.co/image/ab67616d00001e02e1dbd0d14baa6b9a2d476499,6qaKS0nzGP4hfjl4aFZmEU,reggae,Burning Spear
2HRV6uMo626mHroic1njut,Across The Valley (Live Talahassee '87),2025-04-17,15,https://i.scdn.co/image/ab67616d0000b2730dcbc9e0ba2843fc22c09300,https://i.scdn.co/image/ab67616d00001e020dcbc9e0ba2843fc22c09300,6qaKS0nzGP4hfjl4aFZmEU,reggae,Burning Spear
7LDueRYGp7d4y7cczhwKS3,Reggae-Up,2024-11-02,20,https://i.scdn.co/image/ab67616d0000b2732a689c249dddfdfe84da7711,https://i.scdn.co/image/ab67616d00001e022a689c249dddfdfe84da7711,6qaKS0nzGP4hfjl4aFZmEU,reggae,Burning Spear
4dhoTyLuSR9Z56vUeedj3K,Forward My Brother (Live),2024-01-26,12,https://i.scdn.co/image/ab67616d0000b27331efc8b4c1fc59b56803b3c5,https://i.scdn.co/image/ab67616d00001e0231efc8b4c1fc59b56803b3c5,6qaKS0nzGP4hfjl4aFZmEU,reggae,Burning Spear
0d7mWb6RQzGhVE30gFLFTt,No Destroyer,2023-08-18,12,https://i.scdn.co/image/ab67616d0000b2735eae5aabb7b768e275d52fb3,https://i.scdn.co/image/ab67616d00001e025eae5aabb7b768e275d52fb3,6qaKS0nzGP4hfjl4aFZmEU,reggae,Burning Spear
6Yl1xWTiKa8RkGkCJWG54v,Live in Peru,2013-05-21,11,https://i.scdn.co/image/ab67616d0000b2738ed5fab3f8a97cf234a846b2,https://i.scdn.co/image/ab67616d00001e028ed5fab3f8a97cf234a846b2,6qaKS0nzGP4hfjl4aFZmEU,reggae,Burning Spear
4rN6MzVB56k3SURMzebh2v,Living Dub Volume 3,2012-01-13,13,https://i.scdn.co/image/ab67616d0000b273730435354069ad34774abce2,https://i.scdn.co/image/ab67616d00001e02730435354069ad34774abce2,6qaKS0nzGP4hfjl4aFZmEU,reggae,Burning Spear
0Uqc9lbhBmQLejf1oKTFyH,Calling Rastafari,2009-09-26,13,https://i.scdn.co/image/ab67616d0000b273b46ac53a457403bbdb3ac2d3,https://i.scdn.co/image/ab67616d00001e02b46ac53a457403bbdb3ac2d3,6qaKS0nzGP4hfjl4aFZmEU,reggae,Burning Spear
15VpRFtPtfGZ0RJSlnxZPx,Living Dub Volume Two,2009-05-22,12,https://i.scdn.co/image/ab67616d0000b2735edcc76f95fef02d2d52d907,https://i.scdn.co/image/ab67616d00001e025edcc76f95fef02d2d52d907,6qaKS0nzGP4hfjl4aFZmEU,reggae,Burning Spear
4JxOfBX202GZ9fp2HpE9h6,Living Dub VoL.6,2009-05-22,12,https://i.scdn.co/image/ab67616d0000b27309ca12ea1fcd6eb1d2b56785,https://i.scdn.co/image/ab67616d00001e0209ca12ea1fcd6eb1d2b56785,6qaKS0nzGP4hfjl4aFZmEU,reggae,Burning Spear
1eY4XCAm4LMGE45TecTHtE,Jah Is Real,2008-08-25,14,https://i.scdn.co/image/ab67616d0000b273eba1f7c00c31ba6461b5139c,https://i.scdn.co/image/ab67616d00001e02eba1f7c00c31ba6461b5139c,6qaKS0nzGP4hfjl4aFZmEU,reggae,Burning Spear
0S2vK4vQk6jv75olWQ7pdc,Our Music,2005,11,https://i.scdn.co/image/ab67616d0000b273c2226a3f4c965972126d1b5d,https://i.scdn.co/image/ab67616d00001e02c2226a3f4c965972126d1b5d,6qaKS0nzGP4hfjl4aFZmEU,reggae,Burning Spear
7aqMMzs8IIm3wZDE1ENjVo,Live In South Africa 2000,2004,10,https://i.scdn.co/image/ab67616d0000b27380dddf2956b1ae96fd1aaf5a,https://i.scdn.co/image/ab67616d00001e0280dddf2956b1ae96fd1aaf5a,6qaKS0nzGP4hfjl4aFZmEU,reggae,Burning Spear
1h3tKEy5ZAlexHnlvDSOLL,Freeman,2003,12,https://i.scdn.co/image/ab67616d0000b27337a23029fd1c35f61ef46764,https://i.scdn.co/image/ab67616d00001e0237a23029fd1c35f61ef46764,6qaKS0nzGP4hfjl4aFZmEU,reggae,Burning Spear
57qhXJwUjUXPopcPkF87JV,Love Songs: The Gussie Clarke Years,2026-04-17,15,https://i.scdn.co/image/ab67616d0000b2732f9e6dff8be13f3824c14b27,https://i.scdn.co/image/ab67616d00001e022f9e6dff8be13f3824c14b27,6QHu71f8LLeT8n0GzfbYFc,reggae,Gregory Isaacs
2o6CVmYrzG1BDGMztOf1Bh,Talk Don't Bother Me,2025-11-28,10,https://i.scdn.co/image/ab67616d0000b27313479abf072d9514c4964619,https://i.scdn.co/image/ab67616d00001e0213479abf072d9514c4964619,6QHu71f8LLeT8n0GzfbYFc,reggae,Gregory Isaacs
73tFZIcscoboHKlIST1mD1,Gussie Clarke's Rumours Riddim,2025-10-17,6,https://i.scdn.co/image/ab67616d0000b2732ce34fb21e37ea89bb848e5f,https://i.scdn.co/image/ab67616d00001e022ce34fb21e37ea89bb848e5f,6QHu71f8LLeT8n0GzfbYFc,reggae,Gregory Isaacs
1p8qSK9EyUtOjeU1FktWPV,"The African Museum + Tad's Collection, Vol.3",2025-06-27,39,https://i.scdn.co/image/ab67616d0000b27340110cf3d3bd8cbbab8de009,https://i.scdn.co/image/ab67616d00001e0240110cf3d3bd8cbbab8de009,6QHu71f8LLeT8n0GzfbYFc,reggae,Gregory Isaacs
4SqT1VKTXPBButa3XevHTb,Absent (Remastered Edition),2025-04-11,13,https://i.scdn.co/image/ab67616d0000b27361e825561b141703fa622c70,https://i.scdn.co/image/ab67616d00001e0261e825561b141703fa622c70,6QHu71f8LLeT8n0GzfbYFc,reggae,Gregory Isaacs
2LrXMpljGBLM4MIrTe8qzc,Red Rose For Gregory (Remastered Edition),2025-04-04,13,https://i.scdn.co/image/ab67616d0000b2730d2c196a46017affec47737d,https://i.scdn.co/image/ab67616d00001e020d2c196a46017affec47737d,6QHu71f8LLeT8n0GzfbYFc,reggae,Gregory Isaacs
1crSjwoM0VeARW5bSDlCMw,Private Beach Party (Remastered Edition),2025-04-04,11,https://i.scdn.co/image/ab67616d0000b273488eb9933ef76e338cb5598b,https://i.scdn.co/image/ab67616d00001e02488eb9933ef76e338cb5598b,6QHu71f8LLeT8n0GzfbYFc,reggae,Gregory Isaacs
2eqnB0fWXtXo4YPrlbxP2f,I.O.U (Remastered Edition),2025-04-04,14,https://i.scdn.co/image/ab67616d0000b273a5c202d1c199d59180faf413,https://i.scdn.co/image/ab67616d00001e02a5c202d1c199d59180faf413,6QHu71f8LLeT8n0GzfbYFc,reggae,Gregory Isaacs
1Il7FeqE0654j2koP0iPrk,Lovely Lady,2024-10-15,13,https://i.scdn.co/image/ab67616d0000b27393e684479c6f8bd1e1213eac,https://i.scdn.co/image/ab67616d00001e0293e684479c6f8bd1e1213eac,6QHu71f8LLeT8n0GzfbYFc,reggae,Gregory Isaacs
33gAXbWQPDa6qBtY7od2x5,...A Touch of Class,2023-12-08,17,https://i.scdn.co/image/ab67616d0000b27383a5f715caf6613032bee3fb,https://i.scdn.co/image/ab67616d00001e0283a5f715caf6613032bee3fb,6QHu71f8LLeT8n0GzfbYFc,reggae,Gregory Isaacs
4iuL5SEGY5Iapn1Ayjh5GS,Gregory Isaacs Sings Dennis Brown (Deluxe Edition),2023-12-06,18,https://i.scdn.co/image/ab67616d0000b2739a949032117b7d4a30647e62,https://i.scdn.co/image/ab67616d00001e029a949032117b7d4a30647e62,6QHu71f8LLeT8n0GzfbYFc,reggae,Gregory Isaacs
6NFP57KI9KUmE5tTU29xWi,Watchman Of The City,2023-11-14,8,https://i.scdn.co/image/ab67616d0000b273873438f1a3da5dc1f76213d0,https://i.scdn.co/image/ab67616d00001e02873438f1a3da5dc1f76213d0,6QHu71f8LLeT8n0GzfbYFc,reggae,Gregory Isaacs
2hDeQ5pM8TUZowDsv6IDJv,Mass Manipulation,2019-05-17,17,https://i.scdn.co/image/ab67616d0000b2736f9319fd101a655e32477531,https://i.scdn.co/image/ab67616d00001e026f9319fd101a655e32477531,6UL7BodGc5iVmQGlMwHR0g,reggae,Steel Pulse
2AmHSmroi01mQ9yDUqyhuv,Handsworth Revolution (Deluxe Edition),2015-03-23,30,https://i.scdn.co/image/ab67616d0000b273082fb191d07d4a2386068a6d,https://i.scdn.co/image/ab67616d00001e02082fb191d07d4a2386068a6d,6UL7BodGc5iVmQGlMwHR0g,reggae,Steel Pulse
53zpfea0HOctci16oWi2MN,Rage And Fury,2009-05-25,13,https://i.scdn.co/image/ab67616d0000b273524532d65e5899db3e5f8dd4,https://i.scdn.co/image/ab67616d00001e02524532d65e5899db3e5f8dd4,6UL7BodGc5iVmQGlMwHR0g,reggae,Steel Pulse
3AO4vXjxeUdvMio4WiEsTU,African Holocaust,2009-05-25,13,https://i.scdn.co/image/ab67616d0000b273e768ee4aee1a84c6f7a8e7b3,https://i.scdn.co/image/ab67616d00001e02e768ee4aee1a84c6f7a8e7b3,6UL7BodGc5iVmQGlMwHR0g,reggae,Steel Pulse
1h5jSwgEiUDx58MiBFVTgV,Earth Crisis,2005-06-07,12,https://i.scdn.co/image/ab67616d0000b273689bf34bbf3247604cf44567,https://i.scdn.co/image/ab67616d00001e02689bf34bbf3247604cf44567,6UL7BodGc5iVmQGlMwHR0g,reggae,Steel Pulse
6qPG09ioBMVTcgJSZpuCY8,True Democracy,2005-02-08,14,https://i.scdn.co/image/ab67616d0000b2733529af51dc08bdbe5460c925,https://i.scdn.co/image/ab67616d00001e023529af51dc08bdbe5460c925,6UL7BodGc5iVmQGlMwHR0g,reggae,Steel Pulse
1oItq6ehmSQqokFAoz6YRp,Living Legacy (Live),1999-01-01,12,https://i.scdn.co/image/ab67616d0000b2730816c30eb5e5476e551b35fc,https://i.scdn.co/image/ab67616d00001e020816c30eb5e5476e551b35fc,6UL7BodGc5iVmQGlMwHR0g,reggae,Steel Pulse
5svvxTXVGqKZCirydpqNHW,Vex,1994-09-27,13,https://i.scdn.co/image/ab67616d0000b273378b0e7a6f5f94b6dc972d91,https://i.scdn.co/image/ab67616d00001e02378b0e7a6f5f94b6dc972d91,6UL7BodGc5iVmQGlMwHR0g,reggae,Steel Pulse
0DBU2QlxJuMujoxvydwrcd,Rastafari Centennial: Live In Paris - Elysee Montmartre,1992-01-01,14,https://i.scdn.co/image/ab67616d0000b2737ec09e8d3951f1b2d543f787,https://i.scdn.co/image/ab67616d00001e027ec09e8d3951f1b2d543f787,6UL7BodGc5iVmQGlMwHR0g,reggae,Steel Pulse
1BakpSZHAhyOXKGVRZrtSB,Victims,1991-01-01,16,https://i.scdn.co/image/ab67616d0000b273a379ac6fb9ed74a20208e7a4,https://i.scdn.co/image/ab67616d00001e02a379ac6fb9ed74a20208e7a4,6UL7BodGc5iVmQGlMwHR0g,reggae,Steel Pulse
2lXhiz3K9rQHGSczsgpDnk,State Of Emergency,1988-01-01,11,https://i.scdn.co/image/ab67616d0000b2734165000e17c77202c4e5dbe2,https://i.scdn.co/image/ab67616d00001e024165000e17c77202c4e5dbe2,6UL7BodGc5iVmQGlMwHR0g,reggae,Steel Pulse
3BVtphNjEG5djS7JKPhn7T,Babylon the Bandit,1985-11-19,9,https://i.scdn.co/image/ab67616d0000b273b9d08b4f041cc1215c3dfda3,https://i.scdn.co/image/ab67616d00001e02b9d08b4f041cc1215c3dfda3,6UL7BodGc5iVmQGlMwHR0g,reggae,Steel Pulse
4MlBSBN8KZqVOLIsaw0276,Caught You,1980-01-01,10,https://i.scdn.co/image/ab67616d0000b273a21a1517c4367dab6ff1f710,https://i.scdn.co/image/ab67616d00001e02a21a1517c4367dab6ff1f710,6UL7BodGc5iVmQGlMwHR0g,reggae,Steel Pulse
5jncMbvgwmbA01iaMMcA1Q,Tribute To The Martyrs,1979,8,https://i.scdn.co/image/ab67616d0000b273158eec0357e58c9c927d2512,https://i.scdn.co/image/ab67616d00001e02158eec0357e58c9c927d2512,6UL7BodGc5iVmQGlMwHR0g,reggae,Steel Pulse
7oB71SY6FPlzfhlsluEK7P,Freedom Sound (Live New York '81),2025-09-07,13,https://i.scdn.co/image/ab67616d0000b27353d24798a239025f9bb93d7d,https://i.scdn.co/image/ab67616d00001e0253d24798a239025f9bb93d7d,5keeQyPKYRxUCKDMECTXG3,reggae,Black Uhuru
4vsgu1w2ObQgvtRZ2c8xNR,Live at Soledad Prison 1982,2024-04,11,https://i.scdn.co/image/ab67616d0000b273762e13412dc42bf92452a01c,https://i.scdn.co/image/ab67616d00001e02762e13412dc42bf92452a01c,5keeQyPKYRxUCKDMECTXG3,reggae,Black Uhuru
1B9iHEVwT81CYNfqIBVYWH,New Day,2022-05-13,11,https://i.scdn.co/image/ab67616d0000b273644a206017655e36a8f93fec,https://i.scdn.co/image/ab67616d00001e02644a206017655e36a8f93fec,5keeQyPKYRxUCKDMECTXG3,reggae,Black Uhuru
1qbZzUcWSqSuVKko4eTTcF,As The World Turns,2018-09-07,15,https://i.scdn.co/image/ab67616d0000b27346d9598ccc42e3f1d0f181d9,https://i.scdn.co/image/ab67616d00001e0246d9598ccc42e3f1d0f181d9,5keeQyPKYRxUCKDMECTXG3,reggae,Black Uhuru
24HQzq9VbQeONqIz8owJ6T,"Black Uhuru (Live at Rockpalast, Essen 1981)",2016-10-28,13,https://i.scdn.co/image/ab67616d0000b27329c5db1f94ca602c01eb9c24,https://i.scdn.co/image/ab67616d00001e0229c5db1f94ca602c01eb9c24,5keeQyPKYRxUCKDMECTXG3,reggae,Black Uhuru
7fqMnwiqsDgSXLUGBdLylm,The Dub Album,2004,10,https://i.scdn.co/image/ab67616d0000b273188e08178665298f1207dd6f,https://i.scdn.co/image/ab67616d00001e02188e08178665298f1207dd6f,5keeQyPKYRxUCKDMECTXG3,reggae,Black Uhuru
1pzqLzklCYlwzXW0DsdWC9,Dynasty,2001-10-09,12,https://i.scdn.co/image/ab67616d0000b273d067ea626fc7890b8682c213,https://i.scdn.co/image/ab67616d00001e02d067ea626fc7890b8682c213,5keeQyPKYRxUCKDMECTXG3,reggae,Black Uhuru
0y8QALAKoZAOSuotQjyj1t,Live 84,2000,13,https://i.scdn.co/image/ab67616d0000b273291870c03a0e3946acfb8348,https://i.scdn.co/image/ab67616d00001e02291870c03a0e3946acfb8348,5keeQyPKYRxUCKDMECTXG3,reggae,Black Uhuru
4imHR7i42w8AIoVMCBrb8Y,Unification,1998-06-20,16,https://i.scdn.co/image/ab67616d0000b2739260f4f565ad728c45667fb1,https://i.scdn.co/image/ab67616d00001e029260f4f565ad728c45667fb1,5keeQyPKYRxUCKDMECTXG3,reggae,Black Uhuru
4V20jDGmb503OktddzKfRH,Strongg,1994,12,https://i.scdn.co/image/ab67616d0000b2730d79188db2b80b5685b73470,https://i.scdn.co/image/ab67616d00001e020d79188db2b80b5685b73470,5keeQyPKYRxUCKDMECTXG3,reggae,Black Uhuru
6MqYh3BmJlIiiFAxu2wRRo,Love Dub,1994,10,https://i.scdn.co/image/ab67616d0000b273ebe3f71d1fce75e95ad6bff0,https://i.scdn.co/image/ab67616d00001e02ebe3f71d1fce75e95ad6bff0,5keeQyPKYRxUCKDMECTXG3,reggae,Black Uhuru
2J1sv3XJ64qfSbIUSDmQph,Mystical Truth,1993,12,https://i.scdn.co/image/ab67616d0000b27378d5182e9ff690e5d948567e,https://i.scdn.co/image/ab67616d00001e0278d5182e9ff690e5d948567e,5keeQyPKYRxUCKDMECTXG3,reggae,Black Uhuru
6xvekB9NvsiM0zC7jl4xx0,Iron Storm Dub,1992,9,https://i.scdn.co/image/ab67616d0000b2735af90b491fe4c618a4559918,https://i.scdn.co/image/ab67616d00001e025af90b491fe4c618a4559918,5keeQyPKYRxUCKDMECTXG3,reggae,Black Uhuru
0GmzyqnV8buHDmWsTMSqb0,Iron Storm,1991-05-21,10,https://i.scdn.co/image/ab67616d0000b2737706b5e755df8f4852a0b4df,https://i.scdn.co/image/ab67616d00001e027706b5e755df8f4852a0b4df,5keeQyPKYRxUCKDMECTXG3,reggae,Black Uhuru
2ZnyRPxsgNoGDuVLBMIk8v,Positive Dub,1987-01-01,8,https://i.scdn.co/image/ab67616d0000b2734b858089f700330c55a1caab,https://i.scdn.co/image/ab67616d00001e024b858089f700330c55a1caab,5keeQyPKYRxUCKDMECTXG3,reggae,Black Uhuru
0gnytka8TlMhMCM3GWtVAV,Crucial! (Roots Classics),2025-05-16,14,https://i.scdn.co/image/ab67616d0000b273468974edb7ae0c6559a9d137,https://i.scdn.co/image/ab67616d00001e02468974edb7ae0c6559a9d137,389zc5Rwe0MPcE6mSF4AjC,reggae,Bunny Wailer
3x1FNI9nOuF5lYWaENqA3I,Keep On Moving [Live (Remastered)],2022-09-05,18,https://i.scdn.co/image/ab67616d0000b273c866f34eac61983783163060,https://i.scdn.co/image/ab67616d00001e02c866f34eac61983783163060,389zc5Rwe0MPcE6mSF4AjC,reggae,Bunny Wailer
6IU6h3iFUytT9lHQzaUCK3,Communication,2005,17,https://i.scdn.co/image/ab67616d0000b273c987b30eb7950014edfeb0ef,https://i.scdn.co/image/ab67616d00001e02c987b30eb7950014edfeb0ef,389zc5Rwe0MPcE6mSF4AjC,reggae,Bunny Wailer
22uZFivuxK480tS2Iq8LEH,Bunny Wailer and Solomonic Orchestra (Live),1990,12,https://i.scdn.co/image/ab67616d0000b273cc3387e35d3422e27eb245a3,https://i.scdn.co/image/ab67616d00001e02cc3387e35d3422e27eb245a3,389zc5Rwe0MPcE6mSF4AjC,reggae,Bunny Wailer
7JAuECEqE5vWNqqpzcklS7,Liberation (2025 Remaster),1989-02-28,10,https://i.scdn.co/image/ab67616d0000b27391644214768788844fd56cf0,https://i.scdn.co/image/ab67616d00001e0291644214768788844fd56cf0,389zc5Rwe0MPcE6mSF4AjC,reggae,Bunny Wailer
5PYGidkeVmVIR28raiG5RY,Rock 'N' Groove (Remastered),1981-04-21,7,https://i.scdn.co/image/ab67616d0000b273d4c29e3dd53e9f021bf8691f,https://i.scdn.co/image/ab67616d00001e02d4c29e3dd53e9f021bf8691f,389zc5Rwe0MPcE6mSF4AjC,reggae,Bunny Wailer
3D6W8G8ZtbZoeQeyBUUAhu,Bunny Wailer Sings The Wailers,1980-10-13,10,https://i.scdn.co/image/ab67616d0000b273d159291c862cafdcdc69cfd8,https://i.scdn.co/image/ab67616d00001e02d159291c862cafdcdc69cfd8,389zc5Rwe0MPcE6mSF4AjC,reggae,Bunny Wailer
3JtCkuSat0REgBESmGdt27,Protest,1977-01-01,8,https://i.scdn.co/image/ab67616d0000b27336eb260c2d571fda2b50038f,https://i.scdn.co/image/ab67616d00001e0236eb260c2d571fda2b50038f,389zc5Rwe0MPcE6mSF4AjC,reggae,Bunny Wailer
45Ae5UMjDuXNXot7PvJCjr,Blackheart Man,1976-09-08,10,https://i.scdn.co/image/ab67616d0000b273347ff5e8111a9f922840daf4,https://i.scdn.co/image/ab67616d00001e02347ff5e8111a9f922840daf4,389zc5Rwe0MPcE6mSF4AjC,reggae,Bunny Wailer
0S4s1FCxl8wwfEhq0HFHE7,Rise,2025-04-11,11,https://i.scdn.co/image/ab67616d0000b2732438ea4cba54077d138ce3bf,https://i.scdn.co/image/ab67616d00001e022438ea4cba54077d138ce3bf,41ekW4MXG59xJMXR8dX1OG,reggae,Alpha Blondy
4EKt48wiPRaFfkSwtRE2bs,Eternity,2022-05-27,18,https://i.scdn.co/image/ab67616d0000b273caae704bff0f39320f4169f0,https://i.scdn.co/image/ab67616d00001e02caae704bff0f39320f4169f0,41ekW4MXG59xJMXR8dX1OG,reggae,Alpha Blondy
35qoT4g2wmXFzvKRrvhJ1Y,Human Race,2018-08-31,12,https://i.scdn.co/image/ab67616d0000b273457121ce5ba375d5e01ede19,https://i.scdn.co/image/ab67616d00001e02457121ce5ba375d5e01ede19,41ekW4MXG59xJMXR8dX1OG,reggae,Alpha Blondy
6OOvjudSwHdF9tAd6XwY6l,Positive Energy,2015-05-18,12,https://i.scdn.co/image/ab67616d0000b273f50d9f257d4014f170aedc3e,https://i.scdn.co/image/ab67616d00001e02f50d9f257d4014f170aedc3e,41ekW4MXG59xJMXR8dX1OG,reggae,Alpha Blondy
14u8Xo6XrV8U4TB3j6WwjB,Mystic Power,2013-03-04,15,https://i.scdn.co/image/ab67616d0000b2735e3192b8a3ef3b32ecd894a9,https://i.scdn.co/image/ab67616d00001e025e3192b8a3ef3b32ecd894a9,41ekW4MXG59xJMXR8dX1OG,reggae,Alpha Blondy
0jBnkN5IkQ9ZetMISmu5Sj,Vision (Bonus Edition),2011-04-04,25,https://i.scdn.co/image/ab67616d0000b273a3f3c69e23124041d4e838cd,https://i.scdn.co/image/ab67616d00001e02a3f3c69e23124041d4e838cd,41ekW4MXG59xJMXR8dX1OG,reggae,Alpha Blondy
01cPxSu0Lr5qocwgwt579N,Jah Victory,2007-10-22,19,https://i.scdn.co/image/ab67616d0000b273d4370abd7a3ee5d9a9000693,https://i.scdn.co/image/ab67616d00001e02d4370abd7a3ee5d9a9000693,41ekW4MXG59xJMXR8dX1OG,reggae,Alpha Blondy
3wv1mq6EG60cBUUpOwiC2j,Merci (2010 Remastered Edition),2002-01-01,12,https://i.scdn.co/image/ab67616d0000b27339fa0f12fc331f39260166d5,https://i.scdn.co/image/ab67616d00001e0239fa0f12fc331f39260166d5,41ekW4MXG59xJMXR8dX1OG,reggae,Alpha Blondy
7E2jvDLEBuovEAQyyIm4f5,Elohim (2010 Remastered Edition),1999-01-01,14,https://i.scdn.co/image/ab67616d0000b27399dcbf904673c34b1ad4de30,https://i.scdn.co/image/ab67616d00001e0299dcbf904673c34b1ad4de30,41ekW4MXG59xJMXR8dX1OG,reggae,Alpha Blondy
0Nhrl3pwRXBzZaj3EOKGoc,Yitzhak Rabin (2010 Remastered Edition),1998-01-01,12,https://i.scdn.co/image/ab67616d0000b273cc672c5572b990af84c53efa,https://i.scdn.co/image/ab67616d00001e02cc672c5572b990af84c53efa,41ekW4MXG59xJMXR8dX1OG,reggae,Alpha Blondy
7v8PSSbB0vEmUVOGtjrGnh,Grand Bassam Zion Rock (2010 Remastered Edition),1996-01-01,14,https://i.scdn.co/image/ab67616d0000b273a4bc5960a62ec4ff309ec994,https://i.scdn.co/image/ab67616d00001e02a4bc5960a62ec4ff309ec994,41ekW4MXG59xJMXR8dX1OG,reggae,Alpha Blondy
2DYnxBqEpPcjQc0qPBdns9,Dieu (2010 Remastered Edition),1994-01-01,12,https://i.scdn.co/image/ab67616d0000b273d479d1e5c7561029e27e478b,https://i.scdn.co/image/ab67616d00001e02d479d1e5c7561029e27e478b,41ekW4MXG59xJMXR8dX1OG,reggae,Alpha Blondy
7B9IEF2DNIu3fB6RDKbHIv,Live at Paris Zenith 1992 & Paris Bercy 2000,1993-01-01,31,https://i.scdn.co/image/ab67616d0000b2736fc09f980dcd8dd267b897fb,https://i.scdn.co/image/ab67616d00001e026fc09f980dcd8dd267b897fb,41ekW4MXG59xJMXR8dX1OG,reggae,Alpha Blondy
151pnDeuZ5aoWVoNzLzquH,Masada (2010 Remastered Edition),1992-01-01,14,https://i.scdn.co/image/ab67616d0000b273b2251a2f800e2b58e40df92c,https://i.scdn.co/image/ab67616d00001e02b2251a2f800e2b58e40df92c,41ekW4MXG59xJMXR8dX1OG,reggae,Alpha Blondy
1gKM32ghhQjatHluPHzWiO,Pass Me The Lazer Beam,2024-06-21,10,https://i.scdn.co/image/ab67616d0000b273b8359444b89f5952910674d4,https://i.scdn.co/image/ab67616d00001e02b8359444b89f5952910674d4,5WcGRaGsl0b9sul7jVdDgc,reggae,Don Carlos
7dW6HqoV94WdVHE101VVad,Don Carlos Vocal & Dub,2021-05-01,13,https://i.scdn.co/image/ab67616d0000b2739f4facf9f8c7a2f17fbe5b4d,https://i.scdn.co/image/ab67616d00001e029f4facf9f8c7a2f17fbe5b4d,5WcGRaGsl0b9sul7jVdDgc,reggae,Don Carlos
6oHpXC25QR38ZDgpTqKiUz,Dub Ceremonies,2019-10-11,10,https://i.scdn.co/image/ab67616d0000b273d0f3a06135462ce651af1ef2,https://i.scdn.co/image/ab67616d00001e02d0f3a06135462ce651af1ef2,5WcGRaGsl0b9sul7jVdDgc,reggae,Don Carlos
1BKAoae82HzfQNcRgTEMKG,Don Carlos vs. The Aggrovators,2018-06-01,12,https://i.scdn.co/image/ab67616d0000b273cea557595e2a1ce6a7003ea9,https://i.scdn.co/image/ab67616d00001e02cea557595e2a1ce6a7003ea9,5WcGRaGsl0b9sul7jVdDgc,reggae,Don Carlos
57apvylA19gxAHj6viFQTq,Tribulation (Platinum Edition),2015-08-18,26,https://i.scdn.co/image/ab67616d0000b27319b50502c324e5b0349fc802,https://i.scdn.co/image/ab67616d00001e0219b50502c324e5b0349fc802,5WcGRaGsl0b9sul7jVdDgc,reggae,Don Carlos
7Li5JWLqjOf3U8wSQgd3Hg,Jah Light (Platinum Edition),2015-08-12,24,https://i.scdn.co/image/ab67616d0000b27306b2f89c66b740605eea5cbb,https://i.scdn.co/image/ab67616d00001e0206b2f89c66b740605eea5cbb,5WcGRaGsl0b9sul7jVdDgc,reggae,Don Carlos
3v339WQi3H9HRsWWodt8Fy,Don Carlos in Dub,2014-11-05,18,https://i.scdn.co/image/ab67616d0000b273525158225ef91673aa5cbd58,https://i.scdn.co/image/ab67616d00001e02525158225ef91673aa5cbd58,5WcGRaGsl0b9sul7jVdDgc,reggae,Don Carlos
4WS1lhE3j11JFJZZgG8dIg,Don Carlos Essentials,2014-10-20,17,https://i.scdn.co/image/ab67616d0000b273753405217a038c08c536dc5c,https://i.scdn.co/image/ab67616d00001e02753405217a038c08c536dc5c,5WcGRaGsl0b9sul7jVdDgc,reggae,Don Carlos
59rM8PdTC0WTpGcEklnx97,Don Carlos Meets Aggrovators at Dub Station,2014-07-29,33,https://i.scdn.co/image/ab67616d0000b2733abc83f6f49074d3679b0508,https://i.scdn.co/image/ab67616d00001e023abc83f6f49074d3679b0508,5WcGRaGsl0b9sul7jVdDgc,reggae,Don Carlos
5vqHeXkFzPlMQRa76EHx1q,Don Carlos Meets King Tubby & The Aggrovators,2014-02-21,33,https://i.scdn.co/image/ab67616d0000b27308784e851dadd96c1c274928,https://i.scdn.co/image/ab67616d00001e0208784e851dadd96c1c274928,5WcGRaGsl0b9sul7jVdDgc,reggae,Don Carlos
1anzykrkKorJhXZJrWynex,Reggae Don Carlos,2014-01-30,29,https://i.scdn.co/image/ab67616d0000b2737c340ebefcd7eb82a37cc856,https://i.scdn.co/image/ab67616d00001e027c340ebefcd7eb82a37cc856,5WcGRaGsl0b9sul7jVdDgc,reggae,Don Carlos
2BRztCqE8z7E6G6rWpG50Q,The Early Years,2013-10-02,14,https://i.scdn.co/image/ab67616d0000b273d755ac72f29f087989850545,https://i.scdn.co/image/ab67616d00001e02d755ac72f29f087989850545,5WcGRaGsl0b9sul7jVdDgc,reggae,Don Carlos
47A1S28mO1RWQEeHnmW0Pz,Don Carlos + Sly & Robbie (Live),2013,9,https://i.scdn.co/image/ab67616d0000b2730913d841bf46af9f71c202bb,https://i.scdn.co/image/ab67616d00001e020913d841bf46af9f71c202bb,5WcGRaGsl0b9sul7jVdDgc,reggae,Don Carlos
6jwdbZM63MO3xGRaLLROVI,Sound Box Essentials (Platinum Edition),2012-05-18,13,https://i.scdn.co/image/ab67616d0000b273e1341ee5d4e35e2374f89481,https://i.scdn.co/image/ab67616d00001e02e1341ee5d4e35e2374f89481,5WcGRaGsl0b9sul7jVdDgc,reggae,Don Carlos
4G6CaviHBh8uqeKlWvBz6B,Reggae Icons Boxset Platinum Edition,2012-05-10,45,https://i.scdn.co/image/ab67616d0000b27346c24b2cf81ce6c31207f358,https://i.scdn.co/image/ab67616d00001e0246c24b2cf81ce6c31207f358,5WcGRaGsl0b9sul7jVdDgc,reggae,Don Carlos
5w2UBqpCdO3S4HJNgIDNbv,Reggae Music Never Dies,2025-02-28,10,https://i.scdn.co/image/ab67616d0000b273d9c4eed7e8df424ba5e6f6aa,https://i.scdn.co/image/ab67616d00001e02d9c4eed7e8df424ba5e6f6aa,2Y06xyHPovQ8DWLyVIpSJK,reggae,Israel Vibration
0SMqwCy1xrFY5nNByKIWok,Play It Real,2015-12-04,14,https://i.scdn.co/image/ab67616d0000b2735642b2814b0750362733833b,https://i.scdn.co/image/ab67616d00001e025642b2814b0750362733833b,2Y06xyHPovQ8DWLyVIpSJK,reggae,Israel Vibration
46Ct4kRN1YwJ7NGyBNDAZV,Israel Vibration on the Strength of the Trinity Live 95,2015-06-01,12,https://i.scdn.co/image/ab67616d0000b273d6785dcb5f4a57489abe1eca,https://i.scdn.co/image/ab67616d00001e02d6785dcb5f4a57489abe1eca,2Y06xyHPovQ8DWLyVIpSJK,reggae,Israel Vibration
6o0Q1w66dQuxGN5irjo6UG,Unconquered People,2015-02-27,10,https://i.scdn.co/image/ab67616d0000b2730fe2db4e6a05ec269d50d8e6,https://i.scdn.co/image/ab67616d00001e020fe2db4e6a05ec269d50d8e6,2Y06xyHPovQ8DWLyVIpSJK,reggae,Israel Vibration
7gmxXGdeWxLeryBPEqOK23,Reggae Knights,2010-12-01,14,https://i.scdn.co/image/ab67616d0000b27360bcc6d6ca80d52ce90e95a1,https://i.scdn.co/image/ab67616d00001e0260bcc6d6ca80d52ce90e95a1,2Y06xyHPovQ8DWLyVIpSJK,reggae,Israel Vibration
0KrOVlWOeWwzqieOGLmePf,Stamina,2007-06-01,14,https://i.scdn.co/image/ab67616d0000b2730ea3fdc65f1c7a97a73a94de,https://i.scdn.co/image/ab67616d00001e020ea3fdc65f1c7a97a73a94de,2Y06xyHPovQ8DWLyVIpSJK,reggae,Israel Vibration
569uOmw1u07ydZbWj9X7LQ,Cool and Calm,2005,15,https://i.scdn.co/image/ab67616d0000b273a3e442b7151ccc0e37584aae,https://i.scdn.co/image/ab67616d00001e02a3e442b7151ccc0e37584aae,2Y06xyHPovQ8DWLyVIpSJK,reggae,Israel Vibration
6J14qQebvTgPyMScjwshrP,Vibes of Zion (Live),2002,8,https://i.scdn.co/image/ab67616d0000b273796ade9eab721243cc7425ac,https://i.scdn.co/image/ab67616d00001e02796ade9eab721243cc7425ac,2Y06xyHPovQ8DWLyVIpSJK,reggae,Israel Vibration
7G21a7VOdOTfdFMOyNgHRE,Live Again!,1997-06-24,14,https://i.scdn.co/image/ab67616d0000b273f2a264c163badab30a09ebad,https://i.scdn.co/image/ab67616d00001e02f2a264c163badab30a09ebad,2Y06xyHPovQ8DWLyVIpSJK,reggae,Israel Vibration
0cQ06muRMrxaQZtaMMAvO2,Free to Move,1996-01-01,12,https://i.scdn.co/image/ab67616d0000b273561416713c6c2b6360e900af,https://i.scdn.co/image/ab67616d00001e02561416713c6c2b6360e900af,2Y06xyHPovQ8DWLyVIpSJK,reggae,Israel Vibration
3OksR5symNgdUFeaT36kSm,On the Rock,1995-02-24,12,https://i.scdn.co/image/ab67616d0000b2736fb33e02c0b2a0ad644ed50b,https://i.scdn.co/image/ab67616d00001e026fb33e02c0b2a0ad644ed50b,2Y06xyHPovQ8DWLyVIpSJK,reggae,Israel Vibration
4FQHtgg3Du3Eaq4ppl9ehk,IV,1993-01-01,9,https://i.scdn.co/image/ab67616d0000b2737a38a1f2a4de32dcb3d470e5,https://i.scdn.co/image/ab67616d00001e027a38a1f2a4de32dcb3d470e5,2Y06xyHPovQ8DWLyVIpSJK,reggae,Israel Vibration
4wHHwe4Xjp69i4baq5uD2W,Vibes Alive! (Live in Santa Cruz 1991),1992-04-25,12,https://i.scdn.co/image/ab67616d0000b2738978bcf9886d74ecfc72a72f,https://i.scdn.co/image/ab67616d00001e028978bcf9886d74ecfc72a72f,2Y06xyHPovQ8DWLyVIpSJK,reggae,Israel Vibration
3QMjg0as7BNJKlxyuSHSnW,Forever,1991-09-04,12,https://i.scdn.co/image/ab67616d0000b273c46483d080d10bca42e3af5a,https://i.scdn.co/image/ab67616d00001e02c46483d080d10bca42e3af5a,2Y06xyHPovQ8DWLyVIpSJK,reggae,Israel Vibration
4IrSj4zF1RlodgkiGH19fo,Dub Vibration,1990-01-01,16,https://i.scdn.co/image/ab67616d0000b273d97c86caa2d4f6b1bd0f7c80,https://i.scdn.co/image/ab67616d00001e02d97c86caa2d4f6b1bd0f7c80,2Y06xyHPovQ8DWLyVIpSJK,reggae,Israel Vibration
13KpoKpWFA0U049JGQgIMt,Rappin' With The Ladies (Remastered Edition),2025-04-18,10,https://i.scdn.co/image/ab67616d0000b2734d2a5e74f3d61f7e83fc708c,https://i.scdn.co/image/ab67616d00001e024d2a5e74f3d61f7e83fc708c,3j7Sw80qzL2FJlryUhI3wG,reggae,Shabba Ranks
69stw7RPrOIbfT927Qrk4F,Mr. Maximum (The Remixes),2025-04-11,8,https://i.scdn.co/image/ab67616d0000b273fe9c7c97c3847f53339080a9,https://i.scdn.co/image/ab67616d00001e02fe9c7c97c3847f53339080a9,3j7Sw80qzL2FJlryUhI3wG,reggae,Shabba Ranks
13LIP9MnZ0DR2CWQLGQgp7,Pirates Anthem (2025 Remastered),2025-03-21,12,https://i.scdn.co/image/ab67616d0000b2730d7b4871079d3c94a21ee74a,https://i.scdn.co/image/ab67616d00001e020d7b4871079d3c94a21ee74a,3j7Sw80qzL2FJlryUhI3wG,reggae,Shabba Ranks
045Jcxognz7rXPSfs4hVeU,Golden Touch (2025 Remastered),2025-03-07,11,https://i.scdn.co/image/ab67616d0000b27353feccd259d237f9abdc7d62,https://i.scdn.co/image/ab67616d00001e0253feccd259d237f9abdc7d62,3j7Sw80qzL2FJlryUhI3wG,reggae,Shabba Ranks
2FGOpJp7FPmtwjU94Y0rSb,Holding On,2005,10,https://i.scdn.co/image/ab67616d0000b2738b0cfa44a4e9e89f58b9297d,https://i.scdn.co/image/ab67616d00001e028b0cfa44a4e9e89f58b9297d,3j7Sw80qzL2FJlryUhI3wG,reggae,Shabba Ranks
7sj45FDsjiFAsr97h9zzuq,A Mi Shabba,1995-04-03,12,https://i.scdn.co/image/ab67616d0000b2738c7f8d8a9ebab2a20429976c,https://i.scdn.co/image/ab67616d00001e028c7f8d8a9ebab2a20429976c,3j7Sw80qzL2FJlryUhI3wG,reggae,Shabba Ranks
1D1VCh2Q2m4G0jw7ePnjD9,Two Tough,1992-10-27,12,https://i.scdn.co/image/ab67616d0000b27382f3ef31942c120c4393d4f3,https://i.scdn.co/image/ab67616d00001e0282f3ef31942c120c4393d4f3,3j7Sw80qzL2FJlryUhI3wG,reggae,Shabba Ranks
0pgUsfoBDv2x37BvdyG6wq,X-Tra Naked,1992-09-05,12,https://i.scdn.co/image/ab67616d0000b27338137595c83f6f37364f5a3b,https://i.scdn.co/image/ab67616d00001e0238137595c83f6f37364f5a3b,3j7Sw80qzL2FJlryUhI3wG,reggae,Shabba Ranks
6uvpwPD6J3TZWcxVFdpq2e,Just Reality,1991-07-01,10,https://i.scdn.co/image/ab67616d0000b273091a2ed44dd5cb24f45bd25b,https://i.scdn.co/image/ab67616d00001e02091a2ed44dd5cb24f45bd25b,3j7Sw80qzL2FJlryUhI3wG,reggae,Shabba Ranks
38c3k7SFywqYiaCLkA3pRP,Best Baby Father,1991-07-01,11,https://i.scdn.co/image/ab67616d0000b273eeaaf6b2752c403549dedafb,https://i.scdn.co/image/ab67616d00001e02eeaaf6b2752c403549dedafb,3j7Sw80qzL2FJlryUhI3wG,reggae,Shabba Ranks
1HxUJfLcURpbKxPKpccODC,Golden Touch,1991-06-26,10,https://i.scdn.co/image/ab67616d0000b273d97c2cd898c691df15e39163,https://i.scdn.co/image/ab67616d00001e02d97c2cd898c691df15e39163,3j7Sw80qzL2FJlryUhI3wG,reggae,Shabba Ranks
081kew1uNgwKasN9P58BoG,Golden Touch,1991-06-26,10,https://i.scdn.co/image/ab67616d0000b2735cb77553704f42c6daaa6bc8,https://i.scdn.co/image/ab67616d00001e025cb77553704f42c6daaa6bc8,3j7Sw80qzL2FJlryUhI3wG,reggae,Shabba Ranks
1KpDi7nizptcBm7WrCAWnq,Shabba Ranks and Friends,1991,11,https://i.scdn.co/image/ab67616d0000b273f615507b4b847d5865d8c7ff,https://i.scdn.co/image/ab67616d00001e02f615507b4b847d5865d8c7ff,3j7Sw80qzL2FJlryUhI3wG,reggae,Shabba Ranks
3kiOuajwT3UBDEiVQuw52J,Aufwiederhören,2013-10-11,15,https://i.scdn.co/image/ab67616d0000b273318e1570f02fb70593d6fc98,https://i.scdn.co/image/ab67616d00001e02318e1570f02fb70593d6fc98,1YdrZulwIjwmprgY7sH2d3,reggae,Iriepathie
0lcakbHrxo1ui9aEF92L2K,Runde 3,2010-04-23,14,https://i.scdn.co/image/ab67616d0000b2736dbbfebd732c2e7e3b92a784,https://i.scdn.co/image/ab67616d00001e026dbbfebd732c2e7e3b92a784,1YdrZulwIjwmprgY7sH2d3,reggae,Iriepathie
0gZqyWqMozB0MEnLbBrvaq,45,2007-01-01,14,https://i.scdn.co/image/ab67616d0000b2736a273185e206832839b8b76c,https://i.scdn.co/image/ab67616d00001e026a273185e206832839b8b76c,1YdrZulwIjwmprgY7sH2d3,reggae,Iriepathie
2nRxN8VVwnALKYjmqSyv8C,Reggaestration,2005-01-01,18,https://i.scdn.co/image/ab67616d0000b2730a914d675797e5b766af1e09,https://i.scdn.co/image/ab67616d00001e020a914d675797e5b766af1e09,1YdrZulwIjwmprgY7sH2d3,reggae,Iriepathie
5otwen7lX5TI3TisNxhGs3,Keep Planting Seeds,2014-10-03,14,https://i.scdn.co/image/ab67616d0000b2735d9ac3aea34568a5061b8bd3,https://i.scdn.co/image/ab67616d00001e025d9ac3aea34568a5061b8bd3,5fesJyzdxsc2B7uKXYyz0R,reggae,Martin Zobel
0rIpSLcz9spGiNyQXhDMJI,Land Of The Free,2012-05-18,13,https://i.scdn.co/image/ab67616d0000b273190aa980c5175b66f177238f,https://i.scdn.co/image/ab67616d00001e02190aa980c5175b66f177238f,5fesJyzdxsc2B7uKXYyz0R,reggae,Martin Zobel
5xkrizTu7D0DyvQmqaLDSI,One Future!,2010-04-30,14,https://i.scdn.co/image/ab67616d0000b273585980b5647847a1cd5db3c9,https://i.scdn.co/image/ab67616d00001e02585980b5647847a1cd5db3c9,5fesJyzdxsc2B7uKXYyz0R,reggae,Martin Zobel
5mGx33wjovsItJbOxprFgK,Jah Music,2004-07-10,11,https://i.scdn.co/image/ab67616d0000b273fc9030b2f64065bf242e2683,https://i.scdn.co/image/ab67616d00001e02fc9030b2f64065bf242e2683,5fesJyzdxsc2B7uKXYyz0R,reggae,Martin Zobel
37A8OxnuHRRRd8QJcwzEfg,BORN FOR GREATNESS,2023-09-08,17,https://i.scdn.co/image/ab67616d0000b2737e61ef4fc6c672ac2ee4bc04,https://i.scdn.co/image/ab67616d00001e027e61ef4fc6c672ac2ee4bc04,4wLAjfeqAsV66AocWNcowA,reggae,Buju Banton
62DAjtiLu0pyFbg3yuuuVk,"Penthouse Flashback, Vol. 4",2021-02-01,10,https://i.scdn.co/image/ab67616d0000b273282c29a4820d80aae6e92ae7,https://i.scdn.co/image/ab67616d00001e02282c29a4820d80aae6e92ae7,4wLAjfeqAsV66AocWNcowA,reggae,Buju Banton
5d1oslglfUpEuDRqW4tI3X,"Penthouse Flashback - Buju Banton, Vol. 5",2021-02-01,10,https://i.scdn.co/image/ab67616d0000b273fb5af8ec0360df4ec1c2ea26,https://i.scdn.co/image/ab67616d00001e02fb5af8ec0360df4ec1c2ea26,4wLAjfeqAsV66AocWNcowA,reggae,Buju Banton
44TzM9HNKi898wWhkH8FNu,'Til Shiloh (25th Anniversary Edition),2020-12-18,20,https://i.scdn.co/image/ab67616d0000b27335239296ff09688889c68390,https://i.scdn.co/image/ab67616d00001e0235239296ff09688889c68390,4wLAjfeqAsV66AocWNcowA,reggae,Buju Banton
0gZau2nRsooGhfgul60N4l,Upside Down 2020,2020-06-26,20,https://i.scdn.co/image/ab67616d0000b273646c88e8fa6d20321e02f2e0,https://i.scdn.co/image/ab67616d00001e02646c88e8fa6d20321e02f2e0,4wLAjfeqAsV66AocWNcowA,reggae,Buju Banton
2lGX5Ju1PV3iMjgbQfuOs1,Steppaz Riddim,2020-02-28,11,https://i.scdn.co/image/ab67616d0000b273dfa5d3b970f15896a9dddc4f,https://i.scdn.co/image/ab67616d00001e02dfa5d3b970f15896a9dddc4f,4wLAjfeqAsV66AocWNcowA,reggae,Buju Banton
2EvoIdCQs8yecud2O11H6W,"Reggae Jamdown Triplets - Buju Banton, Elephant Man and Jigsy King",2019-05-10,9,https://i.scdn.co/image/ab67616d0000b273ee5e087a32ee31428f02f099,https://i.scdn.co/image/ab67616d00001e02ee5e087a32ee31428f02f099,4wLAjfeqAsV66AocWNcowA,reggae,Buju Banton
5a01ultA9fPp4EDWirrz9F,Hapilos Collections: Buju Banton,2019-03-15,10,https://i.scdn.co/image/ab67616d0000b2734e7ea53a6025933302a84c13,https://i.scdn.co/image/ab67616d00001e024e7ea53a6025933302a84c13,4wLAjfeqAsV66AocWNcowA,reggae,Buju Banton
3x24N61gArmLKWhlqm08Yt,Dancehall: Buju Banton,2018-11-23,16,https://i.scdn.co/image/ab67616d0000b273117d8b09cbe33321a962c966,https://i.scdn.co/image/ab67616d00001e02117d8b09cbe33321a962c966,4wLAjfeqAsV66AocWNcowA,reggae,Buju Banton
1jK9Kh2x66s2Mf2Oo73v6x,Sons Of Jamaica,2015-11-06,13,https://i.scdn.co/image/ab67616d0000b273616d40f5312c80043fded898,https://i.scdn.co/image/ab67616d00001e02616d40f5312c80043fded898,4wLAjfeqAsV66AocWNcowA,reggae,Buju Banton
38F9U3skky6WO2xBeKSjME,"Penthouse Flashback Series: Buju Banton, Vol. 2",2013-07-29,15,https://i.scdn.co/image/ab67616d0000b2733120aca26dcc528928ef34ec,https://i.scdn.co/image/ab67616d00001e023120aca26dcc528928ef34ec,4wLAjfeqAsV66AocWNcowA,reggae,Buju Banton
7DmZWixtCIvgJdzyvZTEu4,"Penthouse Flashback Series: Buju Banton, Vol. 1",2013-07-29,15,https://i.scdn.co/image/ab67616d0000b273d257a1c6cb5e470bf65a1119,https://i.scdn.co/image/ab67616d00001e02d257a1c6cb5e470bf65a1119,4wLAjfeqAsV66AocWNcowA,reggae,Buju Banton
09BZyH3s0PJbaQKEXk46OU,Penthouse Flashback Series: Beres & Buju,2013-02-02,10,https://i.scdn.co/image/ab67616d0000b273ee02c404f9c7c65344b90289,https://i.scdn.co/image/ab67616d00001e02ee02c404f9c7c65344b90289,4wLAjfeqAsV66AocWNcowA,reggae,Buju Banton
6euvQ7SVxZ3ku3BI7awq3y,"The Early Years Vol. 2 - ""The Reality of Life""",2012-08-13,15,https://i.scdn.co/image/ab67616d0000b273a13acb1619a4117b657ca7f1,https://i.scdn.co/image/ab67616d00001e02a13acb1619a4117b657ca7f1,4wLAjfeqAsV66AocWNcowA,reggae,Buju Banton
2xV5VH34Y2v2YPoinzCeyT,5 Decades of Jamaica's Musical Heritage,2012-08-12,33,https://i.scdn.co/image/ab67616d0000b2739311d076fcdbabbf9a31a6d9,https://i.scdn.co/image/ab67616d00001e029311d076fcdbabbf9a31a6d9,4wLAjfeqAsV66AocWNcowA,reggae,Buju Banton
1s9T9zrh2T1AV1fkxO7EZH,The Homeland,2023-04-21,21,https://i.scdn.co/image/ab67616d0000b2730f88f3e3c5e855351071bfd1,https://i.scdn.co/image/ab67616d00001e020f88f3e3c5e855351071bfd1,3VV18HyGcfLTqNjSjbROA1,reggae,Morgan Heritage
6XYeJBAB7Vu0TAT3sI1zRq,Legacy,2021-05-28,35,https://i.scdn.co/image/ab67616d0000b273062481b4831e5295f2df2752,https://i.scdn.co/image/ab67616d00001e02062481b4831e5295f2df2752,3VV18HyGcfLTqNjSjbROA1,reggae,Morgan Heritage
1U5slaOntcJNUCYvRLOvZO,Avrakedabra,2020-05-19,15,https://i.scdn.co/image/ab67616d0000b2737c819a1459e35f46eb5e0f4e,https://i.scdn.co/image/ab67616d00001e027c819a1459e35f46eb5e0f4e,3VV18HyGcfLTqNjSjbROA1,reggae,Morgan Heritage
7tRcbEiCTMaWUcH9mLKRZR,Penthouse Flashback: Morgan Heritage,2019-10-01,10,https://i.scdn.co/image/ab67616d0000b2731720fce0a64ce552591f9b4a,https://i.scdn.co/image/ab67616d00001e021720fce0a64ce552591f9b4a,3VV18HyGcfLTqNjSjbROA1,reggae,Morgan Heritage
3jxraBzHEhpHj9qETZSPmE,Loyalty,2019-08-02,16,https://i.scdn.co/image/ab67616d0000b273284fb97f2cd41b0889804edc,https://i.scdn.co/image/ab67616d00001e02284fb97f2cd41b0889804edc,3VV18HyGcfLTqNjSjbROA1,reggae,Morgan Heritage
0EIXc1Tel5YgccztKXCaLe,Strictly Roots (Deluxe Edition),2016-12-09,20,https://i.scdn.co/image/ab67616d0000b27336195c10ebc58ec5ba183b01,https://i.scdn.co/image/ab67616d00001e0236195c10ebc58ec5ba183b01,3VV18HyGcfLTqNjSjbROA1,reggae,Morgan Heritage
1sGZo5enDtx49jWHRrVgXu,Live in Amsterdam 2003,2016-06-21,14,https://i.scdn.co/image/ab67616d0000b273834efda699f960cc7d055c15,https://i.scdn.co/image/ab67616d00001e02834efda699f960cc7d055c15,3VV18HyGcfLTqNjSjbROA1,reggae,Morgan Heritage
7mWbD91KCO9KGGygDMuBpX,Strictly Roots,2015-04-20,13,https://i.scdn.co/image/ab67616d0000b2735344857ac21406d7d9670025,https://i.scdn.co/image/ab67616d00001e025344857ac21406d7d9670025,3VV18HyGcfLTqNjSjbROA1,reggae,Morgan Heritage
5gmkk7bnvaOhr0I5KYuxnC,Here Comes The Kings,2013-05-31,12,https://i.scdn.co/image/ab67616d0000b2734da6b66e4ae3af66f7ee91d9,https://i.scdn.co/image/ab67616d00001e024da6b66e4ae3af66f7ee91d9,3VV18HyGcfLTqNjSjbROA1,reggae,Morgan Heritage
0XPSPS5hGn40SHymecrsPz,Morgan Heritage Family and Friends Vol 3.,2009-08-17,15,https://i.scdn.co/image/ab67616d0000b273aee654e9bbd117f451b9fff9,https://i.scdn.co/image/ab67616d00001e02aee654e9bbd117f451b9fff9,3VV18HyGcfLTqNjSjbROA1,reggae,Morgan Heritage
4Airn7Ncqp6dgWiSlX3Uyq,Morgan Heritage Live in Europe,2009-03-30,14,https://i.scdn.co/image/ab67616d0000b273b5c4d2660bcd0faacbb33506,https://i.scdn.co/image/ab67616d00001e02b5c4d2660bcd0faacbb33506,3VV18HyGcfLTqNjSjbROA1,reggae,Morgan Heritage
5uADwPDtickuwbiUOBtZK6,Mission In Progress,2008-04-15,14,https://i.scdn.co/image/ab67616d0000b273b3d31e3ad014c798577b9bb9,https://i.scdn.co/image/ab67616d00001e02b3d31e3ad014c798577b9bb9,3VV18HyGcfLTqNjSjbROA1,reggae,Morgan Heritage
3QvNoRVmaNzOP8TjQiEVMz,The Journey Thus Far,2007-12-11,18,https://i.scdn.co/image/ab67616d0000b273ccc7aea9fe37a5c941bb034f,https://i.scdn.co/image/ab67616d00001e02ccc7aea9fe37a5c941bb034f,3VV18HyGcfLTqNjSjbROA1,reggae,Morgan Heritage
63or30ej8bOYnaiJzioYqo,Protect Us Jah,2007-12-11,15,https://i.scdn.co/image/ab67616d0000b273efb7e153c344782d0561faaa,https://i.scdn.co/image/ab67616d00001e02efb7e153c344782d0561faaa,3VV18HyGcfLTqNjSjbROA1,reggae,Morgan Heritage
424tYuS8J21OKF6lAPQBDa,More Teachings,2007-10-16,18,https://i.scdn.co/image/ab67616d0000b273c3b51ad82091d93a3b2091a3,https://i.scdn.co/image/ab67616d00001e02c3b51ad82091d93a3b2091a3,3VV18HyGcfLTqNjSjbROA1,reggae,Morgan Heritage
5rCEwuJmLCCXSz5bagqL0C,Live in the Shade,2021-11-10,14,https://i.scdn.co/image/ab67616d0000b273fb51f8394dbb8c66bce83cf9,https://i.scdn.co/image/ab67616d00001e02fb51f8394dbb8c66bce83cf9,6qfKnsgz1CwyqA7lTdieRJ,reggae,Third World
1CClolDogABEYsOVCEGYYj,More Work to Be Done,2019-08-16,11,https://i.scdn.co/image/ab67616d0000b27328d53909d501d547c7d0cf77,https://i.scdn.co/image/ab67616d00001e0228d53909d501d547c7d0cf77,6qfKnsgz1CwyqA7lTdieRJ,reggae,Third World
2GAWpDeYt5kmpn8OJ3A4jw,"Live At Paul's Mall: Summer, 1976",2017-11-17,8,https://i.scdn.co/image/ab67616d0000b2732666db46fff3fd5818a458e1,https://i.scdn.co/image/ab67616d00001e022666db46fff3fd5818a458e1,6qfKnsgz1CwyqA7lTdieRJ,reggae,Third World
0VT3fAM04jB3nCR3rLuYCk,Under the Magic Sun,2014-06-10,14,https://i.scdn.co/image/ab67616d0000b273f734644467e1f900c66b6e0b,https://i.scdn.co/image/ab67616d00001e02f734644467e1f900c66b6e0b,6qfKnsgz1CwyqA7lTdieRJ,reggae,Third World
4P0deMCvQm7mXiay5Wslp7,Patriots,2011-10-11,13,https://i.scdn.co/image/ab67616d0000b273285bf10b0def4d1dde793ab2,https://i.scdn.co/image/ab67616d00001e02285bf10b0def4d1dde793ab2,6qfKnsgz1CwyqA7lTdieRJ,reggae,Third World
33RgJ3F3dwKQeplhUboBDp,"Black, Gold, Green",2005-06-20,13,https://i.scdn.co/image/ab67616d0000b27390e061718e707e971c74b454,https://i.scdn.co/image/ab67616d00001e0290e061718e707e971c74b454,6qfKnsgz1CwyqA7lTdieRJ,reggae,Third World
3nIbh9CrzMTYuqXmC2BZSY,Ain't Givin ' Up,2003-05-06,14,https://i.scdn.co/image/ab67616d0000b273db667c8f2259ddb71ace7381,https://i.scdn.co/image/ab67616d00001e02db667c8f2259ddb71ace7381,6qfKnsgz1CwyqA7lTdieRJ,reggae,Third World
2QML6CksOvb8U9uKow63fy,Third World Live,2001,23,https://i.scdn.co/image/ab67616d0000b27312d93ac5e9be355927d4fbc7,https://i.scdn.co/image/ab67616d00001e0212d93ac5e9be355927d4fbc7,6qfKnsgz1CwyqA7lTdieRJ,reggae,Third World
116jxyxBO4bxzBHOYTMJVk,25th Anniversary,2001,15,https://i.scdn.co/image/ab67616d0000b273d7668d3d6c0c2083e4e16776,https://i.scdn.co/image/ab67616d00001e02d7668d3d6c0c2083e4e16776,6qfKnsgz1CwyqA7lTdieRJ,reggae,Third World
66JgXVu0AmcDnF3mCgf6Nd,The Story's Been Told,1999-01-01,7,https://i.scdn.co/image/ab67616d0000b273a1971f836231057613ffce79,https://i.scdn.co/image/ab67616d00001e02a1971f836231057613ffce79,6qfKnsgz1CwyqA7lTdieRJ,reggae,Third World
0VtZ8Arkgt55ttxXbaNWzi,Arise In Harmony,1999-01-01,11,https://i.scdn.co/image/ab67616d0000b27346f7d4daf8965e42d047242e,https://i.scdn.co/image/ab67616d00001e0246f7d4daf8965e42d047242e,6qfKnsgz1CwyqA7lTdieRJ,reggae,Third World
4pywjOUh4t2m2QvMV8KRw1,Live It Up,1996-10-28,12,https://i.scdn.co/image/ab67616d0000b2737b0a187fd6f539b438a24ac9,https://i.scdn.co/image/ab67616d00001e027b0a187fd6f539b438a24ac9,6qfKnsgz1CwyqA7lTdieRJ,reggae,Third World
2rMm6iVzOOhQfF2swXVfbm,Committed,1992-01-01,11,https://i.scdn.co/image/ab67616d0000b273cf64f588729a13e07f05c86e,https://i.scdn.co/image/ab67616d00001e02cf64f588729a13e07f05c86e,6qfKnsgz1CwyqA7lTdieRJ,reggae,Third World
5eHqBPm3DnBWzViZk84GGY,Serious Business,1989-05-30,13,https://i.scdn.co/image/ab67616d0000b27343262f0e3e094443a23cbc41,https://i.scdn.co/image/ab67616d00001e0243262f0e3e094443a23cbc41,6qfKnsgz1CwyqA7lTdieRJ,reggae,Third World
3quL23Orq0zQnQpJvuISnn,Prisoner In The Street (Live),1980-01-01,8,https://i.scdn.co/image/ab67616d0000b2737d6b9ea63387ea5d0f7e752a,https://i.scdn.co/image/ab67616d00001e027d6b9ea63387ea5d0f7e752a,6qfKnsgz1CwyqA7lTdieRJ,reggae,Third World
2GROf0WKoP5Er2M9RXVNNs,The Car,2022-10-21,10,https://i.scdn.co/image/ab67616d0000b27307823ee6237208c835802663,https://i.scdn.co/image/ab67616d00001e0207823ee6237208c835802663,7Ln80lUS6He07XvHI8qqHH,indie_rock,Arctic Monkeys
7Heaa0B4KOxdWhSICTR2wE,Live at the Royal Albert Hall,2020-12-04,20,https://i.scdn.co/image/ab67616d0000b273380fbefcd8f05250af8755ef,https://i.scdn.co/image/ab67616d00001e02380fbefcd8f05250af8755ef,7Ln80lUS6He07XvHI8qqHH,indie_rock,Arctic Monkeys
7v6FNgLDS8KmaWA1amUtqe,Tranquility Base Hotel & Casino,2018-05-10,11,https://i.scdn.co/image/ab67616d0000b2738895ff0f90525f4aa9437c27,https://i.scdn.co/image/ab67616d00001e028895ff0f90525f4aa9437c27,7Ln80lUS6He07XvHI8qqHH,indie_rock,Arctic Monkeys
78bpIziExqiI9qztvNFlQu,AM,2013-09-09,12,https://i.scdn.co/image/ab67616d0000b2734ae1c4c5c45aabe565499163,https://i.scdn.co/image/ab67616d00001e024ae1c4c5c45aabe565499163,7Ln80lUS6He07XvHI8qqHH,indie_rock,Arctic Monkeys
2ym2jcqckXqWeTDoxz3Kst,Suck It and See,2011-06-06,12,https://i.scdn.co/image/ab67616d0000b273cb44038b22f3d8a5e4e62d5a,https://i.scdn.co/image/ab67616d00001e02cb44038b22f3d8a5e4e62d5a,7Ln80lUS6He07XvHI8qqHH,indie_rock,Arctic Monkeys
5IEoiwkThhRmSMBANhpxl2,Humbug,2009-08-20,10,https://i.scdn.co/image/ab67616d0000b273f65d720a5d70dbb93e96d528,https://i.scdn.co/image/ab67616d00001e02f65d720a5d70dbb93e96d528,7Ln80lUS6He07XvHI8qqHH,indie_rock,Arctic Monkeys
1XkGORuUX2QGOEIL4EbJKm,Favourite Worst Nightmare,2007-04-22,12,https://i.scdn.co/image/ab67616d0000b273b1f8da74f225fa1225cdface,https://i.scdn.co/image/ab67616d00001e02b1f8da74f225fa1225cdface,7Ln80lUS6He07XvHI8qqHH,indie_rock,Arctic Monkeys
50Zz8CkIhATKUlQMbHO3k1,"Whatever People Say I Am, That's What I'm Not",2006-01-29,13,https://i.scdn.co/image/ab67616d0000b2736b3fa88bdd4af566fbbf2bbf,https://i.scdn.co/image/ab67616d00001e026b3fa88bdd4af566fbbf2bbf,7Ln80lUS6He07XvHI8qqHH,indie_rock,Arctic Monkeys
2xkZV2Hl1Omi8rk2D7t5lN,The New Abnormal,2020-04-10,9,https://i.scdn.co/image/ab67616d0000b273e3f1ba3de4659708c25d0f39,https://i.scdn.co/image/ab67616d00001e02e3f1ba3de4659708c25d0f39,0epOFNiUfyON9EYx7Tpr6V,indie_rock,The Strokes
4WnkQO4xD9ljQooB3VIxCV,Comedown Machine,2013-03-25,11,https://i.scdn.co/image/ab67616d0000b273f07ef193e0bb6a238ea37f0a,https://i.scdn.co/image/ab67616d00001e02f07ef193e0bb6a238ea37f0a,0epOFNiUfyON9EYx7Tpr6V,indie_rock,The Strokes
6Jx4cGhWHewTcfKDJKguBQ,Angles,2011-03-21,10,https://i.scdn.co/image/ab67616d0000b273397d02cfe1aab2923f9d1697,https://i.scdn.co/image/ab67616d00001e02397d02cfe1aab2923f9d1697,0epOFNiUfyON9EYx7Tpr6V,indie_rock,The Strokes
1HQ61my1h3VWp2EBWKlp0n,First Impressions Of Earth,2006-01-03,14,https://i.scdn.co/image/ab67616d0000b2736898a982ff3c6049ba52586c,https://i.scdn.co/image/ab67616d00001e026898a982ff3c6049ba52586c,0epOFNiUfyON9EYx7Tpr6V,indie_rock,The Strokes
3HFbH1loOUbqCyPsLuHLLh,Room On Fire,2003-10-28,11,https://i.scdn.co/image/ab67616d0000b2730f35726025e0f025da4c688f,https://i.scdn.co/image/ab67616d00001e020f35726025e0f025da4c688f,0epOFNiUfyON9EYx7Tpr6V,indie_rock,The Strokes
2yNaksHgeMQM9Quse463b5,Is This It,2001-07-30,11,https://i.scdn.co/image/ab67616d0000b273a388a3f20d1bf2123249cc79,https://i.scdn.co/image/ab67616d00001e02a388a3f20d1bf2123249cc79,0epOFNiUfyON9EYx7Tpr6V,indie_rock,The Strokes
44yqXTltG5QhAnK1Myyz6G,Open Your Heart or Die Trying,2026-05-01,8,https://i.scdn.co/image/ab67616d0000b273d558d7b4b4b63716507712eb,https://i.scdn.co/image/ab67616d00001e02d558d7b4b4b63716507712eb,3kjuyTCjPG1WMFCiyc5IuB,indie_rock,Arcade Fire
5qLTlCTZvN24Fm1nqd7XCV,Pink Elephant,2025-05-09,10,https://i.scdn.co/image/ab67616d0000b273f71e215b9898006ab559d152,https://i.scdn.co/image/ab67616d00001e02f71e215b9898006ab559d152,3kjuyTCjPG1WMFCiyc5IuB,indie_rock,Arcade Fire
2sAePf08xIp4tnDlMUCV8B,WE,2022-05-06,10,https://i.scdn.co/image/ab67616d0000b2734c32fcf04f4469aacb036ae5,https://i.scdn.co/image/ab67616d00001e024c32fcf04f4469aacb036ae5,3kjuyTCjPG1WMFCiyc5IuB,indie_rock,Arcade Fire
7xBJ2XXlDFfACXAnOE86t8,Her (Original Score),2021-03-19,13,https://i.scdn.co/image/ab67616d0000b273af23c77b4a5e51a1944f262d,https://i.scdn.co/image/ab67616d00001e02af23c77b4a5e51a1944f262d,3kjuyTCjPG1WMFCiyc5IuB,indie_rock,Arcade Fire
1DNojVW079FU9YnAMk3Cgr,Everything Now,2017-07-28,13,https://i.scdn.co/image/ab67616d0000b273e4cbfd77ad5036667c446dbe,https://i.scdn.co/image/ab67616d00001e02e4cbfd77ad5036667c446dbe,3kjuyTCjPG1WMFCiyc5IuB,indie_rock,Arcade Fire
2brwuyGZ2lLqWnBX6U4MQT,Reflektor,2013,13,https://i.scdn.co/image/ab67616d0000b2732b0c88ad3d7be225c955e08c,https://i.scdn.co/image/ab67616d00001e022b0c88ad3d7be225c955e08c,3kjuyTCjPG1WMFCiyc5IuB,indie_rock,Arcade Fire
3DrgM5X3yX1JP1liNLAOHI,The Suburbs,2010-08-02,16,https://i.scdn.co/image/ab67616d0000b273532391d63cfd6d32677f7af6,https://i.scdn.co/image/ab67616d00001e02532391d63cfd6d32677f7af6,3kjuyTCjPG1WMFCiyc5IuB,indie_rock,Arcade Fire
0gkUcpkyW2SXN49Yktkf6F,The Suburbs (Deluxe),2010-07-01,18,https://i.scdn.co/image/ab67616d0000b2731d6b4b0418200b6324734062,https://i.scdn.co/image/ab67616d00001e021d6b4b0418200b6324734062,3kjuyTCjPG1WMFCiyc5IuB,indie_rock,Arcade Fire
4GT6uZod4p5RiDMOVHOMme,Neon Bible,2007,11,https://i.scdn.co/image/ab67616d0000b2739e0e42aa866e5fa167b19608,https://i.scdn.co/image/ab67616d00001e029e0e42aa866e5fa167b19608,3kjuyTCjPG1WMFCiyc5IuB,indie_rock,Arcade Fire
6ZB8qaR9JNuS0Q0bG1nbcH,Funeral,2004-06-16,10,https://i.scdn.co/image/ab67616d0000b2737870762a58313ad6f981d664,https://i.scdn.co/image/ab67616d00001e027870762a58313ad6f981d664,3kjuyTCjPG1WMFCiyc5IuB,indie_rock,Arcade Fire
1W04wu2W4OIcuiNc5AMB3y,Only God Was Above Us,2024-04-05,10,https://i.scdn.co/image/ab67616d0000b2734eb80469be3cfbbd3471081d,https://i.scdn.co/image/ab67616d00001e024eb80469be3cfbbd3471081d,5BvJzeQpmsdsFp4HGUYUEx,indie_rock,Vampire Weekend
1A3nVEWRJ8yvlPzawHI1pQ,Father of the Bride,2019-05-03,18,https://i.scdn.co/image/ab67616d0000b273a2b1d3e73c66663c01351bcf,https://i.scdn.co/image/ab67616d00001e02a2b1d3e73c66663c01351bcf,5BvJzeQpmsdsFp4HGUYUEx,indie_rock,Vampire Weekend
1GXMNFfoHF4sN7lG8gZq1j,Modern Vampires of the City,2013-05-13,12,https://i.scdn.co/image/ab67616d0000b273bd5bca5a45474d8dc1e26588,https://i.scdn.co/image/ab67616d00001e02bd5bca5a45474d8dc1e26588,5BvJzeQpmsdsFp4HGUYUEx,indie_rock,Vampire Weekend
2zcMgU6PAlLUDQMqZcxxUU,Contra,2010-01-11,10,https://i.scdn.co/image/ab67616d0000b2736bdee14b4a54781336e9ea07,https://i.scdn.co/image/ab67616d00001e026bdee14b4a54781336e9ea07,5BvJzeQpmsdsFp4HGUYUEx,indie_rock,Vampire Weekend
5fedTyx7AnXeyxLL0giq6x,Vampire Weekend,2008-01-27,11,https://i.scdn.co/image/ab67616d0000b2737749a08ddab9edbe427e9876,https://i.scdn.co/image/ab67616d00001e027749a08ddab9edbe427e9876,5BvJzeQpmsdsFp4HGUYUEx,indie_rock,Vampire Weekend
5WulAOx9ilWy1h8UGZ1gkI,Deadbeat,2025-10-17,12,https://i.scdn.co/image/ab67616d0000b273208500450dcd0fd294d7bd3b,https://i.scdn.co/image/ab67616d00001e02208500450dcd0fd294d7bd3b,5INjqkS1o8h1imAzPqGZBb,indie_rock,Tame Impala
31qVWUdRrlb8thMvts0yYL,The Slow Rush,2020-02-14,12,https://i.scdn.co/image/ab67616d0000b27358267bd34420a00d5cf83a49,https://i.scdn.co/image/ab67616d00001e0258267bd34420a00d5cf83a49,5INjqkS1o8h1imAzPqGZBb,indie_rock,Tame Impala
79dL7FLiJFOO0EoehUHQBv,Currents,2015-07-17,13,https://i.scdn.co/image/ab67616d0000b2739e1cfc756886ac782e363d79,https://i.scdn.co/image/ab67616d00001e029e1cfc756886ac782e363d79,5INjqkS1o8h1imAzPqGZBb,indie_rock,Tame Impala
44RrnCW7pMIEiiAR3LIAVL,Live Versions,2014-05-16,9,https://i.scdn.co/image/ab67616d0000b2735ffecc5ae83629c80685c6c5,https://i.scdn.co/image/ab67616d00001e025ffecc5ae83629c80685c6c5,5INjqkS1o8h1imAzPqGZBb,indie_rock,Tame Impala
3C2MFZ2iHotUQOSBzdSvM7,Lonerism,2012-01-01,12,https://i.scdn.co/image/ab67616d0000b273370c12f82872c9cfaee80193,https://i.scdn.co/image/ab67616d00001e02370c12f82872c9cfaee80193,5INjqkS1o8h1imAzPqGZBb,indie_rock,Tame Impala
1DNSmmRLfv97Yjq7MTFWng,InnerSpeaker,2010-05-21,11,https://i.scdn.co/image/ab67616d0000b273176e82d09ac75d62810f0056,https://i.scdn.co/image/ab67616d00001e02176e82d09ac75d62810f0056,5INjqkS1o8h1imAzPqGZBb,indie_rock,Tame Impala
4shtY07GMKUL0FJhctApwo,Good News For People Who Love Bad News: 20th Anniversary Expanded Edition,2024-04-05,24,https://i.scdn.co/image/ab67616d0000b27304abc01355169db85d2cdf9b,https://i.scdn.co/image/ab67616d00001e0204abc01355169db85d2cdf9b,1yAwtBaoHLEDWAnWR87hBT,indie_rock,Modest Mouse
0hnwu9WUcXrL23w5WPrbOX,The Golden Casket,2021-06-25,12,https://i.scdn.co/image/ab67616d0000b27370614dfe18e32bbbb1eb4353,https://i.scdn.co/image/ab67616d00001e0270614dfe18e32bbbb1eb4353,1yAwtBaoHLEDWAnWR87hBT,indie_rock,Modest Mouse
6iKqPv9C5oU29LR82N8lJf,Strangers to Ourselves,2015-03-13,15,https://i.scdn.co/image/ab67616d0000b27313b01fec08da6d51ad647706,https://i.scdn.co/image/ab67616d00001e0213b01fec08da6d51ad647706,1yAwtBaoHLEDWAnWR87hBT,indie_rock,Modest Mouse
2lXBCL76UL5PCPbfAqKBkz,We Were Dead Before The Ship Even Sank,2007-03-20,14,https://i.scdn.co/image/ab67616d0000b273ed8a70a92499e619895646e8,https://i.scdn.co/image/ab67616d00001e02ed8a70a92499e619895646e8,1yAwtBaoHLEDWAnWR87hBT,indie_rock,Modest Mouse
1jSTXHarvMPAUDuNCC8B9H,Baron Von Bullshit Rides Again,2004-04-06,10,https://i.scdn.co/image/ab67616d0000b273bca897e548afce575f1660fc,https://i.scdn.co/image/ab67616d00001e02bca897e548afce575f1660fc,1yAwtBaoHLEDWAnWR87hBT,indie_rock,Modest Mouse
0TGTGuc2vXv6ZECoAf52N0,Good News For People Who Love Bad News,2004-04-05,16,https://i.scdn.co/image/ab67616d0000b273cc68329bfbf34037df965dc1,https://i.scdn.co/image/ab67616d00001e02cc68329bfbf34037df965dc1,1yAwtBaoHLEDWAnWR87hBT,indie_rock,Modest Mouse
30BLhkeaIgQ9EdvxnocCB6,Sad Sappy Sucker,2001-04-24,24,https://i.scdn.co/image/ab67616d0000b273f70395784775be1d949a1808,https://i.scdn.co/image/ab67616d00001e02f70395784775be1d949a1808,1yAwtBaoHLEDWAnWR87hBT,indie_rock,Modest Mouse
5SbcupirEParczvqqyUPXL,The Moon & Antarctica,2000-06-13,15,https://i.scdn.co/image/ab67616d0000b2738f7128431367ce70f773651c,https://i.scdn.co/image/ab67616d00001e028f7128431367ce70f773651c,1yAwtBaoHLEDWAnWR87hBT,indie_rock,Modest Mouse
5mvHTVy1iUIkAflIufoOpj,The Lonesome Crowded West,1997-11-18,15,https://i.scdn.co/image/ab67616d0000b2736d36f5f881bb591a529e259b,https://i.scdn.co/image/ab67616d00001e026d36f5f881bb591a529e259b,1yAwtBaoHLEDWAnWR87hBT,indie_rock,Modest Mouse
3PTktNuj2FItJr8afuiieo,This Is a Long Drive for Someone with Nothing to Think About,1996-04-16,16,https://i.scdn.co/image/ab67616d0000b273384c4e86d7001ca9f10808db,https://i.scdn.co/image/ab67616d00001e02384c4e86d7001ca9f10808db,1yAwtBaoHLEDWAnWR87hBT,indie_rock,Modest Mouse
62TcfUc3NeWjLLxXM9x6H6,Rome (Full Concert),2025-12-13,26,https://i.scdn.co/image/ab67616d0000b273e440453acbad7c0d883da86a,https://i.scdn.co/image/ab67616d00001e02e440453acbad7c0d883da86a,2cCUtGK9sDU2EoElnk0GNB,indie_rock,The National
7re8T0K3s8v3S3xeiQcOYi,Laugh Track,2023-09-18,12,https://i.scdn.co/image/ab67616d0000b2738b7be5c3be9da20db869abe0,https://i.scdn.co/image/ab67616d00001e028b7be5c3be9da20db869abe0,2cCUtGK9sDU2EoElnk0GNB,indie_rock,The National
5Mc6uebYtKnRc5I7bjlNB6,First Two Pages of Frankenstein,2023-04-28,11,https://i.scdn.co/image/ab67616d0000b273364c819937072957a9220847,https://i.scdn.co/image/ab67616d00001e02364c819937072957a9220847,2cCUtGK9sDU2EoElnk0GNB,indie_rock,The National
5M5LPGsAR9mxbBa22GOp5h,I Am Easy to Find,2019-05-17,16,https://i.scdn.co/image/ab67616d0000b273d68c23912ff2b475fd7bccad,https://i.scdn.co/image/ab67616d00001e02d68c23912ff2b475fd7bccad,2cCUtGK9sDU2EoElnk0GNB,indie_rock,The National
2qkziMtty89VX13g27aIFL,Boxer (Live in Brussels),2018-07-13,12,https://i.scdn.co/image/ab67616d0000b273091f826e35525a92b4d6f1e8,https://i.scdn.co/image/ab67616d00001e02091f826e35525a92b4d6f1e8,2cCUtGK9sDU2EoElnk0GNB,indie_rock,The National
2lsM7Py65EOtlq8BgwkXCS,Sleep Well Beast,2017-09-08,12,https://i.scdn.co/image/ab67616d0000b273356f07443b14745c32e48c5b,https://i.scdn.co/image/ab67616d00001e02356f07443b14745c32e48c5b,2cCUtGK9sDU2EoElnk0GNB,indie_rock,The National
4OI9hKTm1QMRQunqHCfSSL,Trouble Will Find Me,2013-05-20,13,https://i.scdn.co/image/ab67616d0000b273a970b73f34155a90e04d6414,https://i.scdn.co/image/ab67616d00001e02a970b73f34155a90e04d6414,2cCUtGK9sDU2EoElnk0GNB,indie_rock,The National
0ZHwBlV4OAweXWwbUemkmT,High Violet (Expanded Edition),2010-11-22,19,https://i.scdn.co/image/ab67616d0000b273abf160e7b6866363772ab413,https://i.scdn.co/image/ab67616d00001e02abf160e7b6866363772ab413,2cCUtGK9sDU2EoElnk0GNB,indie_rock,The National
4vBvnlmaiyoEf04hLe5SLo,High Violet,2010-05-10,11,https://i.scdn.co/image/ab67616d0000b2734fb2bd6896a902c5432a6de5,https://i.scdn.co/image/ab67616d00001e024fb2bd6896a902c5432a6de5,2cCUtGK9sDU2EoElnk0GNB,indie_rock,The National
3Td1c2eAXaFzU4F8QCbFbp,Boxer,2007-05-21,12,https://i.scdn.co/image/ab67616d0000b273c7a2d8675f75bc64fbf137d2,https://i.scdn.co/image/ab67616d00001e02c7a2d8675f75bc64fbf137d2,2cCUtGK9sDU2EoElnk0GNB,indie_rock,The National
3Dyqes0WX7jN0kSVwoOhKs,Alligator,2005-04-11,13,https://i.scdn.co/image/ab67616d0000b27343b87cdc8aad81bb125b7f40,https://i.scdn.co/image/ab67616d00001e0243b87cdc8aad81bb125b7f40,2cCUtGK9sDU2EoElnk0GNB,indie_rock,The National
1ajnGNtwwT0jwpOhDWHZzt,Sad Songs for Dirty Lovers (2021 Remaster),2003-09-02,12,https://i.scdn.co/image/ab67616d0000b27385f2d42e9eace8344e413a9d,https://i.scdn.co/image/ab67616d00001e0285f2d42e9eace8344e413a9d,2cCUtGK9sDU2EoElnk0GNB,indie_rock,The National
2GXoU6gpOlx1oZ0DkNgrUM,Sad Songs for Dirty Lovers,2003-09-02,12,https://i.scdn.co/image/ab67616d0000b273ae8a73fbd72fa4fa654ab5de,https://i.scdn.co/image/ab67616d00001e02ae8a73fbd72fa4fa654ab5de,2cCUtGK9sDU2EoElnk0GNB,indie_rock,The National
5VndZ1dWP9h0mmUl1Pslq4,The National,2001-07-03,12,https://i.scdn.co/image/ab67616d0000b273c0ffa34b703bbfd20514b043,https://i.scdn.co/image/ab67616d00001e02c0ffa34b703bbfd20514b043,2cCUtGK9sDU2EoElnk0GNB,indie_rock,The National
68NmQ5XgjHsKYcJZJKkvSp,The National (2021 Remaster),2001-07-02,12,https://i.scdn.co/image/ab67616d0000b27375ec768b79fac3216029077f,https://i.scdn.co/image/ab67616d00001e0275ec768b79fac3216029077f,2cCUtGK9sDU2EoElnk0GNB,indie_rock,The National
2tV8MeptqoxJcuwQbh6Khr,VOLUMES: ONE (SELECTIONS FROM MUSIC CONCERTS 2019-2023 BON IVER 6 PIECE BAND),2026-04-03,11,https://i.scdn.co/image/ab67616d0000b2738a0df30152364ff0767ac58c,https://i.scdn.co/image/ab67616d00001e028a0df30152364ff0767ac58c,4LEiUm1SRbFMgfqnQTwUbQ,indie_rock,Bon Iver
3L3UjpXtom6T0Plt1j6l1T,"SABLE, fABLE",2025-04-11,13,https://i.scdn.co/image/ab67616d0000b27330d93b9cce660d4f56770efb,https://i.scdn.co/image/ab67616d00001e0230d93b9cce660d4f56770efb,4LEiUm1SRbFMgfqnQTwUbQ,indie_rock,Bon Iver
0aldG5AoqOUDkEbsGtI9TW,"i,i",2019-08-09,13,https://i.scdn.co/image/ab67616d0000b273a890863cc3537392e050e8db,https://i.scdn.co/image/ab67616d00001e02a890863cc3537392e050e8db,4LEiUm1SRbFMgfqnQTwUbQ,indie_rock,Bon Iver
4bJCKmpKgti10f3ltz6LLl,"22, A Million",2016-09-30,10,https://i.scdn.co/image/ab67616d0000b27326a351da1ea9d77a1b45dc6b,https://i.scdn.co/image/ab67616d00001e0226a351da1ea9d77a1b45dc6b,4LEiUm1SRbFMgfqnQTwUbQ,indie_rock,Bon Iver
6xfOCqmQvpvgR5aq6fpKMD,"Bon Iver, Bon Iver (10th Anniversary Edition)",2011-06-22,15,https://i.scdn.co/image/ab67616d0000b27314c6132922068f7cd217862d,https://i.scdn.co/image/ab67616d00001e0214c6132922068f7cd217862d,4LEiUm1SRbFMgfqnQTwUbQ,indie_rock,Bon Iver
2LpfNj3vB5rOXfaawLcOBg,"Bon Iver, Bon Iver",2011-06-21,10,https://i.scdn.co/image/ab67616d0000b2734b6b1547455bbecb9f6bba64,https://i.scdn.co/image/ab67616d00001e024b6b1547455bbecb9f6bba64,4LEiUm1SRbFMgfqnQTwUbQ,indie_rock,Bon Iver
7EJ0OT5ZqybXxcYRa6mccM,"For Emma, Forever Ago",2008-02-19,9,https://i.scdn.co/image/ab67616d0000b273bf7c317a63c4f128b8823406,https://i.scdn.co/image/ab67616d00001e02bf7c317a63c4f128b8823406,4LEiUm1SRbFMgfqnQTwUbQ,indie_rock,Bon Iver
7C2NaXDMLdZvJFJkf6OIxe,Live On Boston Harbor,2024-06-28,27,https://i.scdn.co/image/ab67616d0000b2737b4fc26669bfe137963ce07c,https://i.scdn.co/image/ab67616d00001e027b4fc26669bfe137963ce07c,4EVpmkEwrLYEg6jIsiPMIb,indie_rock,Fleet Foxes
28aerKYZtxvFfNflCyE29h,A Very Lonely Solstice,2021-12-10,13,https://i.scdn.co/image/ab67616d0000b2734b2a236377e6d22951ccf69d,https://i.scdn.co/image/ab67616d00001e024b2a236377e6d22951ccf69d,4EVpmkEwrLYEg6jIsiPMIb,indie_rock,Fleet Foxes
5tXJchExPrWfcj1JwoDeZy,Shore,2021-03-19,18,https://i.scdn.co/image/ab67616d0000b2733e4a57e1a0cb77fd06b04dd8,https://i.scdn.co/image/ab67616d00001e023e4a57e1a0cb77fd06b04dd8,4EVpmkEwrLYEg6jIsiPMIb,indie_rock,Fleet Foxes
0xtTojp4zfartyGtbFKN3v,Crack-Up,2017-06-16,11,https://i.scdn.co/image/ab67616d0000b27371b24e854cdd7633cb5baaa7,https://i.scdn.co/image/ab67616d00001e0271b24e854cdd7633cb5baaa7,4EVpmkEwrLYEg6jIsiPMIb,indie_rock,Fleet Foxes
6SUzec8cWCUMhvdW3KbMYZ,Helplessness Blues,2011-05-03,12,https://i.scdn.co/image/ab67616d0000b27300bff7dd349edf79276b5b5f,https://i.scdn.co/image/ab67616d00001e0200bff7dd349edf79276b5b5f,4EVpmkEwrLYEg6jIsiPMIb,indie_rock,Fleet Foxes
1rfgmU0AYNwWfS88pCOlX7,Fleet Foxes,2008-06-09,11,https://i.scdn.co/image/ab67616d0000b273561726f8053f54775e7d5bfe,https://i.scdn.co/image/ab67616d00001e02561726f8053f54775e7d5bfe,4EVpmkEwrLYEg6jIsiPMIb,indie_rock,Fleet Foxes
3QOXA8bqsml8CslUdgHXrW,Painted Ruins,2017-08-18,11,https://i.scdn.co/image/ab67616d0000b2732e4f1c0ace099b7f3d229661,https://i.scdn.co/image/ab67616d00001e022e4f1c0ace099b7f3d229661,2Jv5eshHtLycR6R8KQCdc4,indie_rock,Grizzly Bear
5KcOS1sWN1bqV18khdNG12,Shields: Expanded,2013-11-11,18,https://i.scdn.co/image/ab67616d0000b273a502d027f2be38d72b567fde,https://i.scdn.co/image/ab67616d00001e02a502d027f2be38d72b567fde,2Jv5eshHtLycR6R8KQCdc4,indie_rock,Grizzly Bear
7clzFRxJTllyZ3P82v4HLs,Shields: B-Sides,2013-11-11,8,https://i.scdn.co/image/ab67616d0000b273502e0fa7485c360a0f8f5f35,https://i.scdn.co/image/ab67616d00001e02502e0fa7485c360a0f8f5f35,2Jv5eshHtLycR6R8KQCdc4,indie_rock,Grizzly Bear
4whHK0lCoTKit2dkPB2nPX,Shields,2012-09-17,10,https://i.scdn.co/image/ab67616d0000b27319d2045999450f0d01bba0e0,https://i.scdn.co/image/ab67616d00001e0219d2045999450f0d01bba0e0,2Jv5eshHtLycR6R8KQCdc4,indie_rock,Grizzly Bear
3XQMgEnLQnOMkFaJA9w6sZ,Veckatimest,2009-05-24,12,https://i.scdn.co/image/ab67616d0000b273aaa83532a319c37f1fb4180c,https://i.scdn.co/image/ab67616d00001e02aaa83532a319c37f1fb4180c,2Jv5eshHtLycR6R8KQCdc4,indie_rock,Grizzly Bear
6t0H9hI4985J8y6HbWu6ta,Yellow House,2006-09-04,10,https://i.scdn.co/image/ab67616d0000b273cd16bb3f61dab4a7b54fb4b7,https://i.scdn.co/image/ab67616d00001e02cd16bb3f61dab4a7b54fb4b7,2Jv5eshHtLycR6R8KQCdc4,indie_rock,Grizzly Bear
5xoQ4ZO61r39zz3Fn7mNT9,Sorry for the Delay,2006-05-08,7,https://i.scdn.co/image/ab67616d0000b2732f87f3cc8b6a4eeca685b2eb,https://i.scdn.co/image/ab67616d00001e022f87f3cc8b6a4eeca685b2eb,2Jv5eshHtLycR6R8KQCdc4,indie_rock,Grizzly Bear
2sXqjhJhEVEP8YcvdNQPH9,Horn of Plenty (The Remixes),2005-11-08,16,https://i.scdn.co/image/ab67616d0000b27360478224529577e9f32c854c,https://i.scdn.co/image/ab67616d00001e0260478224529577e9f32c854c,2Jv5eshHtLycR6R8KQCdc4,indie_rock,Grizzly Bear
2ZQuSGfpDSIAZtc4zooMps,Horn of Plenty,2004-11-09,14,https://i.scdn.co/image/ab67616d0000b27327874295a257bc8369e4182a,https://i.scdn.co/image/ab67616d00001e0227874295a257bc8369e4182a,2Jv5eshHtLycR6R8KQCdc4,indie_rock,Grizzly Bear
78tXJfTs54x8GO5aq4rbVE,A Study of Losses,2025-04-18,18,https://i.scdn.co/image/ab67616d0000b273aa98ebb65e305421e1e55843,https://i.scdn.co/image/ab67616d00001e02aa98ebb65e305421e1e55843,6pmxr66tMAePxzOLfjGNcX,indie_rock,Beirut
1jhgsccCbT1WXtmGUuZvIA,Hadsel,2023-11-10,12,https://i.scdn.co/image/ab67616d0000b27377c5503bc28ca44bcd7fcdf6,https://i.scdn.co/image/ab67616d00001e0277c5503bc28ca44bcd7fcdf6,6pmxr66tMAePxzOLfjGNcX,indie_rock,Beirut
26G7PfSLTyLiIcITVl7GAK,Artifacts,2022-01-28,26,https://i.scdn.co/image/ab67616d0000b273d34ab0a2566efc1bcab2d090,https://i.scdn.co/image/ab67616d00001e02d34ab0a2566efc1bcab2d090,6pmxr66tMAePxzOLfjGNcX,indie_rock,Beirut
45RV070mrplPB5gMO6Q136,Gallipoli,2019-02-01,12,https://i.scdn.co/image/ab67616d0000b27338d52e6fa96dc9ef76e20151,https://i.scdn.co/image/ab67616d00001e0238d52e6fa96dc9ef76e20151,6pmxr66tMAePxzOLfjGNcX,indie_rock,Beirut
6iAOkTDFRiWHVNNUjBqIxT,No No No,2015-09-11,9,https://i.scdn.co/image/ab67616d0000b27396ea67c9540bdbb3144f1cef,https://i.scdn.co/image/ab67616d00001e0296ea67c9540bdbb3144f1cef,6pmxr66tMAePxzOLfjGNcX,indie_rock,Beirut
7HYptJX2aQJPWbxXviXLwQ,The Rip Tide,2011-08-30,9,https://i.scdn.co/image/ab67616d0000b273c5949c3f16dc658aed9a2c73,https://i.scdn.co/image/ab67616d00001e02c5949c3f16dc658aed9a2c73,6pmxr66tMAePxzOLfjGNcX,indie_rock,Beirut
33A6xiJRrWUuZWgq37O41V,March of the Zapotec and Real People Holland,2009-02-17,11,https://i.scdn.co/image/ab67616d0000b27388f2b031d26e8eb57e49abe1,https://i.scdn.co/image/ab67616d00001e0288f2b031d26e8eb57e49abe1,6pmxr66tMAePxzOLfjGNcX,indie_rock,Beirut
71udkw2yxFqNK4SNSYcCce,The Flying Club Cup,2007-10-08,13,https://i.scdn.co/image/ab67616d0000b273a5818379975d1815f7f4e1b2,https://i.scdn.co/image/ab67616d00001e02a5818379975d1815f7f4e1b2,6pmxr66tMAePxzOLfjGNcX,indie_rock,Beirut
4yP7cyoeE3F6EyJPZ9v47V,Gulag Orkestar,2006-05-06,11,https://i.scdn.co/image/ab67616d0000b2736ad0ccb944d30d7e47d26c9a,https://i.scdn.co/image/ab67616d00001e026ad0ccb944d30d7e47d26c9a,6pmxr66tMAePxzOLfjGNcX,indie_rock,Beirut
1NK2ucRlzUgEEzkpgGgzRQ,Live at Third Man Records,2024-12-06,8,https://i.scdn.co/image/ab67616d0000b27313b8f35c7c072f3af22ce2b7,https://i.scdn.co/image/ab67616d00001e0213b8f35c7c072f3af22ce2b7,3WaJSfKnzc65VDgmj2zU8B,indie_rock,Interpol
0P1hdnE62qqoPJZYIZSZn2,The Other Side Of Make-Believe,2022-07-15,11,https://i.scdn.co/image/ab67616d0000b2739f16bd81eebc203e7c834353,https://i.scdn.co/image/ab67616d00001e029f16bd81eebc203e7c834353,3WaJSfKnzc65VDgmj2zU8B,indie_rock,Interpol
3h5FWXoJEw2MFmUOMfVke2,Marauder,2018-08-24,13,https://i.scdn.co/image/ab67616d0000b27376d32966e06af2423d052416,https://i.scdn.co/image/ab67616d00001e0276d32966e06af2423d052416,3WaJSfKnzc65VDgmj2zU8B,indie_rock,Interpol
39amRvW6vOU5rS13wTVknM,El Pintor,2014-09-09,10,https://i.scdn.co/image/ab67616d0000b2734cfa3b5c86120b3e093a3d6c,https://i.scdn.co/image/ab67616d00001e024cfa3b5c86120b3e093a3d6c,3WaJSfKnzc65VDgmj2zU8B,indie_rock,Interpol
6OFXDuvyxyla8faVWUvtDp,Interpol,2010-09-07,10,https://i.scdn.co/image/ab67616d0000b273d5a1405263fa7633af1055fd,https://i.scdn.co/image/ab67616d00001e02d5a1405263fa7633af1055fd,3WaJSfKnzc65VDgmj2zU8B,indie_rock,Interpol
1gsoIHeBan6QywhysNgApK,Our Love To Admire,2007-07-10,12,https://i.scdn.co/image/ab67616d0000b27358e444706a30b99f8d5fd8c9,https://i.scdn.co/image/ab67616d00001e0258e444706a30b99f8d5fd8c9,3WaJSfKnzc65VDgmj2zU8B,indie_rock,Interpol
49jjbHF29rJ1ARMIle6nZo,Antics (The Special Edition),2004-09-27,15,https://i.scdn.co/image/ab67616d0000b27393bf9b04db20140b5b11ab34,https://i.scdn.co/image/ab67616d00001e0293bf9b04db20140b5b11ab34,3WaJSfKnzc65VDgmj2zU8B,indie_rock,Interpol
7icgf3bU6X2ZrVm6pGSjP4,Turn On The Bright Lights (The Tenth Anniversary Edition - 2012 Remaster),2002-08-20,28,https://i.scdn.co/image/ab67616d0000b2734e2f3ca0d2ff90976a9fe31f,https://i.scdn.co/image/ab67616d00001e024e2f3ca0d2ff90976a9fe31f,3WaJSfKnzc65VDgmj2zU8B,indie_rock,Interpol
2OhUWm2KJay2YWeItU9YcH,Turn On The Bright Lights,2002-08-20,11,https://i.scdn.co/image/ab67616d0000b27349240ebf0c49e2d758fe6373,https://i.scdn.co/image/ab67616d00001e0249240ebf0c49e2d758fe6373,3WaJSfKnzc65VDgmj2zU8B,indie_rock,Interpol
7ug0WdvzC2sLXTrtHUwNsj,Cool It Down,2022-09-30,8,https://i.scdn.co/image/ab67616d0000b273667ca33e4b6d8e74b17a6529,https://i.scdn.co/image/ab67616d00001e02667ca33e4b6d8e74b17a6529,3TNt4aUIxgfy9aoaft5Jj2,indie_rock,Yeah Yeah Yeahs
1LQZp37z82iTVxillq6K59,Mosquito (Deluxe),2013-01-01,15,https://i.scdn.co/image/ab67616d0000b273882cb5cdd3ab10e2327988bf,https://i.scdn.co/image/ab67616d00001e02882cb5cdd3ab10e2327988bf,3TNt4aUIxgfy9aoaft5Jj2,indie_rock,Yeah Yeah Yeahs
4H7cyDUNbrpQagFPfwjJsE,Mosquito,2013-01-01,11,https://i.scdn.co/image/ab67616d0000b273fc81994d142397475a52d967,https://i.scdn.co/image/ab67616d00001e02fc81994d142397475a52d967,3TNt4aUIxgfy9aoaft5Jj2,indie_rock,Yeah Yeah Yeahs
0EZNeEs8bgLH2QoqouxCcm,It's Blitz!,2009-01-01,15,https://i.scdn.co/image/ab67616d0000b273ca5dd35539f06aaf585ef769,https://i.scdn.co/image/ab67616d00001e02ca5dd35539f06aaf585ef769,3TNt4aUIxgfy9aoaft5Jj2,indie_rock,Yeah Yeah Yeahs
3lgIiynXHTZYaSvS1ZrMxG,Show Your Bones,2006-01-01,12,https://i.scdn.co/image/ab67616d0000b2737e2a5058ebceafaf066eb893,https://i.scdn.co/image/ab67616d00001e027e2a5058ebceafaf066eb893,3TNt4aUIxgfy9aoaft5Jj2,indie_rock,Yeah Yeah Yeahs
44ePwTuWK88vnalqutqJEG,Fever To Tell (Deluxe Remastered),2003-04-29,29,https://i.scdn.co/image/ab67616d0000b2731b1cb4ef0f096f9d66fc3dc6,https://i.scdn.co/image/ab67616d00001e021b1cb4ef0f096f9d66fc3dc6,3TNt4aUIxgfy9aoaft5Jj2,indie_rock,Yeah Yeah Yeahs
0EabZMx74C2wyXhvMMO1eI,Fever To Tell,2003-04-29,12,https://i.scdn.co/image/ab67616d0000b27368a3c69afbca8014ed4a80cd,https://i.scdn.co/image/ab67616d00001e0268a3c69afbca8014ed4a80cd,3TNt4aUIxgfy9aoaft5Jj2,indie_rock,Yeah Yeah Yeahs
1Hz6OvbYJR0s2AWS1EvO6c,The Worm's Heart,2018-01-19,11,https://i.scdn.co/image/ab67616d0000b2737c1165fc6867991b7b6d3bd8,https://i.scdn.co/image/ab67616d00001e027c1165fc6867991b7b6d3bd8,4LG4Bs1Gadht7TCrMytQUO,indie_rock,The Shins
51q9Mkz5BVwTRYsMlLASVZ,Heartworms,2017-03-10,11,https://i.scdn.co/image/ab67616d0000b273de135de7d4c977b4fb06df87,https://i.scdn.co/image/ab67616d00001e02de135de7d4c977b4fb06df87,4LG4Bs1Gadht7TCrMytQUO,indie_rock,The Shins
4ZTcGoOrNro2aCAStXEjZi,Port Of Morrow,2012-03-19,10,https://i.scdn.co/image/ab67616d0000b273c202b75347fdc6f273577aa7,https://i.scdn.co/image/ab67616d00001e02c202b75347fdc6f273577aa7,4LG4Bs1Gadht7TCrMytQUO,indie_rock,The Shins
4Tm0dXi3s3aSAqng2DACHr,Wincing The Night Away,2007-01-23,11,https://i.scdn.co/image/ab67616d0000b273c4d77bad843dfae691cca473,https://i.scdn.co/image/ab67616d00001e02c4d77bad843dfae691cca473,4LG4Bs1Gadht7TCrMytQUO,indie_rock,The Shins
2fxQs4i9HfyRME7zjp0ZnB,Chutes Too Narrow (20th Anniversary Remaster),2003-10-21,10,https://i.scdn.co/image/ab67616d0000b273bc422a05d5cc2beb7a5b181c,https://i.scdn.co/image/ab67616d00001e02bc422a05d5cc2beb7a5b181c,4LG4Bs1Gadht7TCrMytQUO,indie_rock,The Shins
5XmhHMj5LZLWo32aA6ntKE,"Oh, Inverted World (20th Anniversary Remaster)",2001-06-19,11,https://i.scdn.co/image/ab67616d0000b2734205b816277c7f9dba098d28,https://i.scdn.co/image/ab67616d00001e024205b816277c7f9dba098d28,4LG4Bs1Gadht7TCrMytQUO,indie_rock,The Shins
6hRYTGSMlOgLU4KxcHFMJK,Asphalt Meadows (Acoustic),2023-03-10,12,https://i.scdn.co/image/ab67616d0000b273706b3807836da8d23c0488e4,https://i.scdn.co/image/ab67616d00001e02706b3807836da8d23c0488e4,0YrtvWJMgSdVrk3SfNjTbx,indie_rock,Death Cab for Cutie
2PIWPTOIxbaVSjTnc30vXS,Asphalt Meadows,2022-09-16,11,https://i.scdn.co/image/ab67616d0000b2733563cf38b90fb6cea8fdf0b4,https://i.scdn.co/image/ab67616d00001e023563cf38b90fb6cea8fdf0b4,0YrtvWJMgSdVrk3SfNjTbx,indie_rock,Death Cab for Cutie
6agCM9GJcebduMddgFmgsO,Thank You for Today,2018-08-17,10,https://i.scdn.co/image/ab67616d0000b27397bf91e5ecee3470d063614f,https://i.scdn.co/image/ab67616d00001e0297bf91e5ecee3470d063614f,0YrtvWJMgSdVrk3SfNjTbx,indie_rock,Death Cab for Cutie
6BK3muExDOuk0VnyMn9NVw,Kintsugi,2015-03-27,11,https://i.scdn.co/image/ab67616d0000b27343aafb2edd88b9447f49337d,https://i.scdn.co/image/ab67616d00001e0243aafb2edd88b9447f49337d,0YrtvWJMgSdVrk3SfNjTbx,indie_rock,Death Cab for Cutie
4EArM6cwuhMdUU07xozw5C,Transatlanticism Demos,2013-10-29,11,https://i.scdn.co/image/ab67616d0000b273a37a95cd73cc95f5a034f0fa,https://i.scdn.co/image/ab67616d00001e02a37a95cd73cc95f5a034f0fa,0YrtvWJMgSdVrk3SfNjTbx,indie_rock,Death Cab for Cutie
3IEZRCQABrX0v5RitIE0iy,Codes and Keys (Deluxe Edition),2011-05-27,13,https://i.scdn.co/image/ab67616d0000b273f1ab528856e0918a108d49fc,https://i.scdn.co/image/ab67616d00001e02f1ab528856e0918a108d49fc,0YrtvWJMgSdVrk3SfNjTbx,indie_rock,Death Cab for Cutie
7G84Q2FcA43cjLeWBSIedv,Narrow Stairs,2008-05-09,13,https://i.scdn.co/image/ab67616d0000b2735026db4c201719ff4b0bc1d4,https://i.scdn.co/image/ab67616d00001e025026db4c201719ff4b0bc1d4,0YrtvWJMgSdVrk3SfNjTbx,indie_rock,Death Cab for Cutie
4guW5WPxFzHrXg04FPC9v9,Plans,2005-08-29,13,https://i.scdn.co/image/ab67616d0000b273977f49e4a7170bdd03fb429b,https://i.scdn.co/image/ab67616d00001e02977f49e4a7170bdd03fb429b,0YrtvWJMgSdVrk3SfNjTbx,indie_rock,Death Cab for Cutie
7jwLAtPHF7TW7dtELtayOd,Transatlanticism,2003-10-07,11,https://i.scdn.co/image/ab67616d0000b273ac5899ddc449d1e54a1b8880,https://i.scdn.co/image/ab67616d00001e02ac5899ddc449d1e54a1b8880,0YrtvWJMgSdVrk3SfNjTbx,indie_rock,Death Cab for Cutie
5UKAhD2VmFAuThgq4OQyEe,Transatlanticism (10th Anniversary Edition),2003,22,https://i.scdn.co/image/ab67616d0000b273c988bbfb15aca7928323d2ff,https://i.scdn.co/image/ab67616d00001e02c988bbfb15aca7928323d2ff,0YrtvWJMgSdVrk3SfNjTbx,indie_rock,Death Cab for Cutie
0ZGanJH5wx4HIZ0pM11PAJ,You Can Play These Songs With Chords,2002-10-22,18,https://i.scdn.co/image/ab67616d0000b273112e9569016043f023fe7726,https://i.scdn.co/image/ab67616d00001e02112e9569016043f023fe7726,0YrtvWJMgSdVrk3SfNjTbx,indie_rock,Death Cab for Cutie
7sghJ5kN7CzwSNPf6XT56B,The Photo Album (Deluxe Edition),2001-10-09,35,https://i.scdn.co/image/ab67616d0000b273d4745d2fe87762b6ce88c43d,https://i.scdn.co/image/ab67616d00001e02d4745d2fe87762b6ce88c43d,0YrtvWJMgSdVrk3SfNjTbx,indie_rock,Death Cab for Cutie
1Ysz5RF6nQJHdeEBufgu24,The Photo Album,2001-10-09,10,https://i.scdn.co/image/ab67616d0000b27374e09d8a123551e1ebd52f87,https://i.scdn.co/image/ab67616d00001e0274e09d8a123551e1ebd52f87,0YrtvWJMgSdVrk3SfNjTbx,indie_rock,Death Cab for Cutie
1oUL840sk84LVL8ExFKLXp,We Have the Facts and We're Voting Yes,2000-03-21,10,https://i.scdn.co/image/ab67616d0000b273962aedd3ee6c0c214f170327,https://i.scdn.co/image/ab67616d00001e02962aedd3ee6c0c214f170327,0YrtvWJMgSdVrk3SfNjTbx,indie_rock,Death Cab for Cutie
0g9OwB4OZRBsds62X7VK3h,Something About Airplanes,1998-08-18,10,https://i.scdn.co/image/ab67616d0000b27310ee5fd2e0cf3be060171ed2,https://i.scdn.co/image/ab67616d00001e0210ee5fd2e0cf3be060171ed2,0YrtvWJMgSdVrk3SfNjTbx,indie_rock,Death Cab for Cutie
0GyLgE1cRLcOUfsnhRplXI,Es ist Abend und wir sitzen bei mir,2023-03-03,15,https://i.scdn.co/image/ab67616d0000b2736571b29e6b681b277f4f949a,https://i.scdn.co/image/ab67616d00001e026571b29e6b681b277f4f949a,23xqmJEN3oVxwzqtNIyR5m,indie_rock,AnnenMayKantereit
1fO13XO7GjFNni70YWjFIP,12,2020-11-16,16,https://i.scdn.co/image/ab67616d0000b2736752c6f800152f09680da0eb,https://i.scdn.co/image/ab67616d00001e026752c6f800152f09680da0eb,23xqmJEN3oVxwzqtNIyR5m,indie_rock,AnnenMayKantereit
3zhOW5DedpxAxddYJ18qiI,Schlagschatten,2018-12-07,14,https://i.scdn.co/image/ab67616d0000b273d7d0a73b73a6f3b0d2ce6370,https://i.scdn.co/image/ab67616d00001e02d7d0a73b73a6f3b0d2ce6370,23xqmJEN3oVxwzqtNIyR5m,indie_rock,AnnenMayKantereit
5ModJesLKNnVdIxgjyh6CJ,AnnenMayKantereit & Freunde (Live In Berlin),2016-09-10,19,https://i.scdn.co/image/ab67616d0000b27307f22d7433ec90c35568736f,https://i.scdn.co/image/ab67616d00001e0207f22d7433ec90c35568736f,23xqmJEN3oVxwzqtNIyR5m,indie_rock,AnnenMayKantereit
2Cq6fg3YX4wYCDLjAVG7ZO,Alles nix konkretes,2016-03-18,12,https://i.scdn.co/image/ab67616d0000b27353368d5c0af58c7a9000ea4a,https://i.scdn.co/image/ab67616d00001e0253368d5c0af58c7a9000ea4a,23xqmJEN3oVxwzqtNIyR5m,indie_rock,AnnenMayKantereit
4FqEHLgdiMHXboXIztMkkO,How Have You Been?,2024-02-02,14,https://i.scdn.co/image/ab67616d0000b27384559fa763af6fb17d9f9683,https://i.scdn.co/image/ab67616d00001e0284559fa763af6fb17d9f9683,5wD0owYApRtYmjPWavWKvb,indie_rock,Giant Rooks
7tESwUyuzBfNKpTQOrYe8X,rookery live tapes,2021-06-18,10,https://i.scdn.co/image/ab67616d0000b2737239a31a351024e6d666754d,https://i.scdn.co/image/ab67616d00001e027239a31a351024e6d666754d,5wD0owYApRtYmjPWavWKvb,indie_rock,Giant Rooks
799I2k2TkWYZgot4HkSJXH,ROOKERY,2020-08-28,12,https://i.scdn.co/image/ab67616d0000b27335ec9f08a0116f5f77dbf462,https://i.scdn.co/image/ab67616d00001e0235ec9f08a0116f5f77dbf462,5wD0owYApRtYmjPWavWKvb,indie_rock,Giant Rooks
2msYWXAkZvkbOBUHLs3QcM,Trip Tape III,2025-09-10,11,https://i.scdn.co/image/ab67616d0000b273a72273429c9b6e9f7aa8c10c,https://i.scdn.co/image/ab67616d00001e02a72273429c9b6e9f7aa8c10c,1hzfo8twXdOegF3xireCYs,indie_rock,Milky Chance
4MaZnU1mm7zdZHBXnIdtl1,Gems In Paradise,2025-09-09,22,https://i.scdn.co/image/ab67616d0000b2731ecfcb1a05fd458bcd95613b,https://i.scdn.co/image/ab67616d00001e021ecfcb1a05fd458bcd95613b,1hzfo8twXdOegF3xireCYs,indie_rock,Milky Chance
4QJIzstKMTo2j1slm8HYlg,Live From Vienna (FM4 Session),2025-01-24,16,https://i.scdn.co/image/ab67616d0000b273ea96dabe3ec8f4048a6048be,https://i.scdn.co/image/ab67616d00001e02ea96dabe3ec8f4048a6048be,1hzfo8twXdOegF3xireCYs,indie_rock,Milky Chance
0i97wLIXfWMDi3vyRDZBCn,Living In A Haze,2023-06-09,12,https://i.scdn.co/image/ab67616d0000b27384e9e803499a83ff405f8034,https://i.scdn.co/image/ab67616d00001e0284e9e803499a83ff405f8034,1hzfo8twXdOegF3xireCYs,indie_rock,Milky Chance
3anT3sq943fma4yCM5FhvG,Trip Tape II,2022-10-05,12,https://i.scdn.co/image/ab67616d0000b2739e8a543b2c7aa388a088c2ca,https://i.scdn.co/image/ab67616d00001e029e8a543b2c7aa388a088c2ca,1hzfo8twXdOegF3xireCYs,indie_rock,Milky Chance
09SbGYWO9I7924ggHaM18y,Sadnecessary (Acoustic Version),2022-04-20,11,https://i.scdn.co/image/ab67616d0000b27322495d0376b52b9a90f694b6,https://i.scdn.co/image/ab67616d00001e0222495d0376b52b9a90f694b6,1hzfo8twXdOegF3xireCYs,indie_rock,Milky Chance
707cK3j40hIquI15sOcYXP,Trip Tape,2021-11-03,12,https://i.scdn.co/image/ab67616d0000b273cb3aad7083b27bd6c77d9ade,https://i.scdn.co/image/ab67616d00001e02cb3aad7083b27bd6c77d9ade,1hzfo8twXdOegF3xireCYs,indie_rock,Milky Chance
3msNbiI057b6ypzeOTjgxJ,Mind The Moon,2019-11-15,12,https://i.scdn.co/image/ab67616d0000b273b42465692b687e4ee4efecb5,https://i.scdn.co/image/ab67616d00001e02b42465692b687e4ee4efecb5,1hzfo8twXdOegF3xireCYs,indie_rock,Milky Chance
55JFKeORvxjrtNmvnBstLc,Blossom,2017-03-17,20,https://i.scdn.co/image/ab67616d0000b273269be6fab6b3cddc0359bb8a,https://i.scdn.co/image/ab67616d00001e02269be6fab6b3cddc0359bb8a,1hzfo8twXdOegF3xireCYs,indie_rock,Milky Chance
1iCwsK0jUzBPQx7XEpumbz,Sadnecessary,2013-05-31,14,https://i.scdn.co/image/ab67616d0000b2732001bc1b4dd82d06631fcb9e,https://i.scdn.co/image/ab67616d00001e022001bc1b4dd82d06631fcb9e,1hzfo8twXdOegF3xireCYs,indie_rock,Milky Chance
26qp44gabjVGqWn3aUA3d2,The Dream (CARBS Remix Edition),2023-04-28,15,https://i.scdn.co/image/ab67616d0000b27383586afa390f152071ddbdd1,https://i.scdn.co/image/ab67616d00001e0283586afa390f152071ddbdd1,3XHO7cRUPCLOr6jwp8vsx5,indie_rock,Alt-J
5JzI3LUwkR64lHsVVRbiKO,The Dream,2022-02-11,12,https://i.scdn.co/image/ab67616d0000b27395b1bbaa45a5f8a5175b78fd,https://i.scdn.co/image/ab67616d00001e0295b1bbaa45a5f8a5175b78fd,3XHO7cRUPCLOr6jwp8vsx5,indie_rock,Alt-J
6E7NTZkQWnxZhfKwDwsMaq,REDUXER,2018-09-28,11,https://i.scdn.co/image/ab67616d0000b2738ce7054fe4d2fa229c6fcc21,https://i.scdn.co/image/ab67616d00001e028ce7054fe4d2fa229c6fcc21,3XHO7cRUPCLOr6jwp8vsx5,indie_rock,Alt-J
7mQtJGYkOBOSKmDNGLKJiV,RELAXER,2017-06-02,8,https://i.scdn.co/image/ab67616d0000b27347a701ef0316a70062f64358,https://i.scdn.co/image/ab67616d00001e0247a701ef0316a70062f64358,3XHO7cRUPCLOr6jwp8vsx5,indie_rock,Alt-J
3F6RvxPvFpVmClnpYKensf,Live at Red Rocks,2016-06-24,18,https://i.scdn.co/image/ab67616d0000b273998d979ae2a6603f07037245,https://i.scdn.co/image/ab67616d00001e02998d979ae2a6603f07037245,3XHO7cRUPCLOr6jwp8vsx5,indie_rock,Alt-J
25RG9BGoVlHs4Qr4d0UH9Z,This Is All Yours,2014-09-22,14,https://i.scdn.co/image/ab67616d0000b27360863211a34118f09d8f6434,https://i.scdn.co/image/ab67616d00001e0260863211a34118f09d8f6434,3XHO7cRUPCLOr6jwp8vsx5,indie_rock,Alt-J
6HbJlAnTRhWae1F3lEwGkv,An Awesome Wave,2012-05-28,14,https://i.scdn.co/image/ab67616d0000b2731e1ca90cd8fdbb0ac890a926,https://i.scdn.co/image/ab67616d00001e021e1ca90cd8fdbb0ac890a926,3XHO7cRUPCLOr6jwp8vsx5,indie_rock,Alt-J
7CBK26TFXHyt2l6NQcXIsq,Life Is Yours,2022-06-17,11,https://i.scdn.co/image/ab67616d0000b273e1e43b6e9475de715b0cd216,https://i.scdn.co/image/ab67616d00001e02e1e43b6e9475de715b0cd216,6FQqZYVfTNQ1pCqfkwVFEa,indie_rock,Foals
3tXNwhv4GZQDHCOb4p5kcS,Everything Not Saved Will Be Lost Part II,2019-10-18,14,https://i.scdn.co/image/ab67616d0000b273e011a73caf9e880f503b8838,https://i.scdn.co/image/ab67616d00001e02e011a73caf9e880f503b8838,6FQqZYVfTNQ1pCqfkwVFEa,indie_rock,Foals
6uVaLj0YV3mWRFUw4xJ6eR,Everything Not Saved Will Be Lost Part I,2019-03-08,10,https://i.scdn.co/image/ab67616d0000b273adbfee282c5be269f1dd0dd0,https://i.scdn.co/image/ab67616d00001e02adbfee282c5be269f1dd0dd0,6FQqZYVfTNQ1pCqfkwVFEa,indie_rock,Foals
0RyCpIKlCV0kgEuzrmp73O,What Went Down,2015-08-28,18,https://i.scdn.co/image/ab67616d0000b273b036f68e97ce9f5372bfb350,https://i.scdn.co/image/ab67616d00001e02b036f68e97ce9f5372bfb350,6FQqZYVfTNQ1pCqfkwVFEa,indie_rock,Foals
6SBkXTPlJ3oEaFwRm5o2lD,Holy Fire,2013-02-08,18,https://i.scdn.co/image/ab67616d0000b2738b04dacf186124a62bc667a7,https://i.scdn.co/image/ab67616d00001e028b04dacf186124a62bc667a7,6FQqZYVfTNQ1pCqfkwVFEa,indie_rock,Foals
670h50t8E3LwP2bGqxGi6E,Total Life Forever,2010-05-10,13,https://i.scdn.co/image/ab67616d0000b273b0303486d8c9b6a8deb61012,https://i.scdn.co/image/ab67616d00001e02b0303486d8c9b6a8deb61012,6FQqZYVfTNQ1pCqfkwVFEa,indie_rock,Foals
1P0e2LCGaKo1MSvCRcAZTf,Antidotes,2008-03-21,26,https://i.scdn.co/image/ab67616d0000b273c072d6261e92a9e15bd41d4d,https://i.scdn.co/image/ab67616d00001e02c072d6261e92a9e15bd41d4d,6FQqZYVfTNQ1pCqfkwVFEa,indie_rock,Foals
7LJdM0B6bp0H78AN7cwqHp,Late Developers,2023-01-13,11,https://i.scdn.co/image/ab67616d0000b27323f5baf020d6936aae70fb8d,https://i.scdn.co/image/ab67616d00001e0223f5baf020d6936aae70fb8d,4I2BJf80C0skQpp1sQmA0h,indie_rock,Belle and Sebastian
2VWqqmcIjjzdzayaawToIU,A Bit of Previous,2022-05-06,12,https://i.scdn.co/image/ab67616d0000b273d59a82906bf6e03df83082f7,https://i.scdn.co/image/ab67616d00001e02d59a82906bf6e03df83082f7,4I2BJf80C0skQpp1sQmA0h,indie_rock,Belle and Sebastian
6jDiltA5P1V8YiNhjy1NoY,What to Look for in Summer,2020-12-11,23,https://i.scdn.co/image/ab67616d0000b273d1ff49aea221eb2be1b9ce3d,https://i.scdn.co/image/ab67616d00001e02d1ff49aea221eb2be1b9ce3d,4I2BJf80C0skQpp1sQmA0h,indie_rock,Belle and Sebastian
63DnNauaXGSnASOHAoHKDp,Days of the Bagnold Summer,2019-09-13,13,https://i.scdn.co/image/ab67616d0000b273a15cfc6c12cd204f51e79df2,https://i.scdn.co/image/ab67616d00001e02a15cfc6c12cd204f51e79df2,4I2BJf80C0skQpp1sQmA0h,indie_rock,Belle and Sebastian
4dA5KrLw6NHYJJus1tJVwa,How To Solve Our Human Problems Parts 1-3,2018-02-16,15,https://i.scdn.co/image/ab67616d0000b2737d77b5946dda1869f9193a7b,https://i.scdn.co/image/ab67616d00001e027d77b5946dda1869f9193a7b,4I2BJf80C0skQpp1sQmA0h,indie_rock,Belle and Sebastian
46qAI9wnaEWwN6fwiGQ8k5,Girls in Peacetime Want to Dance,2015-01-19,12,https://i.scdn.co/image/ab67616d0000b27324d963f06793c3cdcb12c290,https://i.scdn.co/image/ab67616d00001e0224d963f06793c3cdcb12c290,4I2BJf80C0skQpp1sQmA0h,indie_rock,Belle and Sebastian
51KsMx8J4NpkVvIpnNHQuk,The Third Eye Centre,2013-08-26,19,https://i.scdn.co/image/ab67616d0000b273aad19554aa879eafb06bc4bb,https://i.scdn.co/image/ab67616d00001e02aad19554aa879eafb06bc4bb,4I2BJf80C0skQpp1sQmA0h,indie_rock,Belle and Sebastian
4Is3XZYpVDmda45V81MO5b,"Late Night Tales: Belle and Sebastian, Vol. 2",2012-03-26,13,https://i.scdn.co/image/ab67616d0000b27371dbd2c22505dca0af0157ec,https://i.scdn.co/image/ab67616d00001e0271dbd2c22505dca0af0157ec,4I2BJf80C0skQpp1sQmA0h,indie_rock,Belle and Sebastian
6aNVX2r52dj0oGrMcHkS4p,Write About Love,2010-10-11,11,https://i.scdn.co/image/ab67616d0000b273822e0e9de875ea1cfeb4bfee,https://i.scdn.co/image/ab67616d00001e02822e0e9de875ea1cfeb4bfee,4I2BJf80C0skQpp1sQmA0h,indie_rock,Belle and Sebastian
7xoc5hGNYAHzB69GOWllxz,The Life Pursuit,2006-02-06,13,https://i.scdn.co/image/ab67616d0000b2734bd4ddd895e4eece555d2fd2,https://i.scdn.co/image/ab67616d00001e024bd4ddd895e4eece555d2fd2,4I2BJf80C0skQpp1sQmA0h,indie_rock,Belle and Sebastian
3YSdA51ysHYqDn0QbQ0BxJ,"Push Barman to Open Old Wounds, Vol. 1",2005-05-23,16,https://i.scdn.co/image/ab67616d0000b27331ce797eb688084cc367f8ca,https://i.scdn.co/image/ab67616d00001e0231ce797eb688084cc367f8ca,4I2BJf80C0skQpp1sQmA0h,indie_rock,Belle and Sebastian
1WrOEWePcPW4jfRKpimL1g,Late Night Tales: Belle and Sebastian,2004,14,https://i.scdn.co/image/ab67616d0000b273b02d569b9ba46f11c6f1496c,https://i.scdn.co/image/ab67616d00001e02b02d569b9ba46f11c6f1496c,4I2BJf80C0skQpp1sQmA0h,indie_rock,Belle and Sebastian
72zopw2wKNqbrX9pOxAH8Y,Dear Catastrophe Waitress,2003-10-06,12,https://i.scdn.co/image/ab67616d0000b27392cfd3edede39617ad9f71a1,https://i.scdn.co/image/ab67616d00001e0292cfd3edede39617ad9f71a1,4I2BJf80C0skQpp1sQmA0h,indie_rock,Belle and Sebastian
6kaqgSXCxlWv6ZzV5cDojP,Storytelling,2002-06-03,18,https://i.scdn.co/image/ab67616d0000b273ffcde205912dfa69a9a80428,https://i.scdn.co/image/ab67616d00001e02ffcde205912dfa69a9a80428,4I2BJf80C0skQpp1sQmA0h,indie_rock,Belle and Sebastian
4fzo0zlnGOAiuB6ybFPlvz,"Fold Your Hands Child, You Walk Like a Peasant",2000-06-05,11,https://i.scdn.co/image/ab67616d0000b273cc16ef08bd35ad57fff8810c,https://i.scdn.co/image/ab67616d00001e02cc16ef08bd35ad57fff8810c,4I2BJf80C0skQpp1sQmA0h,indie_rock,Belle and Sebastian
6H3QVlFE1YvIHlu8i8HaAK,Wilco Live (Yellow),2026-04-24,22,https://i.scdn.co/image/ab67616d0000b273f397ace1357a0967442d477b,https://i.scdn.co/image/ab67616d00001e02f397ace1357a0967442d477b,2QoU3awHVdcHS8LrZEKvSM,indie_rock,Wilco
5wIK2EkerZX3KXKqXobdae,Wilco Live (Blue),2025-06-20,25,https://i.scdn.co/image/ab67616d0000b2734cb869a34b1ccc89c4b020fd,https://i.scdn.co/image/ab67616d00001e024cb869a34b1ccc89c4b020fd,2QoU3awHVdcHS8LrZEKvSM,indie_rock,Wilco
6rZ4kezyodXHKzCBsVrKpg,The Whole Love Expanded,2025-05-02,26,https://i.scdn.co/image/ab67616d0000b27349c2a665015f6b86938f9dd8,https://i.scdn.co/image/ab67616d00001e0249c2a665015f6b86938f9dd8,2QoU3awHVdcHS8LrZEKvSM,indie_rock,Wilco
2UTIduUJwlZLDNpllpG4Kr,A Ghost Is Born (Expanded Edition),2025-02-07,31,https://i.scdn.co/image/ab67616d0000b273d2ccf126db48e98b7c3c745f,https://i.scdn.co/image/ab67616d00001e02d2ccf126db48e98b7c3c745f,2QoU3awHVdcHS8LrZEKvSM,indie_rock,Wilco
1KZy1Oll0Cnnakyy6X92Wn,Cousin,2023-09-29,10,https://i.scdn.co/image/ab67616d0000b27364ff578a209088b4dce73e37,https://i.scdn.co/image/ab67616d00001e0264ff578a209088b4dce73e37,2QoU3awHVdcHS8LrZEKvSM,indie_rock,Wilco
5prfZewHLWnEMaWdDdgEb5,Cruel Country,2022-05-27,21,https://i.scdn.co/image/ab67616d0000b2732a6b1b4f1c6e36e5e9696d06,https://i.scdn.co/image/ab67616d00001e022a6b1b4f1c6e36e5e9696d06,2QoU3awHVdcHS8LrZEKvSM,indie_rock,Wilco
04SEJKcDKWsr5KA4lxMKAv,summerteeth (Deluxe Edition),2020-11-06,67,https://i.scdn.co/image/ab67616d0000b27382f84cea9e5976365189e44d,https://i.scdn.co/image/ab67616d00001e0282f84cea9e5976365189e44d,2QoU3awHVdcHS8LrZEKvSM,indie_rock,Wilco
023pQhsaEoks0T6AfL5cry,Ode to Joy,2019-10-04,11,https://i.scdn.co/image/ab67616d0000b27333e6f2021f2a70abd4570a97,https://i.scdn.co/image/ab67616d00001e0233e6f2021f2a70abd4570a97,2QoU3awHVdcHS8LrZEKvSM,indie_rock,Wilco
3Zv4IVunQsOuACPEsPLbW1,Schmilco,2016-09-06,12,https://i.scdn.co/image/ab67616d0000b273276a70334aac8500f74f3a9a,https://i.scdn.co/image/ab67616d00001e02276a70334aac8500f74f3a9a,2QoU3awHVdcHS8LrZEKvSM,indie_rock,Wilco
7ub0oIH6wQJN5amS2FanXk,Star Wars,2015-07-16,11,https://i.scdn.co/image/ab67616d0000b27377b194ebf5f1b6bf78d43f48,https://i.scdn.co/image/ab67616d00001e0277b194ebf5f1b6bf78d43f48,2QoU3awHVdcHS8LrZEKvSM,indie_rock,Wilco
5NNdsAK4p5mYeAjveQem0M,Mermaid Avenue Vol. III,2012-04-20,17,https://i.scdn.co/image/ab67616d0000b2736f642de933edf866de2165c6,https://i.scdn.co/image/ab67616d00001e026f642de933edf866de2165c6,2QoU3awHVdcHS8LrZEKvSM,indie_rock,Wilco
3UeSYkvpAJfXp97Os7Y1sK,Wilco (The Album),2009,12,https://i.scdn.co/image/ab67616d0000b273e39e6ca011ab378cf955ba7a,https://i.scdn.co/image/ab67616d00001e02e39e6ca011ab378cf955ba7a,2QoU3awHVdcHS8LrZEKvSM,indie_rock,Wilco
3RYkB0Uv1qOHSdgRySWJd0,Sky Blue Sky,2007-05-14,17,https://i.scdn.co/image/ab67616d0000b273ad8931a526c5b509dfe366c5,https://i.scdn.co/image/ab67616d00001e02ad8931a526c5b509dfe366c5,2QoU3awHVdcHS8LrZEKvSM,indie_rock,Wilco
658J2tPbnZqhwxKEiczOID,"Kicking Television, Live in Chicago",2005-11-15,24,https://i.scdn.co/image/ab67616d0000b273ca812e1712f8b09c30351378,https://i.scdn.co/image/ab67616d00001e02ca812e1712f8b09c30351378,2QoU3awHVdcHS8LrZEKvSM,indie_rock,Wilco
1RCxMEn5jFeUWbof3vy8oC,A Ghost Is Born,2004-06-22,12,https://i.scdn.co/image/ab67616d0000b273cc48fe77912cd73e98d7612f,https://i.scdn.co/image/ab67616d00001e02cc48fe77912cd73e98d7612f,2QoU3awHVdcHS8LrZEKvSM,indie_rock,Wilco
4436CQF7pmjxkHCaJCGjmt,Loss Of Life,2024-02-23,10,https://i.scdn.co/image/ab67616d0000b2730df9c419688df6ac7d7906d9,https://i.scdn.co/image/ab67616d00001e020df9c419688df6ac7d7906d9,0SwO7SWeDHJijQ3XNS7xEE,indie_rock,MGMT
5mGJloHxjO2igmx9XJKAeJ,11•11•11,2022-11-11,11,https://i.scdn.co/image/ab67616d0000b273da70145916957ad043208823,https://i.scdn.co/image/ab67616d00001e02da70145916957ad043208823,0SwO7SWeDHJijQ3XNS7xEE,indie_rock,MGMT
40k9SQza14dxbpquDk1SOz,Little Dark Age (Matthew Dear Album Remix),2018-09-28,10,https://i.scdn.co/image/ab67616d0000b273f99e62cb433b0704866af0a9,https://i.scdn.co/image/ab67616d00001e02f99e62cb433b0704866af0a9,0SwO7SWeDHJijQ3XNS7xEE,indie_rock,MGMT
7GjVWG39IOj4viyWplJV4H,Little Dark Age,2018-02-09,10,https://i.scdn.co/image/ab67616d0000b273872a896e7c3776d6949df476,https://i.scdn.co/image/ab67616d00001e02872a896e7c3776d6949df476,0SwO7SWeDHJijQ3XNS7xEE,indie_rock,MGMT
0a4MASgg8wxOyUeoOZzuhc,MGMT,2013-09-16,10,https://i.scdn.co/image/ab67616d0000b2735646e21d617733df232b250b,https://i.scdn.co/image/ab67616d00001e025646e21d617733df232b250b,0SwO7SWeDHJijQ3XNS7xEE,indie_rock,MGMT
3hL5hv0P0B0jK8T9XPadVR,Late Night Tales: Mgmt,2011-10-03,13,https://i.scdn.co/image/ab67616d0000b2731457b045a398390c17587de0,https://i.scdn.co/image/ab67616d00001e021457b045a398390c17587de0,0SwO7SWeDHJijQ3XNS7xEE,indie_rock,MGMT
1vMuI1NDTvdFTQOmBCF3q3,Congratulations,2010-04-09,10,https://i.scdn.co/image/ab67616d0000b273eebd340ecd097b392d425349,https://i.scdn.co/image/ab67616d00001e02eebd340ecd097b392d425349,0SwO7SWeDHJijQ3XNS7xEE,indie_rock,MGMT
6mm1Skz3JE6AXneya9Nyiv,Oracular Spectacular,2007-12-14,10,https://i.scdn.co/image/ab67616d0000b2738b32b139981e79f2ebe005eb,https://i.scdn.co/image/ab67616d00001e028b32b139981e79f2ebe005eb,0SwO7SWeDHJijQ3XNS7xEE,indie_rock,MGMT
1jEwa4YdGR6FvKxWgRbJcv,Alpha Zulu,2022-11-04,10,https://i.scdn.co/image/ab67616d0000b273f05f2e283a0928ecc7e1e359,https://i.scdn.co/image/ab67616d00001e02f05f2e283a0928ecc7e1e359,1xU878Z1QtBldR7ru9owdU,indie_rock,Phoenix
2Hr5EY19Y7gV7K7ogk9QcR,Ti Amo,2017-06-09,10,https://i.scdn.co/image/ab67616d0000b273634934044845129ebcf41dbc,https://i.scdn.co/image/ab67616d00001e02634934044845129ebcf41dbc,1xU878Z1QtBldR7ru9owdU,indie_rock,Phoenix
0NVvSmy2su8nXkCjK0zuWg,Bankrupt!,2013-04-23,10,https://i.scdn.co/image/ab67616d0000b273ce012bca8ab9182d2dd7d0b5,https://i.scdn.co/image/ab67616d00001e02ce012bca8ab9182d2dd7d0b5,1xU878Z1QtBldR7ru9owdU,indie_rock,Phoenix
7FXsXaBQNxpHQDK3WQgghu,Wolfgang Amadeus Phoenix (Remix Collection),2009-10-20,15,https://i.scdn.co/image/ab67616d0000b2731ff8a5a2a80552085ed5d872,https://i.scdn.co/image/ab67616d00001e021ff8a5a2a80552085ed5d872,1xU878Z1QtBldR7ru9owdU,indie_rock,Phoenix
7g4qoHjkYvfFkXJEZCjtc1,Wolfgang Amadeus Phoenix,2009-05-25,10,https://i.scdn.co/image/ab67616d0000b27362cbc442278eefdde1a93efd,https://i.scdn.co/image/ab67616d00001e0262cbc442278eefdde1a93efd,1xU878Z1QtBldR7ru9owdU,indie_rock,Phoenix
2STZqJIh4Kf0OIU5yVgYGV,It's Never Been Like That (Deluxe Version),2006-05-12,14,https://i.scdn.co/image/ab67616d0000b2734ba84e6d1472a0eb41ad2158,https://i.scdn.co/image/ab67616d00001e024ba84e6d1472a0eb41ad2158,1xU878Z1QtBldR7ru9owdU,indie_rock,Phoenix
0q1YbH7gLkklLFxNBLRKHD,Alphabetical,2004-03-19,11,https://i.scdn.co/image/ab67616d0000b2737ce45a1083d80c29d658537c,https://i.scdn.co/image/ab67616d00001e027ce45a1083d80c29d658537c,1xU878Z1QtBldR7ru9owdU,indie_rock,Phoenix
5MBUL8d9FAYCCMrogOFX68,United,2000-03-06,10,https://i.scdn.co/image/ab67616d0000b273713c1d89bb16872821ab7ac7,https://i.scdn.co/image/ab67616d00001e02713c1d89bb16872821ab7ac7,1xU878Z1QtBldR7ru9owdU,indie_rock,Phoenix
1PKL24mnakuCYCZkHgKgwJ,Keep On Smiling,2022-09-02,12,https://i.scdn.co/image/ab67616d0000b273dc1c6525ae41e296529bcbbb,https://i.scdn.co/image/ab67616d00001e02dc1c6525ae41e296529bcbbb,536BYVgOnRky0xjsPT96zl,indie_rock,Two Door Cinema Club
4XgX7TI2RY3vzjKhKJrkGq,False Alarm,2019-06-21,12,https://i.scdn.co/image/ab67616d0000b273a6f0112851d2335ce09322e9,https://i.scdn.co/image/ab67616d00001e02a6f0112851d2335ce09322e9,536BYVgOnRky0xjsPT96zl,indie_rock,Two Door Cinema Club
6PmuEq2op3EMw1ZhCjjucB,Gameshow (Deluxe Edition),2016-10-14,15,https://i.scdn.co/image/ab67616d0000b2734be6b9c26525b1810c34531a,https://i.scdn.co/image/ab67616d00001e024be6b9c26525b1810c34531a,536BYVgOnRky0xjsPT96zl,indie_rock,Two Door Cinema Club
0x87cP5oexzpBwI3iAWBdq,Beacon (Deluxe Version),2012-09-03,26,https://i.scdn.co/image/ab67616d0000b27382d513523ac5d2529f5450f1,https://i.scdn.co/image/ab67616d00001e0282d513523ac5d2529f5450f1,536BYVgOnRky0xjsPT96zl,indie_rock,Two Door Cinema Club
6XFQE0ZYhEwk2hgh0jHgAV,Tourist History (Deluxe Edition),2010-10-18,21,https://i.scdn.co/image/ab67616d0000b2733701117f3a0a7cbf5bfb5e84,https://i.scdn.co/image/ab67616d00001e023701117f3a0a7cbf5bfb5e84,536BYVgOnRky0xjsPT96zl,indie_rock,Two Door Cinema Club
2dGlEut1TyhAyApZ0ADIsd,Neon Pill,2024-05-17,12,https://i.scdn.co/image/ab67616d0000b273479cf8279b8723c5988ab68f,https://i.scdn.co/image/ab67616d00001e02479cf8279b8723c5988ab68f,26T3LtbuGT1Fu9m0eRq5X3,indie_rock,Cage the Elephant
2VuZJsJBPLwg9BeQFQle8G,Social Cues,2019-04-19,13,https://i.scdn.co/image/ab67616d0000b2739805f6248ce3f3ee52cd6ea9,https://i.scdn.co/image/ab67616d00001e029805f6248ce3f3ee52cd6ea9,26T3LtbuGT1Fu9m0eRq5X3,indie_rock,Cage the Elephant
4zpN41aGAYPWX3dzE19rH7,Unpeeled,2017-07-28,21,https://i.scdn.co/image/ab67616d0000b27371ab374ece29e088dada2c6d,https://i.scdn.co/image/ab67616d00001e0271ab374ece29e088dada2c6d,26T3LtbuGT1Fu9m0eRq5X3,indie_rock,Cage the Elephant
0nW0w37lrQ87k7PLZvC4qJ,Tell Me I'm Pretty,2015-12-18,10,https://i.scdn.co/image/ab67616d0000b273cbc75fbb1252959c9765ff4f,https://i.scdn.co/image/ab67616d00001e02cbc75fbb1252959c9765ff4f,26T3LtbuGT1Fu9m0eRq5X3,indie_rock,Cage the Elephant
5nJ9B1KiydXoYWAcyqlG76,Melophobia,2013-10-08,10,https://i.scdn.co/image/ab67616d0000b273415b79227c6cee25f42fbf41,https://i.scdn.co/image/ab67616d00001e02415b79227c6cee25f42fbf41,26T3LtbuGT1Fu9m0eRq5X3,indie_rock,Cage the Elephant
15KUSccm6GCtiAyFeGLaTx,Live From The Vic In Chicago,2012-01-17,19,https://i.scdn.co/image/ab67616d0000b2737e08d3cd013c388e03c52ade,https://i.scdn.co/image/ab67616d00001e027e08d3cd013c388e03c52ade,26T3LtbuGT1Fu9m0eRq5X3,indie_rock,Cage the Elephant
2jVxhH1xg6EIc87rGM1Ogt,Thank You Happy Birthday,2011-01-01,12,https://i.scdn.co/image/ab67616d0000b2737e853e711274e3dfade1c6fd,https://i.scdn.co/image/ab67616d00001e027e853e711274e3dfade1c6fd,26T3LtbuGT1Fu9m0eRq5X3,indie_rock,Cage the Elephant
0c1yNi1MuGlcNrCzU2kDVE,Cage The Elephant,2008-01-01,12,https://i.scdn.co/image/ab67616d0000b273ce6b979ca98da4c27157dc17,https://i.scdn.co/image/ab67616d00001e02ce6b979ca98da4c27157dc17,26T3LtbuGT1Fu9m0eRq5X3,indie_rock,Cage the Elephant
2eTxZYoqIv4MoLqwh73qvo,Once Twice Melody,2022-02-18,18,https://i.scdn.co/image/ab67616d0000b273521628e52f0c4000e4420c11,https://i.scdn.co/image/ab67616d00001e02521628e52f0c4000e4420c11,56ZTgzPBDge0OvCGgMO3OY,indie_rock,Beach House
65bVa55LFhY4PLx0kg8LjW,7,2018-05-11,11,https://i.scdn.co/image/ab67616d0000b27363d3e13577285fa988639232,https://i.scdn.co/image/ab67616d00001e0263d3e13577285fa988639232,56ZTgzPBDge0OvCGgMO3OY,indie_rock,Beach House
1U2HNCQTbqtG7uKvgrXj3e,B-Sides and Rarities,2017-06-30,14,https://i.scdn.co/image/ab67616d0000b2732e8ff09164de26dd190e08f9,https://i.scdn.co/image/ab67616d00001e022e8ff09164de26dd190e08f9,56ZTgzPBDge0OvCGgMO3OY,indie_rock,Beach House
2LY64XcNbQ2bSjjsrbODlL,Thank Your Lucky Stars,2015-10-16,9,https://i.scdn.co/image/ab67616d0000b273f063261bcb31cba9a4489e7f,https://i.scdn.co/image/ab67616d00001e02f063261bcb31cba9a4489e7f,56ZTgzPBDge0OvCGgMO3OY,indie_rock,Beach House
4SkZTSXdPpzTbf6C0m1UKv,Depression Cherry,2015-08-28,9,https://i.scdn.co/image/ab67616d0000b273d1430224d631eaa5954f13c9,https://i.scdn.co/image/ab67616d00001e02d1430224d631eaa5954f13c9,56ZTgzPBDge0OvCGgMO3OY,indie_rock,Beach House
600BVck2XflTAsEo0KhIfm,Bloom,2012-05-14,10,https://i.scdn.co/image/ab67616d0000b273fab2fadd4f2b3e54f8bfbc26,https://i.scdn.co/image/ab67616d00001e02fab2fadd4f2b3e54f8bfbc26,56ZTgzPBDge0OvCGgMO3OY,indie_rock,Beach House
7ejB3MHdDNcY3GzRsQRAHs,Teen Dream,2010-01-25,10,https://i.scdn.co/image/ab67616d0000b273a9a2f4dbb6ce31157d2e4783,https://i.scdn.co/image/ab67616d00001e02a9a2f4dbb6ce31157d2e4783,56ZTgzPBDge0OvCGgMO3OY,indie_rock,Beach House
6Unw8A3kdy8ZPj6MmlbA7E,Devotion,2008-02-26,11,https://i.scdn.co/image/ab67616d0000b273cad79d4a8ac2e2acc58dbfef,https://i.scdn.co/image/ab67616d00001e02cad79d4a8ac2e2acc58dbfef,56ZTgzPBDge0OvCGgMO3OY,indie_rock,Beach House
32bJgeIOAFiNkucTCje5O5,Beach House,2006-10-03,9,https://i.scdn.co/image/ab67616d0000b27369d8e3478a4964cf7219f3da,https://i.scdn.co/image/ab67616d00001e0269d8e3478a4964cf7219f3da,56ZTgzPBDge0OvCGgMO3OY,indie_rock,Beach House
6LqvHLyHq3tdfsUcznmUK1,Hecklers Choice: Big Gums and Heavy Lifters - A Pavement Collection,2025-09-18,12,https://i.scdn.co/image/ab67616d0000b2733e3b0e420a95d01642d31204,https://i.scdn.co/image/ab67616d00001e023e3b0e420a95d01642d31204,3inCNiUr4R6XQ3W43s9Aqi,indie_rock,Pavement
4kJQd3cPlfhNt3fHbWjCxX,Pavements (Original Motion Picture Soundtrack),2025-05-30,41,https://i.scdn.co/image/ab67616d0000b2734ad94ba29e17ce4273d8f39d,https://i.scdn.co/image/ab67616d00001e024ad94ba29e17ce4273d8f39d,3inCNiUr4R6XQ3W43s9Aqi,indie_rock,Pavement
7MDsvCR0EE39k31kPbgojR,Terror Twilight: Farewell Horizontal,2022-04-08,45,https://i.scdn.co/image/ab67616d0000b273dbffb07ebe130745185d82b8,https://i.scdn.co/image/ab67616d00001e02dbffb07ebe130745185d82b8,3inCNiUr4R6XQ3W43s9Aqi,indie_rock,Pavement
40xIlKrNIJhXrvjUwdzOmU,Live Europaturnén MCMXCVII,2009-04-18,10,https://i.scdn.co/image/ab67616d0000b27378a1c9fa0494c78e8316c7ac,https://i.scdn.co/image/ab67616d00001e0278a1c9fa0494c78e8316c7ac,3inCNiUr4R6XQ3W43s9Aqi,indie_rock,Pavement
2z8iibF0hCuBb9h9gYkuO7,Brighten the Corners: Nicene Creedence Ed.,2008-12-09,44,https://i.scdn.co/image/ab67616d0000b273c462f40b1b7bfb7c27b9dd41,https://i.scdn.co/image/ab67616d00001e02c462f40b1b7bfb7c27b9dd41,3inCNiUr4R6XQ3W43s9Aqi,indie_rock,Pavement
61v8cmSY8KdNa2aOB9e4v6,Wowee Zowee (Sordid Sentinels Edition),2006-11-07,50,https://i.scdn.co/image/ab67616d0000b273374fdaf3dfc7d73f60e34a66,https://i.scdn.co/image/ab67616d00001e02374fdaf3dfc7d73f60e34a66,3inCNiUr4R6XQ3W43s9Aqi,indie_rock,Pavement
4qV3ueP3Bau6i4kdWQZm2U,Slanted & Enchanted: Luxe & Reduxe,2002-10-22,48,https://i.scdn.co/image/ab67616d0000b273ef23abc106b6c87fdb61902c,https://i.scdn.co/image/ab67616d00001e02ef23abc106b6c87fdb61902c,3inCNiUr4R6XQ3W43s9Aqi,indie_rock,Pavement
6LvzAzZDazPb9hKNjj1JRN,Terror Twilight,1999-06-08,11,https://i.scdn.co/image/ab67616d0000b2738dd01f5c9071f55fd7c7471b,https://i.scdn.co/image/ab67616d00001e028dd01f5c9071f55fd7c7471b,3inCNiUr4R6XQ3W43s9Aqi,indie_rock,Pavement
1Q6ikDUK4RFtLI3N9Lll9h,Brighten the Corners,1997-02-11,12,https://i.scdn.co/image/ab67616d0000b273c7f74df1b5b7fe002d5a7c71,https://i.scdn.co/image/ab67616d00001e02c7f74df1b5b7fe002d5a7c71,3inCNiUr4R6XQ3W43s9Aqi,indie_rock,Pavement
0OHDiDMyxzWJfwtoeHNCf4,Wowee Zowee,1995-04-11,18,https://i.scdn.co/image/ab67616d0000b273d810c6235ffb0ace45f7b829,https://i.scdn.co/image/ab67616d00001e02d810c6235ffb0ace45f7b829,3inCNiUr4R6XQ3W43s9Aqi,indie_rock,Pavement
1XFNz6KIvLyIsLFOiLRKqP,"Crooked Rain, Crooked Rain",1994-02-14,12,https://i.scdn.co/image/ab67616d0000b2730a719f2817838a22e6a7e8c9,https://i.scdn.co/image/ab67616d00001e020a719f2817838a22e6a7e8c9,3inCNiUr4R6XQ3W43s9Aqi,indie_rock,Pavement
3j8cIhlKe44KAz4JWMz2th,Westing (By Musket And Sextant),1993-03-22,23,https://i.scdn.co/image/ab67616d0000b27329ccdc656494c633b5121d1e,https://i.scdn.co/image/ab67616d00001e0229ccdc656494c633b5121d1e,3inCNiUr4R6XQ3W43s9Aqi,indie_rock,Pavement
7o14zVcXSRk7clV6QCEdOD,Slanted & Enchanted,1992-04-20,14,https://i.scdn.co/image/ab67616d0000b27390f9b2a0016f80531e1c087c,https://i.scdn.co/image/ab67616d00001e0290f9b2a0016f80531e1c087c,3inCNiUr4R6XQ3W43s9Aqi,indie_rock,Pavement
3W9DFhaDMjjAjCsGaMbopg,Strange But True,2025-12-12,22,https://i.scdn.co/image/ab67616d0000b273ff5bc66d8ece94cf801b7af6,https://i.scdn.co/image/ab67616d00001e02ff5bc66d8ece94cf801b7af6,5hAhrnb0Ch4ODwWu4tsbpi,indie_rock,Yo La Tengo
52qcLlfS1OQKWZnSfoaQOZ,By The Evening We'll Be Laughing (Live New York '92),2025-08-02,8,https://i.scdn.co/image/ab67616d0000b2733e769ad7c5f03a1ca74673c2,https://i.scdn.co/image/ab67616d00001e023e769ad7c5f03a1ca74673c2,5hAhrnb0Ch4ODwWu4tsbpi,indie_rock,Yo La Tengo
3LaJpJFSY3cmLFEHJl2z6E,This Stupid World,2023-02-10,9,https://i.scdn.co/image/ab67616d0000b273b65e24598993c715a41723f0,https://i.scdn.co/image/ab67616d00001e02b65e24598993c715a41723f0,5hAhrnb0Ch4ODwWu4tsbpi,indie_rock,Yo La Tengo
5dENCW8tZkcwtsZOWWrkCm,I Can Hear The Heart Beating As One (25th Anniversary Deluxe Edition),2022-04-22,22,https://i.scdn.co/image/ab67616d0000b273987c0091f4788beba8bc20a3,https://i.scdn.co/image/ab67616d00001e02987c0091f4788beba8bc20a3,5hAhrnb0Ch4ODwWu4tsbpi,indie_rock,Yo La Tengo
4MdZim1PPTRJ1OtD5J8vaD,"Wfmu Studios, East Orange, New Jersey 4th February 1990",2021-05-06,14,https://i.scdn.co/image/ab67616d0000b273693cd81ad1a46c56addeb8bb,https://i.scdn.co/image/ab67616d00001e02693cd81ad1a46c56addeb8bb,5hAhrnb0Ch4ODwWu4tsbpi,indie_rock,Yo La Tengo
05TwuwqwLCm1V0GimPcXrD,There's A Riot Going On,2018-03-16,15,https://i.scdn.co/image/ab67616d0000b27353b1c99719616bd56e22cf61,https://i.scdn.co/image/ab67616d00001e0253b1c99719616bd56e22cf61,5hAhrnb0Ch4ODwWu4tsbpi,indie_rock,Yo La Tengo
07q6OIU9NFex9PwpbFLXNo,Parallelogram,2015-12-11,2,https://i.scdn.co/image/ab67616d0000b27329eb0113255ae44771743653,https://i.scdn.co/image/ab67616d00001e0229eb0113255ae44771743653,5hAhrnb0Ch4ODwWu4tsbpi,indie_rock,Yo La Tengo
00vIbcUe4eGeNezbmT3525,Stuff Like That There,2015-08-28,14,https://i.scdn.co/image/ab67616d0000b2732aaf7697e242c64194c39b45,https://i.scdn.co/image/ab67616d00001e022aaf7697e242c64194c39b45,5hAhrnb0Ch4ODwWu4tsbpi,indie_rock,Yo La Tengo
2f1Gx9npTw9Cy6YVXpvEZZ,Extra Painful,2014-12-01,23,https://i.scdn.co/image/ab67616d0000b27340dbb86cdaa28937aee63946,https://i.scdn.co/image/ab67616d00001e0240dbb86cdaa28937aee63946,5hAhrnb0Ch4ODwWu4tsbpi,indie_rock,Yo La Tengo
0ZnLsQVesK9T51EzJlib25,Fade (Deluxe Edition),2013-11-18,24,https://i.scdn.co/image/ab67616d0000b27392cbe083e614622c77fdcc7b,https://i.scdn.co/image/ab67616d00001e0292cbe083e614622c77fdcc7b,5hAhrnb0Ch4ODwWu4tsbpi,indie_rock,Yo La Tengo
20od2Wb9d393Pnp9cScsML,Popular Songs,2009-09-08,12,https://i.scdn.co/image/ab67616d0000b2737e71ec60cfb5dc5c57d033af,https://i.scdn.co/image/ab67616d00001e027e71ec60cfb5dc5c57d033af,5hAhrnb0Ch4ODwWu4tsbpi,indie_rock,Yo La Tengo
0U43jFC9ahFCS22nTYQJP2,"They Shoot, We Score",2008,27,https://i.scdn.co/image/ab67616d0000b273f433f01284e5b1a6aaa2869c,https://i.scdn.co/image/ab67616d00001e02f433f01284e5b1a6aaa2869c,5hAhrnb0Ch4ODwWu4tsbpi,indie_rock,Yo La Tengo
7dU9MbmRJaTX7JJzAd5bqL,I Am Not Afraid Of You And I Will Beat Your Ass,2006-09-11,15,https://i.scdn.co/image/ab67616d0000b2734e10a15da1b054ce67fe6526,https://i.scdn.co/image/ab67616d00001e024e10a15da1b054ce67fe6526,5hAhrnb0Ch4ODwWu4tsbpi,indie_rock,Yo La Tengo
4NdINo3J9ncT8qeD7hfxJf,Summer Sun,2003-04-08,13,https://i.scdn.co/image/ab67616d0000b2736b2565e28d8242263c3c3212,https://i.scdn.co/image/ab67616d00001e026b2565e28d8242263c3c3212,5hAhrnb0Ch4ODwWu4tsbpi,indie_rock,Yo La Tengo
27Gh3nRYlEQMqgublKeBPh,The Sounds of the Sounds of Science,2002,8,https://i.scdn.co/image/ab67616d0000b273eb31ef5a90a205553b3dcf25,https://i.scdn.co/image/ab67616d00001e02eb31ef5a90a205553b3dcf25,5hAhrnb0Ch4ODwWu4tsbpi,indie_rock,Yo La Tengo
23jUW0tjKFrwmYIq8ALz3c,The Wee Small Hours: B-Sides and Other Detritus 2011-2025,2025-05-02,12,https://i.scdn.co/image/ab67616d0000b273a0e4664fa9ca651a232b2e0d,https://i.scdn.co/image/ab67616d00001e02a0e4664fa9ca651a232b2e0d,41SQP16hv1TioVYqdckmxT,indie_rock,Real Estate
6hklBSOyHrnC42LQksxrzd,Daniel,2024-02-23,11,https://i.scdn.co/image/ab67616d0000b27312c80c8035af957851767fd1,https://i.scdn.co/image/ab67616d00001e0212c80c8035af957851767fd1,41SQP16hv1TioVYqdckmxT,indie_rock,Real Estate
1UKlb2Lb7CW1trU8ultvGr,The Main Thing,2020-02-28,14,https://i.scdn.co/image/ab67616d0000b27362f8803e42a3fe094e2f0963,https://i.scdn.co/image/ab67616d00001e0262f8803e42a3fe094e2f0963,41SQP16hv1TioVYqdckmxT,indie_rock,Real Estate
7IQn4jT1WciC5O9DZrxeKv,In Mind,2017-03-17,11,https://i.scdn.co/image/ab67616d0000b2735be34ac9533490e9a764fadd,https://i.scdn.co/image/ab67616d00001e025be34ac9533490e9a764fadd,41SQP16hv1TioVYqdckmxT,indie_rock,Real Estate
5k7WCAZPSbJYzjW5SCQ5sn,Atlas,2014-03-03,10,https://i.scdn.co/image/ab67616d0000b273a7c2b23bc5c9e79300c67ed7,https://i.scdn.co/image/ab67616d00001e02a7c2b23bc5c9e79300c67ed7,41SQP16hv1TioVYqdckmxT,indie_rock,Real Estate
4F6yLWrwSlHv5aZYZ3waAb,Days,2011-10-17,10,https://i.scdn.co/image/ab67616d0000b273ccdb9c22f07f24a773110a87,https://i.scdn.co/image/ab67616d00001e02ccdb9c22f07f24a773110a87,41SQP16hv1TioVYqdckmxT,indie_rock,Real Estate
0vEt6UkpYZOpKxVO7H7j9Y,Real Estate,2009-11-17,10,https://i.scdn.co/image/ab67616d0000b273ce232f93379cb33a6643db82,https://i.scdn.co/image/ab67616d00001e02ce232f93379cb33a6643db82,41SQP16hv1TioVYqdckmxT,indie_rock,Real Estate
68uIz7DtgDoPUFTKxdzL9t,In Utero (30th Anniversary Super Deluxe),2023-10-27,72,https://i.scdn.co/image/ab67616d0000b273455143dda05c7961b95b29bf,https://i.scdn.co/image/ab67616d00001e02455143dda05c7961b95b29bf,6olE6TJLqED3rqDCT0FyPh,alternative_rock,Nirvana
5eA0qtE7Yu29XiMlwoby2G,Nevermind (30th Anniversary Super Deluxe),2021-11-12,75,https://i.scdn.co/image/ab67616d0000b2739aa37e5baca62ca6cc98d056,https://i.scdn.co/image/ab67616d00001e029aa37e5baca62ca6cc98d056,6olE6TJLqED3rqDCT0FyPh,alternative_rock,Nirvana
4Sdfp3NL90GZoYYwLmhk0H,Live And Loud,2019-07-26,17,https://i.scdn.co/image/ab67616d0000b273b74f766214d58b11d076c447,https://i.scdn.co/image/ab67616d00001e02b74f766214d58b11d076c447,6olE6TJLqED3rqDCT0FyPh,alternative_rock,Nirvana
5A7qhg1w3J1GVoPPTChYCF,Live At The Paramount,2019-04-12,19,https://i.scdn.co/image/ab67616d0000b2730f4a6f69950d2469e896226f,https://i.scdn.co/image/ab67616d00001e020f4a6f69950d2469e896226f,6olE6TJLqED3rqDCT0FyPh,alternative_rock,Nirvana
01Z1nufhjxJVXVDuMRmNEM,Live at Reading,2009-01-01,24,https://i.scdn.co/image/ab67616d0000b27340c5b0a60c587bd0cee5ee0c,https://i.scdn.co/image/ab67616d00001e0240c5b0a60c587bd0cee5ee0c,6olE6TJLqED3rqDCT0FyPh,alternative_rock,Nirvana
26paS1Rzj1L0d3Zr1WBTIj,From The Muddy Banks Of The Wishkah (Live),1996-10-01,17,https://i.scdn.co/image/ab67616d0000b2733adeb53f00664f7d0623768f,https://i.scdn.co/image/ab67616d00001e023adeb53f00664f7d0623768f,6olE6TJLqED3rqDCT0FyPh,alternative_rock,Nirvana
1To7kv722A8SpZF789MZy7,MTV Unplugged In New York,1994-11-01,14,https://i.scdn.co/image/ab67616d0000b27336c5417732e53e23cb219246,https://i.scdn.co/image/ab67616d00001e0236c5417732e53e23cb219246,6olE6TJLqED3rqDCT0FyPh,alternative_rock,Nirvana
14VVqBoDw1SxoNLW3Cj3mN,In Utero (Super Deluxe Edition),1993-09-21,60,https://i.scdn.co/image/ab67616d0000b27316265821c125a5c5c601dfb1,https://i.scdn.co/image/ab67616d00001e0216265821c125a5c5c601dfb1,6olE6TJLqED3rqDCT0FyPh,alternative_rock,Nirvana
6ohX7moZZnF1FwYrli1OJ6,In Utero (Deluxe Edition),1993-09-21,43,https://i.scdn.co/image/ab67616d0000b273aca059cebc1841277db22d1c,https://i.scdn.co/image/ab67616d00001e02aca059cebc1841277db22d1c,6olE6TJLqED3rqDCT0FyPh,alternative_rock,Nirvana
7wOOA7l306K8HfBKfPoafr,In Utero,1993-09-21,12,https://i.scdn.co/image/ab67616d0000b273c4f52ef8782f0e8ede4c1aaf,https://i.scdn.co/image/ab67616d00001e02c4f52ef8782f0e8ede4c1aaf,6olE6TJLqED3rqDCT0FyPh,alternative_rock,Nirvana
6ICrBzsbHVluGHP8wGK4Y3,Incesticide,1992-12-14,15,https://i.scdn.co/image/ab67616d0000b273e1f5fcef5fb5f70aa0a717fc,https://i.scdn.co/image/ab67616d00001e02e1f5fcef5fb5f70aa0a717fc,6olE6TJLqED3rqDCT0FyPh,alternative_rock,Nirvana
2UJcKiJxNryhL050F5Z1Fk,Nevermind (Remastered),1991-09-26,13,https://i.scdn.co/image/ab67616d0000b273fbc71c99f9c1296c56dd51b6,https://i.scdn.co/image/ab67616d00001e02fbc71c99f9c1296c56dd51b6,6olE6TJLqED3rqDCT0FyPh,alternative_rock,Nirvana
0CqchZDaOxckvjnKKfJh1w,Bleach (Deluxe Edition),1989-06-15,25,https://i.scdn.co/image/ab67616d0000b27342b32e43479b6aa2cdf93c92,https://i.scdn.co/image/ab67616d00001e0242b32e43479b6aa2cdf93c92,6olE6TJLqED3rqDCT0FyPh,alternative_rock,Nirvana
1KVGLuPtrMrLlyy4Je6df7,Bleach,1989-06-01,13,https://i.scdn.co/image/ab67616d0000b27397507fd22fb690cb9085a864,https://i.scdn.co/image/ab67616d00001e0297507fd22fb690cb9085a864,6olE6TJLqED3rqDCT0FyPh,alternative_rock,Nirvana
4VCFCNy4B35Mx0qzG6JLoF,Rocking Horse (Live),2024-10-07,26,https://i.scdn.co/image/ab67616d0000b2732ec29dbe018bf6ec02072359,https://i.scdn.co/image/ab67616d00001e022ec29dbe018bf6ec02072359,1w5Kfo2jwwIPruYS2UWh56,alternative_rock,Pearl Jam
7MNrrItJpom6uMJWdT0XD8,Dark Matter,2024-04-19,11,https://i.scdn.co/image/ab67616d0000b2736fcdcbbd9cae9001ca5b20d5,https://i.scdn.co/image/ab67616d00001e026fcdcbbd9cae9001ca5b20d5,1w5Kfo2jwwIPruYS2UWh56,alternative_rock,Pearl Jam
7vbERTWUaoNzuZzVkkga5g,Give Way,2023-04-24,17,https://i.scdn.co/image/ab67616d0000b2737bb73eebd1b25263a38f994c,https://i.scdn.co/image/ab67616d00001e027bb73eebd1b25263a38f994c,1w5Kfo2jwwIPruYS2UWh56,alternative_rock,Pearl Jam
1ghzhhlGuTLCD790oXWJwX,MTV Unplugged,2020-10-22,7,https://i.scdn.co/image/ab67616d0000b273aca0cc1823b1f0c81f8e9a28,https://i.scdn.co/image/ab67616d00001e02aca0cc1823b1f0c81f8e9a28,1w5Kfo2jwwIPruYS2UWh56,alternative_rock,Pearl Jam
5bTixyz2GHx1YUqNUdzfut,Gigaton,2020-03-27,12,https://i.scdn.co/image/ab67616d0000b2739be7966e92574b4641a82c17,https://i.scdn.co/image/ab67616d00001e029be7966e92574b4641a82c17,1w5Kfo2jwwIPruYS2UWh56,alternative_rock,Pearl Jam
1D4fI3BbLIJL1aNhGztjUK,Vault 9: Live in Seattle 12/8/93,2019-12-13,24,https://i.scdn.co/image/ab67616d0000b2738644fed4be9161f6e9502eb7,https://i.scdn.co/image/ab67616d00001e028644fed4be9161f6e9502eb7,1w5Kfo2jwwIPruYS2UWh56,alternative_rock,Pearl Jam
5p58xqouYCtDpKCmdISXvT,Let's Play Two (Live / Original Motion Picture Soundtrack),2017-09-29,17,https://i.scdn.co/image/ab67616d0000b2734d3b7874e11eeb8ab140628e,https://i.scdn.co/image/ab67616d00001e024d3b7874e11eeb8ab140628e,1w5Kfo2jwwIPruYS2UWh56,alternative_rock,Pearl Jam
01WEcEzoa9mfh8fIDhvV1M,Lightning Bolt,2013-01-01,12,https://i.scdn.co/image/ab67616d0000b273fa475954245b93ca3167469e,https://i.scdn.co/image/ab67616d00001e02fa475954245b93ca3167469e,1w5Kfo2jwwIPruYS2UWh56,alternative_rock,Pearl Jam
4DCwNXpnKEBYbls0T4LQzN,Backspacer,2009-09-19,12,https://i.scdn.co/image/ab67616d0000b273cd1c5e0054c122d9aa3f829a,https://i.scdn.co/image/ab67616d00001e02cd1c5e0054c122d9aa3f829a,1w5Kfo2jwwIPruYS2UWh56,alternative_rock,Pearl Jam
1cJEPzLBLME22ZUra16HT2,Pearl Jam (2017 Mix),2006-05-02,13,https://i.scdn.co/image/ab67616d0000b2738d8658458dfda1e10b454b83,https://i.scdn.co/image/ab67616d00001e028d8658458dfda1e10b454b83,1w5Kfo2jwwIPruYS2UWh56,alternative_rock,Pearl Jam
7AOWw68DEPnDmTpquZw8bG,Riot Act,2002-11-11,15,https://i.scdn.co/image/ab67616d0000b2732d9b122696316dc3775ad156,https://i.scdn.co/image/ab67616d00001e022d9b122696316dc3775ad156,1w5Kfo2jwwIPruYS2UWh56,alternative_rock,Pearl Jam
1RuYprt6Qlqu286h1f4dzZ,Binaural,2000-05-16,13,https://i.scdn.co/image/ab67616d0000b273403e57da4e5005b0ab8c13aa,https://i.scdn.co/image/ab67616d00001e02403e57da4e5005b0ab8c13aa,1w5Kfo2jwwIPruYS2UWh56,alternative_rock,Pearl Jam
5zsDtoSrXK4usJ4MB1tCh2,Yield,1998-02-17,13,https://i.scdn.co/image/ab67616d0000b27361f735e295a29d948d4f4223,https://i.scdn.co/image/ab67616d00001e0261f735e295a29d948d4f4223,1w5Kfo2jwwIPruYS2UWh56,alternative_rock,Pearl Jam
4iJyGZY78IklThzV0jOFR5,Motion (Live Burbank '89),2025-10-13,8,https://i.scdn.co/image/ab67616d0000b273d36f492e229e969cc993e713,https://i.scdn.co/image/ab67616d00001e02d36f492e229e969cc993e713,5xUf6j4upBrXZPg6AI4MRK,alternative_rock,Soundgarden
36UFz7d3yhZgMSI3XeaerU,Paradigm (Live),2024-06-12,8,https://i.scdn.co/image/ab67616d0000b273b16fc74bbca95081bbf28000,https://i.scdn.co/image/ab67616d00001e02b16fc74bbca95081bbf28000,5xUf6j4upBrXZPg6AI4MRK,alternative_rock,Soundgarden
16qDEYZmrUkqTLkV5m9Rpo,Masquerade (Live Boston '90),2023-06-08,9,https://i.scdn.co/image/ab67616d0000b273daed81741633b13670887a52,https://i.scdn.co/image/ab67616d00001e02daed81741633b13670887a52,5xUf6j4upBrXZPg6AI4MRK,alternative_rock,Soundgarden
3Vt48jm2goABfpuFbMUaUZ,Suffocate (Live 1991),2022-01-07,8,https://i.scdn.co/image/ab67616d0000b273089abaa063f1ecd56c63f922,https://i.scdn.co/image/ab67616d00001e02089abaa063f1ecd56c63f922,5xUf6j4upBrXZPg6AI4MRK,alternative_rock,Soundgarden
3Ug7tuZrDlT3pTTD3hUhPA,Live From The Artists Den,2019-07-26,29,https://i.scdn.co/image/ab67616d0000b2733dfbf5d9c933c07cb866a8d7,https://i.scdn.co/image/ab67616d00001e023dfbf5d9c933c07cb866a8d7,5xUf6j4upBrXZPg6AI4MRK,alternative_rock,Soundgarden
00LS6GJwb5ZPTKS8NMAT8x,Ultramega OK (Expanded Reissue),2017-03-10,19,https://i.scdn.co/image/ab67616d0000b273bf2bfcbb44d19e0ac0bc8025,https://i.scdn.co/image/ab67616d00001e02bf2bfcbb44d19e0ac0bc8025,5xUf6j4upBrXZPg6AI4MRK,alternative_rock,Soundgarden
5wStnX0uKJRKlWX4rifrSb,Screaming Life/Fopp,2013-11-25,11,https://i.scdn.co/image/ab67616d0000b273ba8e43c3c1723f5930717cfb,https://i.scdn.co/image/ab67616d00001e02ba8e43c3c1723f5930717cfb,5xUf6j4upBrXZPg6AI4MRK,alternative_rock,Soundgarden
75nbZvjME9F7wHeVMnKDLv,Commentary,2012-11-12,13,https://i.scdn.co/image/ab67616d0000b273e8822e5018391344bcf00183,https://i.scdn.co/image/ab67616d00001e02e8822e5018391344bcf00183,5xUf6j4upBrXZPg6AI4MRK,alternative_rock,Soundgarden
2Oe2YVJf3fQ0lYTd9MfW1C,Live On I-5,2011-01-01,22,https://i.scdn.co/image/ab67616d0000b273f43fccf2abd61f376696dd88,https://i.scdn.co/image/ab67616d00001e02f43fccf2abd61f376696dd88,5xUf6j4upBrXZPg6AI4MRK,alternative_rock,Soundgarden
1IVa98im1RfxYp6qeOIg2B,Down On The Upside,1996-05-21,16,https://i.scdn.co/image/ab67616d0000b2736d70b73bcb327515e9fa8fac,https://i.scdn.co/image/ab67616d00001e026d70b73bcb327515e9fa8fac,5xUf6j4upBrXZPg6AI4MRK,alternative_rock,Soundgarden
4K8bxkPDa5HENw0TK7WxJh,Superunknown (20th Anniversary),1994-03-09,15,https://i.scdn.co/image/ab67616d0000b2735124ed45a94033830b320500,https://i.scdn.co/image/ab67616d00001e025124ed45a94033830b320500,5xUf6j4upBrXZPg6AI4MRK,alternative_rock,Soundgarden
2W6MaUiInBkna5DfBES4E3,Badmotorfinger (25th Anniversary Remaster),1991-10-08,12,https://i.scdn.co/image/ab67616d0000b27386ea45263405a29c7f433d3d,https://i.scdn.co/image/ab67616d00001e0286ea45263405a29c7f433d3d,5xUf6j4upBrXZPg6AI4MRK,alternative_rock,Soundgarden
4Q1HXCFg84PfQRZlPCA4SH,Louder Than Love,1989-01-01,12,https://i.scdn.co/image/ab67616d0000b2734afd3baacb2653eff44f640a,https://i.scdn.co/image/ab67616d00001e024afd3baacb2653eff44f640a,5xUf6j4upBrXZPg6AI4MRK,alternative_rock,Soundgarden
6cTOWANHC25V29GXpfwyFt,Rainier Fog,2018-08-24,10,https://i.scdn.co/image/ab67616d0000b27319bf53b5371029aba27d8732,https://i.scdn.co/image/ab67616d00001e0219bf53b5371029aba27d8732,64tNsm6TnZe2zpcMVMOoHL,alternative_rock,Alice in Chains
4JV6q4KmgdxUjtBYaJLDSB,Sea Of Sorrow (Live),2015-09-24,10,https://i.scdn.co/image/ab67616d0000b273d6cddcfe7c24c82e49f5f3da,https://i.scdn.co/image/ab67616d00001e02d6cddcfe7c24c82e49f5f3da,64tNsm6TnZe2zpcMVMOoHL,alternative_rock,Alice in Chains
0uz3QSBmc0lTYVo2svp4mB,The Devil Put Dinosaurs Here,2013-05-28,12,https://i.scdn.co/image/ab67616d0000b273d1a97721b8379918ee20a42c,https://i.scdn.co/image/ab67616d00001e02d1a97721b8379918ee20a42c,64tNsm6TnZe2zpcMVMOoHL,alternative_rock,Alice in Chains
4puIIbtVV70tew9msnAEUY,Black Gives Way To Blue,2009-09-29,13,https://i.scdn.co/image/ab67616d0000b2732aac6b7dae4a8813f5e28454,https://i.scdn.co/image/ab67616d00001e022aac6b7dae4a8813f5e28454,64tNsm6TnZe2zpcMVMOoHL,alternative_rock,Alice in Chains
5PdgIAHzwDvTZRjIGSQGtN,Unplugged,1996-07-29,13,https://i.scdn.co/image/ab67616d0000b273f2b6bebda774909d71e0f796,https://i.scdn.co/image/ab67616d00001e02f2b6bebda774909d71e0f796,64tNsm6TnZe2zpcMVMOoHL,alternative_rock,Alice in Chains
49R4Qye4UUwzjPPQhtCkRe,Alice In Chains,1995-10-30,12,https://i.scdn.co/image/ab67616d0000b273bdcb34c7c881080832a051e2,https://i.scdn.co/image/ab67616d00001e02bdcb34c7c881080832a051e2,64tNsm6TnZe2zpcMVMOoHL,alternative_rock,Alice in Chains
4FCoFSNIFhK36holxHWCnc,Jar Of Flies,1994,7,https://i.scdn.co/image/ab67616d0000b27325b42be683b8d3c6500db726,https://i.scdn.co/image/ab67616d00001e0225b42be683b8d3c6500db726,64tNsm6TnZe2zpcMVMOoHL,alternative_rock,Alice in Chains
58NXIEYqmq5dQHg9nV9duM,Dirt (2022 Remaster),1992-09-29,13,https://i.scdn.co/image/ab67616d0000b2732d1447994ec24301429681cb,https://i.scdn.co/image/ab67616d00001e022d1447994ec24301429681cb,64tNsm6TnZe2zpcMVMOoHL,alternative_rock,Alice in Chains
5LbHbwejgZXRZAgzVAjkhj,Facelift,1990-08-01,12,https://i.scdn.co/image/ab67616d0000b2733cf83c82a8e976d7b51e2d00,https://i.scdn.co/image/ab67616d00001e023cf83c82a8e976d7b51e2d00,64tNsm6TnZe2zpcMVMOoHL,alternative_rock,Alice in Chains
6nrppjPtyFRWoZbVJyQqgk,Mellon Collie And The Infinite Sadness (30th Anniversary Edition),2025-11-21,42,https://i.scdn.co/image/ab67616d0000b273f04ed92dca9611bdcd3120b3,https://i.scdn.co/image/ab67616d00001e02f04ed92dca9611bdcd3120b3,40Yq4vzPs9VNUrIBG5Jr2i,alternative_rock,Smashing Pumpkins
3q1oMROgi4TdSS9jsK6zzA,Machina / The Machines Of God (25th Anniversary Edition),2025-08-22,16,https://i.scdn.co/image/ab67616d0000b273de20b53b36a8a68939a4a907,https://i.scdn.co/image/ab67616d00001e02de20b53b36a8a68939a4a907,40Yq4vzPs9VNUrIBG5Jr2i,alternative_rock,Smashing Pumpkins
2BoDjxlw4rrLUOaoVtarU1,Aghori Mhori Mei,2024-08-02,10,https://i.scdn.co/image/ab67616d0000b273f20789265ff7f79b54cb218d,https://i.scdn.co/image/ab67616d00001e02f20789265ff7f79b54cb218d,40Yq4vzPs9VNUrIBG5Jr2i,alternative_rock,Smashing Pumpkins
4Sd50ORhLkyoddNHyLnr49,ATUM,2023-05-05,33,https://i.scdn.co/image/ab67616d0000b273faf7a235b8a2c30f94bc05bb,https://i.scdn.co/image/ab67616d00001e02faf7a235b8a2c30f94bc05bb,40Yq4vzPs9VNUrIBG5Jr2i,alternative_rock,Smashing Pumpkins
1hv6BR1NZCPSkiZUS2pruA,CYR,2020-11-27,20,https://i.scdn.co/image/ab67616d0000b273eb8618260c730686a0340986,https://i.scdn.co/image/ab67616d00001e02eb8618260c730686a0340986,40Yq4vzPs9VNUrIBG5Jr2i,alternative_rock,Smashing Pumpkins
79hrsAJ5KarGlVHWOmbe9r,"SHINY AND OH SO BRIGHT, VOL. 1 / LP: NO PAST. NO FUTURE. NO SUN.",2018-11-16,8,https://i.scdn.co/image/ab67616d0000b273aee003d46b8fb14239bca97d,https://i.scdn.co/image/ab67616d00001e02aee003d46b8fb14239bca97d,40Yq4vzPs9VNUrIBG5Jr2i,alternative_rock,Smashing Pumpkins
5PubMxaRzGCCgqrp3j1AfY,Monuments to an Elegy,2014-12-05,9,https://i.scdn.co/image/ab67616d0000b273cdab2141cf648ec2000454de,https://i.scdn.co/image/ab67616d00001e02cdab2141cf648ec2000454de,40Yq4vzPs9VNUrIBG5Jr2i,alternative_rock,Smashing Pumpkins
74lsuD9BFzTspHLeoV5PTc,Oceania,2012-01-01,13,https://i.scdn.co/image/ab67616d0000b273f3ee5ac1c380105969ae4d1a,https://i.scdn.co/image/ab67616d00001e02f3ee5ac1c380105969ae4d1a,40Yq4vzPs9VNUrIBG5Jr2i,alternative_rock,Smashing Pumpkins
4hrZp6mKgz0HG7UpRbNYQx,Machina / The Machines Of God,2000-02-29,15,https://i.scdn.co/image/ab67616d0000b273e24f7aaa97e6311d8fa89e1c,https://i.scdn.co/image/ab67616d00001e02e24f7aaa97e6311d8fa89e1c,40Yq4vzPs9VNUrIBG5Jr2i,alternative_rock,Smashing Pumpkins
4vEwMwa4AemWV8Ws7nQuYi,Adore (2014 Remaster),1998,16,https://i.scdn.co/image/ab67616d0000b2732ed6a15181caa09db82d1f75,https://i.scdn.co/image/ab67616d00001e022ed6a15181caa09db82d1f75,40Yq4vzPs9VNUrIBG5Jr2i,alternative_rock,Smashing Pumpkins
4bPT6Q8ppaSNppk1kbEbLl,Mellon Collie And The Infinite Sadness (Remastered),1995-12-12,28,https://i.scdn.co/image/ab67616d0000b2734c42e40240028664f939f81c,https://i.scdn.co/image/ab67616d00001e024c42e40240028664f939f81c,40Yq4vzPs9VNUrIBG5Jr2i,alternative_rock,Smashing Pumpkins
55RhFRyQFihIyGf61MgcfV,Mellon Collie And The Infinite Sadness (Deluxe Edition),1995,92,https://i.scdn.co/image/ab67616d0000b273431ac6e6f393acf475730ec6,https://i.scdn.co/image/ab67616d00001e02431ac6e6f393acf475730ec6,40Yq4vzPs9VNUrIBG5Jr2i,alternative_rock,Smashing Pumpkins
0WMWadJs4xUOIv5bmgR79W,Pisces Iscariot (Remastered),1994,14,https://i.scdn.co/image/ab67616d0000b273bb0a14a416893163e900ac43,https://i.scdn.co/image/ab67616d00001e02bb0a14a416893163e900ac43,40Yq4vzPs9VNUrIBG5Jr2i,alternative_rock,Smashing Pumpkins
5qKZaYgZJakL0qIE1kKgSJ,Your Favorite Toy,2026-04-24,10,https://i.scdn.co/image/ab67616d0000b273133f31ee504e90d25ca0392d,https://i.scdn.co/image/ab67616d00001e02133f31ee504e90d25ca0392d,7jy3rLJdDQY21OgRLCZ9sD,alternative_rock,Foo Fighters
4wp4aWWpoYfNcspimVAnel,But Here We Are,2023-06-02,10,https://i.scdn.co/image/ab67616d0000b2736fc1b2193f39c1eac7ad253d,https://i.scdn.co/image/ab67616d00001e026fc1b2193f39c1eac7ad253d,7jy3rLJdDQY21OgRLCZ9sD,alternative_rock,Foo Fighters
50QMS2zosvUxhucf6zMRUy,Dee Gees / Hail Satin - Foo Fighters / Live,2021-07-19,10,https://i.scdn.co/image/ab67616d0000b273bc174e6fa6532fe2cafe73f4,https://i.scdn.co/image/ab67616d00001e02bc174e6fa6532fe2cafe73f4,7jy3rLJdDQY21OgRLCZ9sD,alternative_rock,Foo Fighters
4Sb67WEPsYgQxd7GItaAtI,Medicine At Midnight (Track Commentary),2021-02-03,9,https://i.scdn.co/image/ab67616d0000b273cfa9c62d3bd7cce611a58c97,https://i.scdn.co/image/ab67616d00001e02cfa9c62d3bd7cce611a58c97,7jy3rLJdDQY21OgRLCZ9sD,alternative_rock,Foo Fighters
6KMkuqIwKkwUhUYRPL6dUc,Concrete and Gold,2017-09-15,11,https://i.scdn.co/image/ab67616d0000b273c0fc3e2ea7df505a73658846,https://i.scdn.co/image/ab67616d00001e02c0fc3e2ea7df505a73658846,7jy3rLJdDQY21OgRLCZ9sD,alternative_rock,Foo Fighters
2qwN15acAl3sm3Idce5vK9,Sonic Highways,2014-11-09,8,https://i.scdn.co/image/ab67616d0000b273d12b9349b2ab140c4f6364e0,https://i.scdn.co/image/ab67616d00001e02d12b9349b2ab140c4f6364e0,7jy3rLJdDQY21OgRLCZ9sD,alternative_rock,Foo Fighters
5lnQLEUiVDkLbFJHXHQu9m,Wasting Light,2011-04-12,11,https://i.scdn.co/image/ab67616d0000b273fc14d5117520d5bce369a543,https://i.scdn.co/image/ab67616d00001e02fc14d5117520d5bce369a543,7jy3rLJdDQY21OgRLCZ9sD,alternative_rock,Foo Fighters
3ilXDEG0xiajK8AbqboeJz,"Echoes, Silence, Patience & Grace",2007-09-25,12,https://i.scdn.co/image/ab67616d0000b2739d957247c6c610cb7c4da1c5,https://i.scdn.co/image/ab67616d00001e029d957247c6c610cb7c4da1c5,7jy3rLJdDQY21OgRLCZ9sD,alternative_rock,Foo Fighters
4IBQvwIbtDluogvDe2qpaB,Skin And Bones (Live),2006-11-07,15,https://i.scdn.co/image/ab67616d0000b2731261a8fa94b247ba71d20542,https://i.scdn.co/image/ab67616d00001e021261a8fa94b247ba71d20542,7jy3rLJdDQY21OgRLCZ9sD,alternative_rock,Foo Fighters
2eprpJCYbCbPZRKVGIEJxZ,In Your Honor,2005-06-14,20,https://i.scdn.co/image/ab67616d0000b27350d3fff0dc3d9b55f164d8d6,https://i.scdn.co/image/ab67616d00001e0250d3fff0dc3d9b55f164d8d6,7jy3rLJdDQY21OgRLCZ9sD,alternative_rock,Foo Fighters
1zQ6F8gMagKcPL4SoA80cx,One By One (Expanded Edition),2002-10-22,17,https://i.scdn.co/image/ab67616d0000b273bfff163b0602156a983fa079,https://i.scdn.co/image/ab67616d00001e02bfff163b0602156a983fa079,7jy3rLJdDQY21OgRLCZ9sD,alternative_rock,Foo Fighters
28q2N44ocJECgf8sbHEDfY,There Is Nothing Left To Lose,1999-11-02,11,https://i.scdn.co/image/ab67616d0000b2736c52084ed1f1748f213783b3,https://i.scdn.co/image/ab67616d00001e026c52084ed1f1748f213783b3,7jy3rLJdDQY21OgRLCZ9sD,alternative_rock,Foo Fighters
30ly6F6Xl0TKmyBCU50Khv,The Colour And The Shape,1997-05-20,14,https://i.scdn.co/image/ab67616d0000b2734bc9bcdbdc9ac34e37d8b6bb,https://i.scdn.co/image/ab67616d00001e024bc9bcdbdc9ac34e37d8b6bb,7jy3rLJdDQY21OgRLCZ9sD,alternative_rock,Foo Fighters
4EnNuo8fG7dMoxMefbApRY,Foo Fighters,1995-07-04,12,https://i.scdn.co/image/ab67616d0000b27352844939eaf38ec62110fcde,https://i.scdn.co/image/ab67616d00001e0252844939eaf38ec62110fcde,7jy3rLJdDQY21OgRLCZ9sD,alternative_rock,Foo Fighters
0KJc9ksnoJJsdpQxV3z5i1,Return of the Dream Canteen,2022-10-14,17,https://i.scdn.co/image/ab67616d0000b2732e5ac4556c1da606025d16ef,https://i.scdn.co/image/ab67616d00001e022e5ac4556c1da606025d16ef,0L8ExT028jH3ddEcZwqJJ5,alternative_rock,Red Hot Chili Peppers
2ITVvrNiINKRiW7wA3w6w6,Unlimited Love,2022-04-01,17,https://i.scdn.co/image/ab67616d0000b273000db23d185de8c78efabd92,https://i.scdn.co/image/ab67616d00001e02000db23d185de8c78efabd92,0L8ExT028jH3ddEcZwqJJ5,alternative_rock,Red Hot Chili Peppers
43otFXrY0bgaq5fB3GrZj6,The Getaway,2016-06-17,13,https://i.scdn.co/image/ab67616d0000b27358406b3f1ac3ceaff7a64fef,https://i.scdn.co/image/ab67616d00001e0258406b3f1ac3ceaff7a64fef,0L8ExT028jH3ddEcZwqJJ5,alternative_rock,Red Hot Chili Peppers
5wZtSIvijWCMc1vlPFqAyB,I'm with You,2011-08-29,14,https://i.scdn.co/image/ab67616d0000b27396136a2ab5696812e9b26723,https://i.scdn.co/image/ab67616d00001e0296136a2ab5696812e9b26723,0L8ExT028jH3ddEcZwqJJ5,alternative_rock,Red Hot Chili Peppers
7xl50xr9NDkd3i2kBbzsNZ,Stadium Arcadium,2006-05-09,29,https://i.scdn.co/image/ab67616d0000b27309fd83d32aee93dceba78517,https://i.scdn.co/image/ab67616d00001e0209fd83d32aee93dceba78517,0L8ExT028jH3ddEcZwqJJ5,alternative_rock,Red Hot Chili Peppers
1jWKVgnHX8nwR551hQNx5K,By the Way,2002-07-09,16,https://i.scdn.co/image/ab67616d0000b273fdbcee40748537ff80a7af70,https://i.scdn.co/image/ab67616d00001e02fdbcee40748537ff80a7af70,0L8ExT028jH3ddEcZwqJJ5,alternative_rock,Red Hot Chili Peppers
0fLhefnjlIV3pGNF9Wo8CD,Californication,1999-06-08,15,https://i.scdn.co/image/ab67616d0000b273a9249ebb15ca7a5b75f16a90,https://i.scdn.co/image/ab67616d00001e02a9249ebb15ca7a5b75f16a90,0L8ExT028jH3ddEcZwqJJ5,alternative_rock,Red Hot Chili Peppers
2rQ135imvelvp89D8eEZOi,One Hot Minute (Deluxe Edition),1995-09-12,16,https://i.scdn.co/image/ab67616d0000b2737f3dcf99224570b053294ccf,https://i.scdn.co/image/ab67616d00001e027f3dcf99224570b053294ccf,0L8ExT028jH3ddEcZwqJJ5,alternative_rock,Red Hot Chili Peppers
74cQBDmkkzRBntR064f0SD,One Hot Minute,1995-09-12,13,https://i.scdn.co/image/ab67616d0000b27384b9d450917fbae37b2e3d91,https://i.scdn.co/image/ab67616d00001e0284b9d450917fbae37b2e3d91,0L8ExT028jH3ddEcZwqJJ5,alternative_rock,Red Hot Chili Peppers
30Perjew8HyGkdSmqguYyg,Blood Sugar Sex Magik (Deluxe Edition),1991-09-24,19,https://i.scdn.co/image/ab67616d0000b273153d79816d853f2694b2cc70,https://i.scdn.co/image/ab67616d00001e02153d79816d853f2694b2cc70,0L8ExT028jH3ddEcZwqJJ5,alternative_rock,Red Hot Chili Peppers
3rHJQrfEcBeSaLPuLwKR6F,The Uplift Mofo Party Plan,1987-09-29,12,https://i.scdn.co/image/ab67616d0000b273ef0aaa5b8cd65ec81d22b3d9,https://i.scdn.co/image/ab67616d00001e02ef0aaa5b8cd65ec81d22b3d9,0L8ExT028jH3ddEcZwqJJ5,alternative_rock,Red Hot Chili Peppers
10Oqhoq2akSJnurJOPk8xT,Freaky Styley (Expanded Edition / 2003 Remaster),1985-08-16,18,https://i.scdn.co/image/ab67616d0000b273d95ea73fb482cde5129fe739,https://i.scdn.co/image/ab67616d00001e02d95ea73fb482cde5129fe739,0L8ExT028jH3ddEcZwqJJ5,alternative_rock,Red Hot Chili Peppers
5QxFTj8ar3blXVyVEo2rxD,The Red Hot Chili Peppers (Expanded Edition / 2002 Remaster),1984-08-10,16,https://i.scdn.co/image/ab67616d0000b27329e7d4966ce2ec927224b730,https://i.scdn.co/image/ab67616d00001e0229e7d4966ce2ec927224b730,0L8ExT028jH3ddEcZwqJJ5,alternative_rock,Red Hot Chili Peppers
5jVU78xvmaqPWJV7HaZqqj,Absolution XX Anniversary,2023-11-17,26,https://i.scdn.co/image/ab67616d0000b2732a2088cf78cdb87410d5eeaa,https://i.scdn.co/image/ab67616d00001e022a2088cf78cdb87410d5eeaa,12Chz98pHFMPJEknJQMWvI,alternative_rock,Muse
5qK8S5JRF8au6adIVtBsmk,Will Of The People,2022-08-26,10,https://i.scdn.co/image/ab67616d0000b273459372f4e09090dd6ecd890f,https://i.scdn.co/image/ab67616d00001e02459372f4e09090dd6ecd890f,12Chz98pHFMPJEknJQMWvI,alternative_rock,Muse
5EIVoKtfgnSc0nPzJS6lzy,Origin of Symmetry (XX Anniversary RemiXX),2021-06-18,12,https://i.scdn.co/image/ab67616d0000b2737a940da31f7c94cb43561391,https://i.scdn.co/image/ab67616d00001e027a940da31f7c94cb43561391,12Chz98pHFMPJEknJQMWvI,alternative_rock,Muse
5OZgDtx180ZZPMpm36J2zC,Simulation Theory (Super Deluxe),2018-11-09,21,https://i.scdn.co/image/ab67616d0000b2734cb163c1d111f77307c842b6,https://i.scdn.co/image/ab67616d00001e024cb163c1d111f77307c842b6,12Chz98pHFMPJEknJQMWvI,alternative_rock,Muse
2wart5Qjnvx1fd7LPdQxgJ,Drones,2015-06-04,12,https://i.scdn.co/image/ab67616d0000b273808846f0223d97d5963c420d,https://i.scdn.co/image/ab67616d00001e02808846f0223d97d5963c420d,12Chz98pHFMPJEknJQMWvI,alternative_rock,Muse
2m7L60M210ABzrY9GLyBPZ,Live at Rome Olympic Stadium,2013-11-25,13,https://i.scdn.co/image/ab67616d0000b27306abd7e9854cba988401707c,https://i.scdn.co/image/ab67616d00001e0206abd7e9854cba988401707c,12Chz98pHFMPJEknJQMWvI,alternative_rock,Muse
3KuXEGcqLcnEYWnn3OEGy0,The 2nd Law,2012-09-24,13,https://i.scdn.co/image/ab67616d0000b273fc192c54d1823a04ffb6c8c9,https://i.scdn.co/image/ab67616d00001e02fc192c54d1823a04ffb6c8c9,12Chz98pHFMPJEknJQMWvI,alternative_rock,Muse
0eFHYz8NmK75zSplL5qlfM,The Resistance,2009-09-10,11,https://i.scdn.co/image/ab67616d0000b273b6d4566db0d12894a1a3b7a2,https://i.scdn.co/image/ab67616d00001e02b6d4566db0d12894a1a3b7a2,12Chz98pHFMPJEknJQMWvI,alternative_rock,Muse
2EcBoQ1Hb39hgSUEgrtR3j,HAARP (Live from Wembley Stadium),2008-03-14,15,https://i.scdn.co/image/ab67616d0000b27309ed09acb4af455cabce0f7c,https://i.scdn.co/image/ab67616d00001e0209ed09acb4af455cabce0f7c,12Chz98pHFMPJEknJQMWvI,alternative_rock,Muse
0lw68yx3MhKflWFqCsGkIs,Black Holes and Revelations,2006-06-28,12,https://i.scdn.co/image/ab67616d0000b27328933b808bfb4cbbd0385400,https://i.scdn.co/image/ab67616d00001e0228933b808bfb4cbbd0385400,12Chz98pHFMPJEknJQMWvI,alternative_rock,Muse
2Eq6RyxCm7qEAF2YLOxa4s,Absolution,2003-09-15,15,https://i.scdn.co/image/ab67616d0000b27348cf14e1e805e59e001b10ea,https://i.scdn.co/image/ab67616d00001e0248cf14e1e805e59e001b10ea,12Chz98pHFMPJEknJQMWvI,alternative_rock,Muse
1Dh27pjT3IEdiRG9Se5uQn,Origin of Symmetry,2001,12,https://i.scdn.co/image/ab67616d0000b2735225e9931a558f6d2f541a7d,https://i.scdn.co/image/ab67616d00001e025225e9931a558f6d2f541a7d,12Chz98pHFMPJEknJQMWvI,alternative_rock,Muse
6AyUVv7MnxxTuijp4WmrhO,Showbiz,1999,13,https://i.scdn.co/image/ab67616d0000b27334dd1b3a44cccef2d3c8bfce,https://i.scdn.co/image/ab67616d00001e0234dd1b3a44cccef2d3c8bfce,12Chz98pHFMPJEknJQMWvI,alternative_rock,Muse
2WBXvIfpIybjK1RSZKakrR,Weezer 30 (Anniversary Super Deluxe),2024-11-01,50,https://i.scdn.co/image/ab67616d0000b273b24373be5b8f4776812c4a21,https://i.scdn.co/image/ab67616d00001e02b24373be5b8f4776812c4a21,3jOstUTkEu2JkjvRdBA5Gu,alternative_rock,Weezer
2WJsNhU7H0rZQzWdMVQ4NV,SZNZ: Winter,2022-12-21,28,https://i.scdn.co/image/ab67616d0000b27342cce47c1de8e270fc17b1f8,https://i.scdn.co/image/ab67616d00001e0242cce47c1de8e270fc17b1f8,3jOstUTkEu2JkjvRdBA5Gu,alternative_rock,Weezer
1ZuTYUdoALghOAKTISys6n,SZNZ: Autumn,2022-09-22,21,https://i.scdn.co/image/ab67616d0000b273812e38d9056a2dbf4d5dddcd,https://i.scdn.co/image/ab67616d00001e02812e38d9056a2dbf4d5dddcd,3jOstUTkEu2JkjvRdBA5Gu,alternative_rock,Weezer
1DvBf2E2OgU8HAjgInLT6H,SZNZ: Summer,2022-06-21,7,https://i.scdn.co/image/ab67616d0000b273634ec881ab85b46546813978,https://i.scdn.co/image/ab67616d00001e02634ec881ab85b46546813978,3jOstUTkEu2JkjvRdBA5Gu,alternative_rock,Weezer
5dpaxVXET01VAgivwwUac6,SZNZ: Spring,2022-03-20,7,https://i.scdn.co/image/ab67616d0000b27350c57dc3b8dcd107812d33cd,https://i.scdn.co/image/ab67616d00001e0250c57dc3b8dcd107812d33cd,3jOstUTkEu2JkjvRdBA5Gu,alternative_rock,Weezer
4QIZtPbEAQTu1smtYyDHXz,Van Weezer,2021-05-07,10,https://i.scdn.co/image/ab67616d0000b2730a1a534671e33b3a85c43eaf,https://i.scdn.co/image/ab67616d00001e020a1a534671e33b3a85c43eaf,3jOstUTkEu2JkjvRdBA5Gu,alternative_rock,Weezer
0dL9rGQxUeIqpiUndXaQLl,OK Human,2021-01-29,12,https://i.scdn.co/image/ab67616d0000b273d5f052ea62e58d32016e21d4,https://i.scdn.co/image/ab67616d00001e02d5f052ea62e58d32016e21d4,3jOstUTkEu2JkjvRdBA5Gu,alternative_rock,Weezer
49cHEhh4pSeWvV0HW3OYo6,Weezer (Black Album),2019-03-01,10,https://i.scdn.co/image/ab67616d0000b2739d1f36cb287ab623b919b515,https://i.scdn.co/image/ab67616d00001e029d1f36cb287ab623b919b515,3jOstUTkEu2JkjvRdBA5Gu,alternative_rock,Weezer
65sHj9PvsbyD0uugGHjueN,Weezer (Teal Album),2019-01-24,10,https://i.scdn.co/image/ab67616d0000b27323473d8f0c8669583307532e,https://i.scdn.co/image/ab67616d00001e0223473d8f0c8669583307532e,3jOstUTkEu2JkjvRdBA5Gu,alternative_rock,Weezer
3EwfQtjvyRAXsPWAKO5FDP,Pacific Daydream,2017-10-27,10,https://i.scdn.co/image/ab67616d0000b273f04ed0e9d5af8b1b5f011b2f,https://i.scdn.co/image/ab67616d00001e02f04ed0e9d5af8b1b5f011b2f,3jOstUTkEu2JkjvRdBA5Gu,alternative_rock,Weezer
6StNTJJ7Yq3Hf121kLvPBz,Weezer (White Album),2016-04-01,10,https://i.scdn.co/image/ab67616d0000b273962ce52e166e5e1dd7c2f4a3,https://i.scdn.co/image/ab67616d00001e02962ce52e166e5e1dd7c2f4a3,3jOstUTkEu2JkjvRdBA5Gu,alternative_rock,Weezer
5bwoCpDhski3iIxwsdgPTM,Everything Will Be Alright In The End,2014-10-01,13,https://i.scdn.co/image/ab67616d0000b273e7d13eb0e3c1032e4f8dfc93,https://i.scdn.co/image/ab67616d00001e02e7d13eb0e3c1032e4f8dfc93,3jOstUTkEu2JkjvRdBA5Gu,alternative_rock,Weezer
1FXneUyo0D1lnMZ0Nv3sw8,Hurley (Deluxe Edition),2010-09-14,14,https://i.scdn.co/image/ab67616d0000b273337f3bcc794bdce96e9e744d,https://i.scdn.co/image/ab67616d00001e02337f3bcc794bdce96e9e744d,3jOstUTkEu2JkjvRdBA5Gu,alternative_rock,Weezer
4EYiaCimOb1Li1bnb7ppi6,(What's The Story) Morning Glory? (30th Anniversary Deluxe Edition),2025-10-03,17,https://i.scdn.co/image/ab67616d0000b2735d7f7b30d1ecf63d9dc7073c,https://i.scdn.co/image/ab67616d00001e025d7f7b30d1ecf63d9dc7073c,2DaxqgrOhkeH0fpeiQq2f4,alternative_rock,Oasis
4ltq9CMOO5mfLkcDOpXYXF,Definitely Maybe (30th Anniversary Deluxe Edition),2024-08-30,27,https://i.scdn.co/image/ab67616d0000b27375fb0f5ebfd169019323bd66,https://i.scdn.co/image/ab67616d00001e0275fb0f5ebfd169019323bd66,2DaxqgrOhkeH0fpeiQq2f4,alternative_rock,Oasis
5TC9oSol9ZQwXQk8XcsD7i,Knebworth 1996 (Live),2021-11-19,20,https://i.scdn.co/image/ab67616d0000b273ca147e0b4e7823a9d2416562,https://i.scdn.co/image/ab67616d00001e02ca147e0b4e7823a9d2416562,2DaxqgrOhkeH0fpeiQq2f4,alternative_rock,Oasis
0qzmQzJH4ZDYMHvfN1Px15,Dig Out Your Soul,2008-10-06,11,https://i.scdn.co/image/ab67616d0000b2736ec43a073010b82164692d91,https://i.scdn.co/image/ab67616d00001e026ec43a073010b82164692d91,2DaxqgrOhkeH0fpeiQq2f4,alternative_rock,Oasis
18ACIuiPrMJMkRPtNL9G7h,Don't Believe The Truth,2005-05-30,11,https://i.scdn.co/image/ab67616d0000b2737e6f883405bcff07e8f61bff,https://i.scdn.co/image/ab67616d00001e027e6f883405bcff07e8f61bff,2DaxqgrOhkeH0fpeiQq2f4,alternative_rock,Oasis
2EVWJRhbXWsSm7a6jdKv8O,Heathen Chemistry,2002-07-01,11,https://i.scdn.co/image/ab67616d0000b273bd14866d69108524bc32fb37,https://i.scdn.co/image/ab67616d00001e02bd14866d69108524bc32fb37,2DaxqgrOhkeH0fpeiQq2f4,alternative_rock,Oasis
6yBjTvDwgiB2aU2UuNmZyd,Familiar To Millions (Live),2000-11-13,18,https://i.scdn.co/image/ab67616d0000b273491a56befae964e3599ad30e,https://i.scdn.co/image/ab67616d00001e02491a56befae964e3599ad30e,2DaxqgrOhkeH0fpeiQq2f4,alternative_rock,Oasis
6aBxuQpJ9D20cZQpF3wLL3,Standing On The Shoulder Of Giants,2000-02-28,10,https://i.scdn.co/image/ab67616d0000b273946fa26d067b95468b686495,https://i.scdn.co/image/ab67616d00001e02946fa26d067b95468b686495,2DaxqgrOhkeH0fpeiQq2f4,alternative_rock,Oasis
4XBCWqCXqCdN72K9SklIjy,Be Here Now (Deluxe Remastered Edition),1997,40,https://i.scdn.co/image/ab67616d0000b273aeda362a434f01d0eff70b4e,https://i.scdn.co/image/ab67616d00001e02aeda362a434f01d0eff70b4e,2DaxqgrOhkeH0fpeiQq2f4,alternative_rock,Oasis
6tOe4eAF8xNhEkl9WyvsE4,(What's The Story) Morning Glory? (Deluxe Remastered Edition),1995,40,https://i.scdn.co/image/ab67616d0000b2737a4c8c59851c88f6794c3cbf,https://i.scdn.co/image/ab67616d00001e027a4c8c59851c88f6794c3cbf,2DaxqgrOhkeH0fpeiQq2f4,alternative_rock,Oasis
3AMHMM2aNG6k3d7ybcQ5bY,Definitely Maybe (Deluxe Edition Remastered),1994,44,https://i.scdn.co/image/ab67616d0000b273d86a1e021e7acc7c07c7d668,https://i.scdn.co/image/ab67616d00001e02d86a1e021e7acc7c07c7d668,2DaxqgrOhkeH0fpeiQq2f4,alternative_rock,Oasis
5NZdZSm3kLiIRG1sfY3N6u,Bossanova x Trompe Le Monde (Live),2025-05-30,29,https://i.scdn.co/image/ab67616d0000b2731573c54f01c7f5cf3885a7be,https://i.scdn.co/image/ab67616d00001e021573c54f01c7f5cf3885a7be,6zvul52xwTWzilBZl6BUbT,alternative_rock,Pixies
2kL3JicKZpvBfIeDeDPDUX,The Night the Zombies Came,2024-10-25,13,https://i.scdn.co/image/ab67616d0000b27353d6009423364063856cef6b,https://i.scdn.co/image/ab67616d00001e0253d6009423364063856cef6b,6zvul52xwTWzilBZl6BUbT,alternative_rock,Pixies
0URGQVevUR1nvVXKdXzzzi,"Pixies at the BBC, 1988-91",2024-03-08,24,https://i.scdn.co/image/ab67616d0000b2739f0c46e5b1fa07a8cf68c2de,https://i.scdn.co/image/ab67616d00001e029f0c46e5b1fa07a8cf68c2de,6zvul52xwTWzilBZl6BUbT,alternative_rock,Pixies
5zADZ7IhW2hZqJwkUmQVQY,Doggerel,2022-09-30,12,https://i.scdn.co/image/ab67616d0000b273a8bba809a15bb29b883901ec,https://i.scdn.co/image/ab67616d00001e02a8bba809a15bb29b883901ec,6zvul52xwTWzilBZl6BUbT,alternative_rock,Pixies
28P04YOe9WoJyNbg4EmxSZ,"Live from Fine Line Music Cafe, Minneapolis, MN. April 13th, 2004",2021-02-19,25,https://i.scdn.co/image/ab67616d0000b27363c53d831a507fa1f2c88fc2,https://i.scdn.co/image/ab67616d00001e0263c53d831a507fa1f2c88fc2,6zvul52xwTWzilBZl6BUbT,alternative_rock,Pixies
4m9bFYicqIM94Ceyim3ULg,"Live from Coachella, Indio, CA. May 1st, 2004",2021-01-15,20,https://i.scdn.co/image/ab67616d0000b2731ded8472f7502558c2110a9b,https://i.scdn.co/image/ab67616d00001e021ded8472f7502558c2110a9b,6zvul52xwTWzilBZl6BUbT,alternative_rock,Pixies
5K06DaAoP6OUQNKSVLB6zI,"Live from Brixton Academy, London. June 5th, 2004",2021-01-01,28,https://i.scdn.co/image/ab67616d0000b273290f456a0e6a856a367338f1,https://i.scdn.co/image/ab67616d00001e02290f456a0e6a856a367338f1,6zvul52xwTWzilBZl6BUbT,alternative_rock,Pixies
5tNPm500hHnwdsw2jT7zKU,"Live from Brixton Academy, London. June 4th, 2004",2020-12-18,29,https://i.scdn.co/image/ab67616d0000b27392785163c3ec90146d1f0caf,https://i.scdn.co/image/ab67616d00001e0292785163c3ec90146d1f0caf,6zvul52xwTWzilBZl6BUbT,alternative_rock,Pixies
3Ihjt36B8ffmJWQurXsa3c,"Live from Brixton Academy, London. June 3rd, 2004",2020-12-04,29,https://i.scdn.co/image/ab67616d0000b273c4a9f0d30e3fba1c398e69f7,https://i.scdn.co/image/ab67616d00001e02c4a9f0d30e3fba1c398e69f7,6zvul52xwTWzilBZl6BUbT,alternative_rock,Pixies
5EzipPlpEdyH7SGWga48GB,"Live from Brixton Academy, London. June 2nd, 2004",2020-11-20,26,https://i.scdn.co/image/ab67616d0000b273b478924c0746bbef40677c00,https://i.scdn.co/image/ab67616d00001e02b478924c0746bbef40677c00,6zvul52xwTWzilBZl6BUbT,alternative_rock,Pixies
6B5r9RGdvo8WryuFEZkwXz,Beneath the Eyrie (Deluxe),2020-02-24,21,https://i.scdn.co/image/ab67616d0000b273dc5e15428de90bea71f61cf4,https://i.scdn.co/image/ab67616d00001e02dc5e15428de90bea71f61cf4,6zvul52xwTWzilBZl6BUbT,alternative_rock,Pixies
09rWAJMstpelH9wPRvxxBi,"Live From the Fallout Shelter, 1986",2018-09-28,16,https://i.scdn.co/image/ab67616d0000b273ffc9a74f611961c31bc24a53,https://i.scdn.co/image/ab67616d00001e02ffc9a74f611961c31bc24a53,6zvul52xwTWzilBZl6BUbT,alternative_rock,Pixies
5F9YYEKDxenkRpyuovdqZe,Head Carrier,2016-09-30,12,https://i.scdn.co/image/ab67616d0000b273e420e17950e1432fa2aea4d1,https://i.scdn.co/image/ab67616d00001e02e420e17950e1432fa2aea4d1,6zvul52xwTWzilBZl6BUbT,alternative_rock,Pixies
65X4N0kyi2BEk2YR0ndoAz,"Doolittle 25: B-Sides, Peel Sessions And Demos",2014-12-01,35,https://i.scdn.co/image/ab67616d0000b273ffa9d82a1fd7345c7509246a,https://i.scdn.co/image/ab67616d00001e02ffa9d82a1fd7345c7509246a,6zvul52xwTWzilBZl6BUbT,alternative_rock,Pixies
4NXffitx8ssmAblz8HtkcW,Across The Floor (Live Missouri '86),2025-09-16,10,https://i.scdn.co/image/ab67616d0000b27337e70cf686718774ffebc585,https://i.scdn.co/image/ab67616d00001e0237e70cf686718774ffebc585,5UqTO8smerMvxHYA5xsXb6,alternative_rock,Sonic Youth
1d7bRPmwk5taG4SRYd1uod,Hold That Tiger,2024-07-19,18,https://i.scdn.co/image/ab67616d0000b273d59190219fc2bf1bf1a6b8c9,https://i.scdn.co/image/ab67616d00001e02d59190219fc2bf1bf1a6b8c9,5UqTO8smerMvxHYA5xsXb6,alternative_rock,Sonic Youth
5DVmXtb5RwDQjuQkydYZwl,Walls Have Ears,2024-02-09,17,https://i.scdn.co/image/ab67616d0000b273e0d21489abd99ec9abd70a38,https://i.scdn.co/image/ab67616d00001e02e0d21489abd99ec9abd70a38,5UqTO8smerMvxHYA5xsXb6,alternative_rock,Sonic Youth
65BW4DrtGI0MgVkg1xDB3d,"Live in Brooklyn, Ny.",2023-08-18,17,https://i.scdn.co/image/ab67616d0000b273af8cd263bfecbdcb98593bac,https://i.scdn.co/image/ab67616d00001e02af8cd263bfecbdcb98593bac,5UqTO8smerMvxHYA5xsXb6,alternative_rock,Sonic Youth
07bM1Q7lK8xvUj88p4QSG8,Take My hand (Live 1988),2022-10-12,9,https://i.scdn.co/image/ab67616d0000b2739354eec3adfcf6696ecccf40,https://i.scdn.co/image/ab67616d00001e029354eec3adfcf6696ecccf40,5UqTO8smerMvxHYA5xsXb6,alternative_rock,Sonic Youth
3f0jyDlsZqk7WRjOJspDff,In/Out/In,2022-01-13,5,https://i.scdn.co/image/ab67616d0000b27332a481e83a49accaa1840fa0,https://i.scdn.co/image/ab67616d00001e0232a481e83a49accaa1840fa0,5UqTO8smerMvxHYA5xsXb6,alternative_rock,Sonic Youth
39YyLG8mcL660xN2Ui22gd,Rising Bliss (Live 1986),2021-03-18,10,https://i.scdn.co/image/ab67616d0000b2736b06b734f32c6c4f355bad39,https://i.scdn.co/image/ab67616d00001e026b06b734f32c6c4f355bad39,5UqTO8smerMvxHYA5xsXb6,alternative_rock,Sonic Youth
2ye0gy2WANRQueqM0R3j5R,"Live in Moscow (April, 1989)",2020-02-07,13,https://i.scdn.co/image/ab67616d0000b2732cbb07cf5267efdf458a392f,https://i.scdn.co/image/ab67616d00001e022cbb07cf5267efdf458a392f,5UqTO8smerMvxHYA5xsXb6,alternative_rock,Sonic Youth
0j6HuZvvQne9TUDMMSa9k0,Spinhead Sessions,2016-06-17,7,https://i.scdn.co/image/ab67616d0000b273c9f1c7244847b75dd255b3a5,https://i.scdn.co/image/ab67616d00001e02c9f1c7244847b75dd255b3a5,5UqTO8smerMvxHYA5xsXb6,alternative_rock,Sonic Youth
3h8MIsu4fQWvXrYucVaKKd,Smart Bar - Chicago (Live; 1995),2012-11-13,14,https://i.scdn.co/image/ab67616d0000b273e4a91c31b86c559463f0e93e,https://i.scdn.co/image/ab67616d00001e02e4a91c31b86c559463f0e93e,5UqTO8smerMvxHYA5xsXb6,alternative_rock,Sonic Youth
63HGvUvCttjSumUtNKpmdh,Simon Werner a Disparu (Original Motion Picture Soundtrack),2011-01-25,13,https://i.scdn.co/image/ab67616d0000b2731467b7d84db3fc8ad02f3e76,https://i.scdn.co/image/ab67616d00001e021467b7d84db3fc8ad02f3e76,5UqTO8smerMvxHYA5xsXb6,alternative_rock,Sonic Youth
65BVBy0AK3F7eQj1XShfh1,The Eternal,2009-06-08,12,https://i.scdn.co/image/ab67616d0000b27384dc1cdba4a9651ad97947dc,https://i.scdn.co/image/ab67616d00001e0284dc1cdba4a9651ad97947dc,5UqTO8smerMvxHYA5xsXb6,alternative_rock,Sonic Youth
7gU8LbyOHsSNoqHtdIqqFc,"Battery Park, NYC: July 4th 2008",2009,10,https://i.scdn.co/image/ab67616d0000b273e57c735add322cf7a9338374,https://i.scdn.co/image/ab67616d00001e02e57c735add322cf7a9338374,5UqTO8smerMvxHYA5xsXb6,alternative_rock,Sonic Youth
2Q8b957xMjFsFk6PpHfS1O,J'accuse Ted Hughes / Agnes B. Musique (Syr 7),2008-04-22,2,https://i.scdn.co/image/ab67616d0000b27368a3a3f43c649833d79aa150,https://i.scdn.co/image/ab67616d00001e0268a3a3f43c649833d79aa150,5UqTO8smerMvxHYA5xsXb6,alternative_rock,Sonic Youth
23U0Wsas0gJMPDwkgZL7Hh,The Destroyed Room,2006-01-01,11,https://i.scdn.co/image/ab67616d0000b273f10e75662b7cb8957605b9ef,https://i.scdn.co/image/ab67616d00001e02f10e75662b7cb8957605b9ef,5UqTO8smerMvxHYA5xsXb6,alternative_rock,Sonic Youth
2QfGdHHkWY0zBlwnMtoj9H,Collapse Into Now,2011-03-07,12,https://i.scdn.co/image/ab67616d0000b273e1017daf779136c2b5e16739,https://i.scdn.co/image/ab67616d00001e02e1017daf779136c2b5e16739,4KWTAlx2RvbpseOGMEmROg,alternative_rock,R.E.M.
2unH9Bx83p9juj8R5ygkc8,Live At The Olympia,2009-10-27,39,https://i.scdn.co/image/ab67616d0000b273049cec9752c1db1e91dcf331,https://i.scdn.co/image/ab67616d00001e02049cec9752c1db1e91dcf331,4KWTAlx2RvbpseOGMEmROg,alternative_rock,R.E.M.
6l1ZSwtU3tTfRrk4Xreiew,Accelerate,2008-03-31,11,https://i.scdn.co/image/ab67616d0000b2734557fdc6d8501806344555ad,https://i.scdn.co/image/ab67616d00001e024557fdc6d8501806344555ad,4KWTAlx2RvbpseOGMEmROg,alternative_rock,R.E.M.
3BO3qnsrk0GfBjLO1tWJwg,R.E.M. Live,2007-10-15,22,https://i.scdn.co/image/ab67616d0000b2735e9cc52668a37682faed561b,https://i.scdn.co/image/ab67616d00001e025e9cc52668a37682faed561b,4KWTAlx2RvbpseOGMEmROg,alternative_rock,R.E.M.
5CI03g8QNehnEWXAhRtw0s,Around The Sun,2004-10-05,13,https://i.scdn.co/image/ab67616d0000b2734b1af458f45d3aa0e47d7a30,https://i.scdn.co/image/ab67616d00001e024b1af458f45d3aa0e47d7a30,4KWTAlx2RvbpseOGMEmROg,alternative_rock,R.E.M.
43goi7G5yXOoI7bLaowtpy,Reveal,2001-05-14,12,https://i.scdn.co/image/ab67616d0000b27338a3f8c5af1cde7607477480,https://i.scdn.co/image/ab67616d00001e0238a3f8c5af1cde7607477480,4KWTAlx2RvbpseOGMEmROg,alternative_rock,R.E.M.
5Wp0EJVppOLDIlaOLUQZXU,All The Way To The End,2001,17,https://i.scdn.co/image/ab67616d0000b273d75444f6aac4d432ecd559f4,https://i.scdn.co/image/ab67616d00001e02d75444f6aac4d432ecd559f4,4KWTAlx2RvbpseOGMEmROg,alternative_rock,R.E.M.
5AfgJ4mjGvANakNjGrKGgy,Up,1998-10-27,14,https://i.scdn.co/image/ab67616d0000b273ee5f83d4852e781ea26a2d23,https://i.scdn.co/image/ab67616d00001e02ee5f83d4852e781ea26a2d23,4KWTAlx2RvbpseOGMEmROg,alternative_rock,R.E.M.
5kQu0kycLJGGRoqsDR3cv3,Up (25th Anniversary Edition),1998-10-26,26,https://i.scdn.co/image/ab67616d0000b2733f0e1373b5b8de3c02646c94,https://i.scdn.co/image/ab67616d00001e023f0e1373b5b8de3c02646c94,4KWTAlx2RvbpseOGMEmROg,alternative_rock,R.E.M.
6Fd9edAlRVM07noCsGCEgY,Interview Sessions,1996-09-23,12,https://i.scdn.co/image/ab67616d0000b2735d9ab08e5b3d2919113d0757,https://i.scdn.co/image/ab67616d00001e025d9ab08e5b3d2919113d0757,4KWTAlx2RvbpseOGMEmROg,alternative_rock,R.E.M.
3pPyHBRk2RvmNn4Cg1Asv6,New Adventures In Hi-Fi,1996-09-09,14,https://i.scdn.co/image/ab67616d0000b273cac5a75373b7b8fd879dea9f,https://i.scdn.co/image/ab67616d00001e02cac5a75373b7b8fd879dea9f,4KWTAlx2RvbpseOGMEmROg,alternative_rock,R.E.M.
17mS71JVgCCYLVdVcG0aUT,Monster (Remastered),1994-09-27,12,https://i.scdn.co/image/ab67616d0000b273057081be0aa75053fa73409e,https://i.scdn.co/image/ab67616d00001e02057081be0aa75053fa73409e,4KWTAlx2RvbpseOGMEmROg,alternative_rock,R.E.M.
2Q6XCez8NWMKNKYMsm54DK,Monster (25th Anniversary Edition),1994-09-27,64,https://i.scdn.co/image/ab67616d0000b273ee83254432bbea156d10763f,https://i.scdn.co/image/ab67616d00001e02ee83254432bbea156d10763f,4KWTAlx2RvbpseOGMEmROg,alternative_rock,R.E.M.
0BiNb8HYR4JvuxUa31Z58Q,Automatic For The People,1992-10-05,12,https://i.scdn.co/image/ab67616d0000b273ace3e7aae0b7c78bbe1c4f35,https://i.scdn.co/image/ab67616d00001e02ace3e7aae0b7c78bbe1c4f35,4KWTAlx2RvbpseOGMEmROg,alternative_rock,R.E.M.
2ZTDmH94OLjeNaOvT7Ngwk,In Times New Roman...,2023-06-16,10,https://i.scdn.co/image/ab67616d0000b27312e1b9b459004ade29f145e1,https://i.scdn.co/image/ab67616d00001e0212e1b9b459004ade29f145e1,4pejUc4iciQfgdX6OKulQn,alternative_rock,Queens of the Stone Age
7vuIN24G18PAUAvjnICyA6,Villains,2017-08-25,9,https://i.scdn.co/image/ab67616d0000b27389401ba9a9c231e2add35ae8,https://i.scdn.co/image/ab67616d00001e0289401ba9a9c231e2add35ae8,4pejUc4iciQfgdX6OKulQn,alternative_rock,Queens of the Stone Age
5T5NM01392dvvd4EhGrCnj,...Like Clockwork,2013-06-03,10,https://i.scdn.co/image/ab67616d0000b273a705b56a83b703453d8ddd04,https://i.scdn.co/image/ab67616d00001e02a705b56a83b703453d8ddd04,4pejUc4iciQfgdX6OKulQn,alternative_rock,Queens of the Stone Age
1w71aBHYJ1zTOsSsmr2Fca,Era Vulgaris,2007-01-01,15,https://i.scdn.co/image/ab67616d0000b27301b7dc44ae31364925b4eadc,https://i.scdn.co/image/ab67616d00001e0201b7dc44ae31364925b4eadc,4pejUc4iciQfgdX6OKulQn,alternative_rock,Queens of the Stone Age
2vQTLy1EZ9JPaUU68lUMgR,Over The Years And Through The Woods (Live At Brixton Academy / 2005),2005-11-22,14,https://i.scdn.co/image/ab67616d0000b273214612618a7148d52bf1913a,https://i.scdn.co/image/ab67616d00001e02214612618a7148d52bf1913a,4pejUc4iciQfgdX6OKulQn,alternative_rock,Queens of the Stone Age
03srSIJshSQQOh2vJ3uVZi,Lullabies To Paralyze,2005-01-01,15,https://i.scdn.co/image/ab67616d0000b27390cd89ddbbd2034ee1f20b5c,https://i.scdn.co/image/ab67616d00001e0290cd89ddbbd2034ee1f20b5c,4pejUc4iciQfgdX6OKulQn,alternative_rock,Queens of the Stone Age
4w3NeXtywU398NYW4903rY,Songs For The Deaf,2002-01-01,16,https://i.scdn.co/image/ab67616d0000b2739eec33b045d88f87b9b06e67,https://i.scdn.co/image/ab67616d00001e029eec33b045d88f87b9b06e67,4pejUc4iciQfgdX6OKulQn,alternative_rock,Queens of the Stone Age
05tJhGl52X4zGe0ySlcBk6,Rated R,2000-06-06,12,https://i.scdn.co/image/ab67616d0000b2739c4d9db5d6895352b6eea6fc,https://i.scdn.co/image/ab67616d00001e029c4d9db5d6895352b6eea6fc,4pejUc4iciQfgdX6OKulQn,alternative_rock,Queens of the Stone Age
54gexkFvg7FE3JcbntQViI,Queens of the Stone Age (1998 Version),1998-09-22,11,https://i.scdn.co/image/ab67616d0000b273e46287c93e481c478b75d45b,https://i.scdn.co/image/ab67616d00001e02e46287c93e481c478b75d45b,4pejUc4iciQfgdX6OKulQn,alternative_rock,Queens of the Stone Age
0PSTqZ8cInMb1Wr68Uqdwp,Queens of the Stone Age,1998-09-22,14,https://i.scdn.co/image/ab67616d0000b2739092d41ad0fc7ed16068efe2,https://i.scdn.co/image/ab67616d00001e029092d41ad0fc7ed16068efe2,4pejUc4iciQfgdX6OKulQn,alternative_rock,Queens of the Stone Age
1gmWnG5TeRj91Tdm2lpEvJ,private music,2025-08-22,11,https://i.scdn.co/image/ab67616d0000b273a81aba1785543095f3c56913,https://i.scdn.co/image/ab67616d00001e02a81aba1785543095f3c56913,6Ghvu1VvMGScGpOUJBAHNH,alternative_rock,Deftones
57KFwKnC0ZjaIQGnhE7ops,White Pony (20th Anniversary Deluxe Edition),2020-12-11,22,https://i.scdn.co/image/ab67616d0000b2732d2a14f4550af3fa08b5ea45,https://i.scdn.co/image/ab67616d00001e022d2a14f4550af3fa08b5ea45,6Ghvu1VvMGScGpOUJBAHNH,alternative_rock,Deftones
0VEFy5MsBiq0u2lWL0OwOd,Ohms,2020-09-25,10,https://i.scdn.co/image/ab67616d0000b273e142a930bfba61f6a3592b29,https://i.scdn.co/image/ab67616d00001e02e142a930bfba61f6a3592b29,6Ghvu1VvMGScGpOUJBAHNH,alternative_rock,Deftones
0MJIpoyLk82gnqJumyVquK,Gore,2016-04-08,11,https://i.scdn.co/image/ab67616d0000b27340c5889783c02af4ffa99023,https://i.scdn.co/image/ab67616d00001e0240c5889783c02af4ffa99023,6Ghvu1VvMGScGpOUJBAHNH,alternative_rock,Deftones
4PIVdqvL1Rc7T7Vfsr8n8Q,Koi No Yokan,2012-11-09,11,https://i.scdn.co/image/ab67616d0000b27373652b7a0dc388dd1d044b69,https://i.scdn.co/image/ab67616d00001e0273652b7a0dc388dd1d044b69,6Ghvu1VvMGScGpOUJBAHNH,alternative_rock,Deftones
7rLUzHOq0d0mRGGEIqKfli,Covers,2011-04-16,11,https://i.scdn.co/image/ab67616d0000b27358df6181041c38412db1b253,https://i.scdn.co/image/ab67616d00001e0258df6181041c38412db1b253,6Ghvu1VvMGScGpOUJBAHNH,alternative_rock,Deftones
1GjjBpY2iDwSQs5bykQI5e,Diamond Eyes,2010-04-30,11,https://i.scdn.co/image/ab67616d0000b27372c2145d48f68917a7361b15,https://i.scdn.co/image/ab67616d00001e0272c2145d48f68917a7361b15,6Ghvu1VvMGScGpOUJBAHNH,alternative_rock,Deftones
4o1KnoVpzXZceJxyjELEQB,Saturday Night Wrist,2006-10-25,13,https://i.scdn.co/image/ab67616d0000b273fdf04b824d53ee302180b5e5,https://i.scdn.co/image/ab67616d00001e02fdf04b824d53ee302180b5e5,6Ghvu1VvMGScGpOUJBAHNH,alternative_rock,Deftones
3hBCkMqaYnCmJciEUKqyfC,B-Sides & Rarities,2005-10-04,14,https://i.scdn.co/image/ab67616d0000b273e8e8eda544f82d427b173d9d,https://i.scdn.co/image/ab67616d00001e02e8e8eda544f82d427b173d9d,6Ghvu1VvMGScGpOUJBAHNH,alternative_rock,Deftones
6252G7bGCVijXlqAjtjeDP,Deftones,2003,11,https://i.scdn.co/image/ab67616d0000b273c09a38cf054085b18eeb88ae,https://i.scdn.co/image/ab67616d00001e02c09a38cf054085b18eeb88ae,6Ghvu1VvMGScGpOUJBAHNH,alternative_rock,Deftones
5LEXck3kfixFaA3CqVE7bC,White Pony,2000,12,https://i.scdn.co/image/ab67616d0000b2735c53799f473fa3e1a48c00ed,https://i.scdn.co/image/ab67616d00001e025c53799f473fa3e1a48c00ed,6Ghvu1VvMGScGpOUJBAHNH,alternative_rock,Deftones
7o4UsmV37Sg5It2Eb7vHzu,Around the Fur,1997-10-27,10,https://i.scdn.co/image/ab67616d0000b2730b1129853982ea17845d4eb6,https://i.scdn.co/image/ab67616d00001e020b1129853982ea17845d4eb6,6Ghvu1VvMGScGpOUJBAHNH,alternative_rock,Deftones
30YN03R4Bjl8Qwz8wPRoXG,Adrenaline,1995,11,https://i.scdn.co/image/ab67616d0000b273e0aa988082afc4ea586ab8dc,https://i.scdn.co/image/ab67616d00001e02e0aa988082afc4ea586ab8dc,6Ghvu1VvMGScGpOUJBAHNH,alternative_rock,Deftones
2rxpwYYEAWqhDnC9Yi4dEV,FILLIN_THE_BLANK,2026-03-05,11,https://i.scdn.co/image/ab67616d0000b273fddae0c11e59b5c0981ad893,https://i.scdn.co/image/ab67616d00001e02fddae0c11e59b5c0981ad893,1V3Nl0Y3EZwqP38KHws6vB,alternative_rock,H-Blockx
4HiZ6Elj4ZkMZok4UavBwJ,HBLX,2012-05-25,11,https://i.scdn.co/image/ab67616d0000b27320c5a0c590c091cfe58e3f12,https://i.scdn.co/image/ab67616d00001e0220c5a0c590c091cfe58e3f12,1V3Nl0Y3EZwqP38KHws6vB,alternative_rock,H-Blockx
3G8aHNTU8XRhHDPdgto8D8,Open Letter To A Friend,2007-01-01,12,https://i.scdn.co/image/ab67616d0000b273f5c00b94871fd0d1a588c720,https://i.scdn.co/image/ab67616d00001e02f5c00b94871fd0d1a588c720,1V3Nl0Y3EZwqP38KHws6vB,alternative_rock,H-Blockx
6z4ibHIGBC2lrfnw0DVkvT,No Excuses,2004-01-01,13,https://i.scdn.co/image/ab67616d0000b273561a105881ba2aa5862a8598,https://i.scdn.co/image/ab67616d00001e02561a105881ba2aa5862a8598,1V3Nl0Y3EZwqP38KHws6vB,alternative_rock,H-Blockx
0aiKfJAB8D5vAcVyLJEDka,Live,2002-11-11,20,https://i.scdn.co/image/ab67616d0000b273e3eda034eacb6e10a50e43e5,https://i.scdn.co/image/ab67616d00001e02e3eda034eacb6e10a50e43e5,1V3Nl0Y3EZwqP38KHws6vB,alternative_rock,H-Blockx
6DNMESUKFq062Tw5Hcg6SH,Get In The Ring,2000,14,https://i.scdn.co/image/ab67616d0000b2733ca24931a1d8e9ad5ca5a35e,https://i.scdn.co/image/ab67616d00001e023ca24931a1d8e9ad5ca5a35e,1V3Nl0Y3EZwqP38KHws6vB,alternative_rock,H-Blockx
7hT7TsR7zxd30zTJRvtwD0,Fly Eyes,1998-05-11,16,https://i.scdn.co/image/ab67616d0000b273e31b97a2cf681ce88c59e9b8,https://i.scdn.co/image/ab67616d00001e02e31b97a2cf681ce88c59e9b8,1V3Nl0Y3EZwqP38KHws6vB,alternative_rock,H-Blockx
4AGAmovExAjWpYg30y8jEs,Discover My Soul,1996-09-27,14,https://i.scdn.co/image/ab67616d0000b2732f8b053f8139020dd197593a,https://i.scdn.co/image/ab67616d00001e022f8b053f8139020dd197593a,1V3Nl0Y3EZwqP38KHws6vB,alternative_rock,H-Blockx
4Pw9MrOdWg49FLPL4BFqVg,Time To Move,1994-08-22,13,https://i.scdn.co/image/ab67616d0000b273c07750e2f4114447ba5e6ce0,https://i.scdn.co/image/ab67616d00001e02c07750e2f4114447ba5e6ce0,1V3Nl0Y3EZwqP38KHws6vB,alternative_rock,H-Blockx
2yqTeWduDd2Ri425ZxLtsw,20,2025-08-22,13,https://i.scdn.co/image/ab67616d0000b2739ae749bbb01129013c8654f7,https://i.scdn.co/image/ab67616d00001e029ae749bbb01129013c8654f7,5FYfIAuN8mV5KgVtugwfc0,alternative_rock,Revolverheld
2oRgmBur1mrHAaAUxACkkV,Die Demos - Die Storys hinter den Songs (Track by Track Commentary),2025-08-21,10,https://i.scdn.co/image/ab67616d0000b27371586d426f25c6d6047e49e2,https://i.scdn.co/image/ab67616d00001e0271586d426f25c6d6047e49e2,5FYfIAuN8mV5KgVtugwfc0,alternative_rock,Revolverheld
0hQxTlc00nOIwjL52YXnQy,Neu erzählen,2021-10-08,12,https://i.scdn.co/image/ab67616d0000b27325f8cd1974ba01b5f554a65f,https://i.scdn.co/image/ab67616d00001e0225f8cd1974ba01b5f554a65f,5FYfIAuN8mV5KgVtugwfc0,alternative_rock,Revolverheld
0dqoVkQcfr9fgQnwx5nKlL,Zimmer mit Blick,2018-04-13,12,https://i.scdn.co/image/ab67616d0000b273eb2b4339e300bd0d2a863592,https://i.scdn.co/image/ab67616d00001e02eb2b4339e300bd0d2a863592,5FYfIAuN8mV5KgVtugwfc0,alternative_rock,Revolverheld
40rrJdNme3cEk8vmyUJwiB,MTV Unplugged in drei Akten,2015-10-09,22,https://i.scdn.co/image/ab67616d0000b273f3bdfb874f43b85af2cc088a,https://i.scdn.co/image/ab67616d00001e02f3bdfb874f43b85af2cc088a,5FYfIAuN8mV5KgVtugwfc0,alternative_rock,Revolverheld
6LnmachbDcHJ2Q5zZnoBrv,Immer in Bewegung - Tour-Edition,2014-11-21,27,https://i.scdn.co/image/ab67616d0000b27331088b28fb36e0e55d121d85,https://i.scdn.co/image/ab67616d00001e0231088b28fb36e0e55d121d85,5FYfIAuN8mV5KgVtugwfc0,alternative_rock,Revolverheld
7EEfpTTQAB59IpRjBWOBQj,Immer in Bewegung - Live,2014-11-21,14,https://i.scdn.co/image/ab67616d0000b273e2e59ba7e7624fdbc7f10832,https://i.scdn.co/image/ab67616d00001e02e2e59ba7e7624fdbc7f10832,5FYfIAuN8mV5KgVtugwfc0,alternative_rock,Revolverheld
2GJf3Mf41uZ05U6ygryyD0,Immer in Bewegung,2013-09-23,12,https://i.scdn.co/image/ab67616d0000b27381dfec9df09b3c8ac55415e0,https://i.scdn.co/image/ab67616d00001e0281dfec9df09b3c8ac55415e0,5FYfIAuN8mV5KgVtugwfc0,alternative_rock,Revolverheld
1nRkxuB9Edt1ffbu4AnsZc,In Farbe - ReEdition,2010-11-22,14,https://i.scdn.co/image/ab67616d0000b273489ef2308cf0a483c7a6a553,https://i.scdn.co/image/ab67616d00001e02489ef2308cf0a483c7a6a553,5FYfIAuN8mV5KgVtugwfc0,alternative_rock,Revolverheld
1ZB7nhBSo5FfPAJlH3dSEA,In Farbe - ReEdition,2010-11-22,15,https://i.scdn.co/image/ab67616d0000b2735384b2c4f9d444f391933434,https://i.scdn.co/image/ab67616d00001e025384b2c4f9d444f391933434,5FYfIAuN8mV5KgVtugwfc0,alternative_rock,Revolverheld
5TnNrkTu4KI0y0s09zUBOz,Chaostheorie,2007,15,https://i.scdn.co/image/ab67616d0000b2738b385c680a2eccd802c6bccd,https://i.scdn.co/image/ab67616d00001e028b385c680a2eccd802c6bccd,5FYfIAuN8mV5KgVtugwfc0,alternative_rock,Revolverheld
69JnCyCOftZ50o46Jrj5T0,Revolverheld,2005-09-23,13,https://i.scdn.co/image/ab67616d0000b27324066c7b4ae7f0594088d743,https://i.scdn.co/image/ab67616d00001e0224066c7b4ae7f0594088d743,5FYfIAuN8mV5KgVtugwfc0,alternative_rock,Revolverheld
5BLrEOEDKoDDg5T8PzdIHN,Hail to the Thief (Live Recordings 2003-2009),2025-08-13,12,https://i.scdn.co/image/ab67616d0000b2732c700c64cffdee30cdd40031,https://i.scdn.co/image/ab67616d00001e022c700c64cffdee30cdd40031,4Z8W4fKeB5YxbusRsdQVPb,alternative_rock,Radiohead
6ofEQubaL265rIW6WnCU8y,KID A MNESIA,2021-11-05,34,https://i.scdn.co/image/ab67616d0000b273bbaaa8bf9aedb07135d2c6d3,https://i.scdn.co/image/ab67616d00001e02bbaaa8bf9aedb07135d2c6d3,4Z8W4fKeB5YxbusRsdQVPb,alternative_rock,Radiohead
0tzfI6NFJqcJkWb23R3lRZ,OK Computer OKNOTOK 1997 2017,2017-06-23,23,https://i.scdn.co/image/ab67616d0000b273ee58b8ce747da91d69a862cc,https://i.scdn.co/image/ab67616d00001e02ee58b8ce747da91d69a862cc,4Z8W4fKeB5YxbusRsdQVPb,alternative_rock,Radiohead
2ix8vWvvSp2Yo7rKMiWpkg,A Moon Shaped Pool,2016-05-08,11,https://i.scdn.co/image/ab67616d0000b27345643f5cf119cbc9d2811c22,https://i.scdn.co/image/ab67616d00001e0245643f5cf119cbc9d2811c22,4Z8W4fKeB5YxbusRsdQVPb,alternative_rock,Radiohead
566osTxDsfrtdBxPDMGufx,TKOL RMX 1234567,2011-10-10,19,https://i.scdn.co/image/ab67616d0000b273e68afbb10983a0e1ac92b51e,https://i.scdn.co/image/ab67616d00001e02e68afbb10983a0e1ac92b51e,4Z8W4fKeB5YxbusRsdQVPb,alternative_rock,Radiohead
3P17levwUPzmFfLYdAK3A7,The King Of Limbs,2011-02-18,8,https://i.scdn.co/image/ab67616d0000b273a9be6a9b8b5831a4c431ab9f,https://i.scdn.co/image/ab67616d00001e02a9be6a9b8b5831a4c431ab9f,4Z8W4fKeB5YxbusRsdQVPb,alternative_rock,Radiohead
5vkqYmiPBYLaalcmjujWxK,In Rainbows,2007-12-28,10,https://i.scdn.co/image/ab67616d0000b273de3c04b5fc750b68899b20a9,https://i.scdn.co/image/ab67616d00001e02de3c04b5fc750b68899b20a9,4Z8W4fKeB5YxbusRsdQVPb,alternative_rock,Radiohead
6zTAW5oRuOmxJuUHhcQope,In Rainbows (Disk 2),2007,8,https://i.scdn.co/image/ab67616d0000b2734b88d5c1b3358cca2c94ec0b,https://i.scdn.co/image/ab67616d00001e024b88d5c1b3358cca2c94ec0b,4Z8W4fKeB5YxbusRsdQVPb,alternative_rock,Radiohead
5mzoI3VH0ZWk1pLFR6RoYy,Hail To the Thief,2003-06-09,14,https://i.scdn.co/image/ab67616d0000b2730da53e8f58e59f28a79c10c7,https://i.scdn.co/image/ab67616d00001e020da53e8f58e59f28a79c10c7,4Z8W4fKeB5YxbusRsdQVPb,alternative_rock,Radiohead
1vdQ5t7iO2gC3OX7j2GFCt,I Might Be Wrong,2001-11-12,8,https://i.scdn.co/image/ab67616d0000b27305a2f9af5f0eaed4835acf54,https://i.scdn.co/image/ab67616d00001e0205a2f9af5f0eaed4835acf54,4Z8W4fKeB5YxbusRsdQVPb,alternative_rock,Radiohead
1HrMmB5useeZ0F5lHrMvl0,Amnesiac,2001-03-12,11,https://i.scdn.co/image/ab67616d0000b273863e0e305637100311c91aa7,https://i.scdn.co/image/ab67616d00001e02863e0e305637100311c91aa7,4Z8W4fKeB5YxbusRsdQVPb,alternative_rock,Radiohead
6GjwtEZcfenmOf6l18N7T7,Kid A,2000-10-02,11,https://i.scdn.co/image/ab67616d0000b2736c7112082b63beefffe40151,https://i.scdn.co/image/ab67616d00001e026c7112082b63beefffe40151,4Z8W4fKeB5YxbusRsdQVPb,alternative_rock,Radiohead
6dVIqQ8qmQ5GBnJ9shOYGE,OK Computer,1997-05-28,12,https://i.scdn.co/image/ab67616d0000b273c8b444df094279e70d0ed856,https://i.scdn.co/image/ab67616d00001e02c8b444df094279e70d0ed856,4Z8W4fKeB5YxbusRsdQVPb,alternative_rock,Radiohead
35UJLpClj5EDrhpNIi4DFg,The Bends,1995-03-13,12,https://i.scdn.co/image/ab67616d0000b2739293c743fa542094336c5e12,https://i.scdn.co/image/ab67616d00001e029293c743fa542094336c5e12,4Z8W4fKeB5YxbusRsdQVPb,alternative_rock,Radiohead
3gBVdu4a1MMJVMy6vwPEb8,Pablo Honey,1993-02-22,12,https://i.scdn.co/image/ab67616d0000b273ec548c00d3ac2f10be73366d,https://i.scdn.co/image/ab67616d00001e02ec548c00d3ac2f10be73366d,4Z8W4fKeB5YxbusRsdQVPb,alternative_rock,Radiohead
1lMmAp5Ro63O0SCmX4uB4p,Collapse Into Never - Live In Europe 2023,2023-12-15,19,https://i.scdn.co/image/ab67616d0000b27356e1972a43fdd64f90a0fe53,https://i.scdn.co/image/ab67616d00001e0256e1972a43fdd64f90a0fe53,6RZUqkomCmb8zCRqc9eznB,alternative_rock,Placebo
5yzRkYV3JUXfM7u4fBUFHX,Never Let Me Go,2022-03-25,13,https://i.scdn.co/image/ab67616d0000b2739032f1862bccb4a1b4ec6a47,https://i.scdn.co/image/ab67616d00001e029032f1862bccb4a1b4ec6a47,6RZUqkomCmb8zCRqc9eznB,alternative_rock,Placebo
52NQgBqSYHu1wPZfgV03oe,Meds: B-Sides,2016-04-08,13,https://i.scdn.co/image/ab67616d0000b273ff246db187e2db354fc99fa2,https://i.scdn.co/image/ab67616d00001e02ff246db187e2db354fc99fa2,6RZUqkomCmb8zCRqc9eznB,alternative_rock,Placebo
4Nlo7yTd6v61NVyqjqmegH,Sleeping With Ghosts: B-Sides,2016-02-19,13,https://i.scdn.co/image/ab67616d0000b273b53e6b2c22826cc9dc07314c,https://i.scdn.co/image/ab67616d00001e02b53e6b2c22826cc9dc07314c,6RZUqkomCmb8zCRqc9eznB,alternative_rock,Placebo
1wYaaOlrRv5VV2aMw9asx4,Black Market Music: B-Sides,2015-11-27,11,https://i.scdn.co/image/ab67616d0000b273ca51304ffacff2f6aa729bf2,https://i.scdn.co/image/ab67616d00001e02ca51304ffacff2f6aa729bf2,6RZUqkomCmb8zCRqc9eznB,alternative_rock,Placebo
7btVAQanOFqtRyLdvN0DJn,Placebo: B-Sides,2015-07-31,17,https://i.scdn.co/image/ab67616d0000b2733cd7891a10ddf72a7181e6a4,https://i.scdn.co/image/ab67616d00001e023cd7891a10ddf72a7181e6a4,6RZUqkomCmb8zCRqc9eznB,alternative_rock,Placebo
6iODkuCNjOJNbGa8Lo5Bzr,Loud Like Love,2013-09-16,10,https://i.scdn.co/image/ab67616d0000b273e36a73f3e88ef5dbda4fd224,https://i.scdn.co/image/ab67616d00001e02e36a73f3e88ef5dbda4fd224,6RZUqkomCmb8zCRqc9eznB,alternative_rock,Placebo
4mrb99X7HPLvB96cd6xnUJ,Battle for the Sun,2009-06-09,13,https://i.scdn.co/image/ab67616d0000b273de2e236c0c6cdfe2ee81d8dc,https://i.scdn.co/image/ab67616d00001e02de2e236c0c6cdfe2ee81d8dc,6RZUqkomCmb8zCRqc9eznB,alternative_rock,Placebo
4rIT7o85FQB2KfTMMT4Pj0,Meds,2006-03-13,13,https://i.scdn.co/image/ab67616d0000b2738d8d7e2161c2bf9ecee56d39,https://i.scdn.co/image/ab67616d00001e028d8d7e2161c2bf9ecee56d39,6RZUqkomCmb8zCRqc9eznB,alternative_rock,Placebo
2toHnQWm3IbSocaWGYi9J4,Sleeping With Ghosts,2003-03-24,12,https://i.scdn.co/image/ab67616d0000b2739b2e4db4b78ab31b5d55f2fc,https://i.scdn.co/image/ab67616d00001e029b2e4db4b78ab31b5d55f2fc,6RZUqkomCmb8zCRqc9eznB,alternative_rock,Placebo
7kTsa1wUFrahJJf1cJEOpZ,Covers,2003-03-24,10,https://i.scdn.co/image/ab67616d0000b27362c995dbce6d7ffa4c097475,https://i.scdn.co/image/ab67616d00001e0262c995dbce6d7ffa4c097475,6RZUqkomCmb8zCRqc9eznB,alternative_rock,Placebo
0PhJJToPch4jCjrfQjyarw,Black Market Music,2000-10-09,13,https://i.scdn.co/image/ab67616d0000b27393deba59f323074beff846ff,https://i.scdn.co/image/ab67616d00001e0293deba59f323074beff846ff,6RZUqkomCmb8zCRqc9eznB,alternative_rock,Placebo
4wxoPjHSYFYurNyKaEiZNT,Without You I'm Nothing,1998-10-12,13,https://i.scdn.co/image/ab67616d0000b273f05be6e0f6c59b1563b4e35e,https://i.scdn.co/image/ab67616d00001e02f05be6e0f6c59b1563b4e35e,6RZUqkomCmb8zCRqc9eznB,alternative_rock,Placebo
3cjmxh58XDxJvviYskIxdd,Without You I'm Nothing: B-Sides,1998,10,https://i.scdn.co/image/ab67616d0000b273ebe9f3a71b869ccc0574759d,https://i.scdn.co/image/ab67616d00001e02ebe9f3a71b869ccc0574759d,6RZUqkomCmb8zCRqc9eznB,alternative_rock,Placebo
7Jyg6ic5h9BDJ3WuYWYA6K,Placebo,1996-06-17,11,https://i.scdn.co/image/ab67616d0000b2739710d6b9be102de728f6e26f,https://i.scdn.co/image/ab67616d00001e029710d6b9be102de728f6e26f,6RZUqkomCmb8zCRqc9eznB,alternative_rock,Placebo
0Zi1bw0RmGl9xgq57vjbys,Live On Tour 1993,2025-09-26,10,https://i.scdn.co/image/ab67616d0000b27301a6f95e22b76571f6468c6c,https://i.scdn.co/image/ab67616d00001e0201a6f95e22b76571f6468c6c,2d0hyoQ5ynDBnkvAbJKORj,alternative_rock,Rage Against the Machine
2s4mduKoB7tgHDpEonT401,Live & Rare,2022-07-15,12,https://i.scdn.co/image/ab67616d0000b2734666022d7a556e9c2472c286,https://i.scdn.co/image/ab67616d00001e024666022d7a556e9c2472c286,2d0hyoQ5ynDBnkvAbJKORj,alternative_rock,Rage Against the Machine
0j5ordW5EZlElgcED0p1JH,Paintings Of Rebellion (Live '95),2021-05-17,9,https://i.scdn.co/image/ab67616d0000b273157d289627736df805370417,https://i.scdn.co/image/ab67616d00001e02157d289627736df805370417,2d0hyoQ5ynDBnkvAbJKORj,alternative_rock,Rage Against the Machine
5lexBcLuhxCaLB8LbM3JvR,The Battle Of Mexico City (Live),2020-10-28,15,https://i.scdn.co/image/ab67616d0000b273c71f08ca0b0474036976e315,https://i.scdn.co/image/ab67616d00001e02c71f08ca0b0474036976e315,2d0hyoQ5ynDBnkvAbJKORj,alternative_rock,Rage Against the Machine
5tQjJRsqTVaK9NZ7Rh02en,Live at the Grand Olympic Auditorium,2003-11-25,16,https://i.scdn.co/image/ab67616d0000b2738c768929da0cf35e9a05dcd0,https://i.scdn.co/image/ab67616d00001e028c768929da0cf35e9a05dcd0,2d0hyoQ5ynDBnkvAbJKORj,alternative_rock,Rage Against the Machine
6iVOwFVjFRoQPgj8GUwSsi,Renegades,2000-12-05,12,https://i.scdn.co/image/ab67616d0000b2734d1db642d70b1b939ab42966,https://i.scdn.co/image/ab67616d00001e024d1db642d70b1b939ab42966,2d0hyoQ5ynDBnkvAbJKORj,alternative_rock,Rage Against the Machine
2eia0myWFgoHuttJytCxgX,The Battle Of Los Angeles,1999-11-02,12,https://i.scdn.co/image/ab67616d0000b2733c2579a4f8cacd5b95b8fa68,https://i.scdn.co/image/ab67616d00001e023c2579a4f8cacd5b95b8fa68,2d0hyoQ5ynDBnkvAbJKORj,alternative_rock,Rage Against the Machine
24E6rDvGDuYFjlGewp4ntF,Evil Empire,1996-04-16,11,https://i.scdn.co/image/ab67616d0000b273053f006079bce979e5fef1e1,https://i.scdn.co/image/ab67616d00001e02053f006079bce979e5fef1e1,2d0hyoQ5ynDBnkvAbJKORj,alternative_rock,Rage Against the Machine
4LaRYkT4oy47wEuQgkLBul,Rage Against The Machine,1992-11-03,10,https://i.scdn.co/image/ab67616d0000b273ee4644e12bef70636167c6bd,https://i.scdn.co/image/ab67616d00001e02ee4644e12bef70636167c6bd,2d0hyoQ5ynDBnkvAbJKORj,alternative_rock,Rage Against the Machine
4Io5vWtmV1rFj4yirKb4y4,Rage Against The Machine - XX (20th Anniversary Special Edition),1992,25,https://i.scdn.co/image/ab67616d0000b27354ab617bc2d4974ab6ffbece,https://i.scdn.co/image/ab67616d00001e0254ab617bc2d4974ab6ffbece,2d0hyoQ5ynDBnkvAbJKORj,alternative_rock,Rage Against the Machine
3Q2ZOfHbApcVPpLBw8AVwk,The Eye Witness,2024-07-05,13,https://i.scdn.co/image/ab67616d0000b2739d7e2f0bfdf9f3e23dadf46a,https://i.scdn.co/image/ab67616d00001e029d7e2f0bfdf9f3e23dadf46a,2eIDAcLKnWc4D350YyzvgS,techno,Jeff Mills
5bl9lKdqTK6JysVgcf2G7c,THE TRIP - ENTER THE BLACK HOLE,2024-03-20,12,https://i.scdn.co/image/ab67616d0000b2732fdb08bed3519ede1dea743c,https://i.scdn.co/image/ab67616d00001e022fdb08bed3519ede1dea743c,2eIDAcLKnWc4D350YyzvgS,techno,Jeff Mills
42bHiKuuxkdIOe60Kj2U2Z,Metropolis Metropolis,2023-03-03,6,https://i.scdn.co/image/ab67616d0000b273f0a8bc5beaddd83d2135f112,https://i.scdn.co/image/ab67616d00001e02f0a8bc5beaddd83d2135f112,2eIDAcLKnWc4D350YyzvgS,techno,Jeff Mills
3VpOvUwS3lk7BHMaCQII6o,Wonderland,2022-04-22,12,https://i.scdn.co/image/ab67616d0000b273b0fcb351a53aaae6c3c45131,https://i.scdn.co/image/ab67616d00001e02b0fcb351a53aaae6c3c45131,2eIDAcLKnWc4D350YyzvgS,techno,Jeff Mills
62Hw1JyWK2adspJaVDDkTg,The Universe: Galaxy 1,2022-04-19,8,https://i.scdn.co/image/ab67616d0000b273b4f1738be86daeafab421ad2,https://i.scdn.co/image/ab67616d00001e02b4f1738be86daeafab421ad2,2eIDAcLKnWc4D350YyzvgS,techno,Jeff Mills
7mV6Nh5M2BMtPXB7x3Zzik,The Override Switch,2021-10-15,10,https://i.scdn.co/image/ab67616d0000b2734bd1c212ca7bad68ee6b6001,https://i.scdn.co/image/ab67616d00001e024bd1c212ca7bad68ee6b6001,2eIDAcLKnWc4D350YyzvgS,techno,Jeff Mills
5JLzcvxjnciQcXnprdBs3V,Think Again,2021-01-22,12,https://i.scdn.co/image/ab67616d0000b273a18f37bc31f3136c0dcd5a6f,https://i.scdn.co/image/ab67616d00001e02a18f37bc31f3136c0dcd5a6f,2eIDAcLKnWc4D350YyzvgS,techno,Jeff Mills
1FfGSThzZxeULHDWvkZZHb,SIGHT SOUND AND SPACE,2019-09-23,27,https://i.scdn.co/image/ab67616d0000b2736cfa6ee1d1b15dcf2d021855,https://i.scdn.co/image/ab67616d00001e026cfa6ee1d1b15dcf2d021855,2eIDAcLKnWc4D350YyzvgS,techno,Jeff Mills
71W9z9hP84oB6zVmQdRrXW,Tomorrow Comes The Harvest,2018-09-28,10,https://i.scdn.co/image/ab67616d0000b2732939ec20e4f0b3931832d00b,https://i.scdn.co/image/ab67616d00001e022939ec20e4f0b3931832d00b,2eIDAcLKnWc4D350YyzvgS,techno,Jeff Mills
59KJwVPvVCj1rH9AJ93kyK,AND Then There Was Light Sound Track,2017-11-06,10,https://i.scdn.co/image/ab67616d0000b273127527ee8c3f7b79ae0e2d65,https://i.scdn.co/image/ab67616d00001e02127527ee8c3f7b79ae0e2d65,2eIDAcLKnWc4D350YyzvgS,techno,Jeff Mills
5cGGbqp1MwjYQkoQx89ZLn,Blue Potential - Live with Montpelier Philharmonic Orchestra,2006-06-30,15,https://i.scdn.co/image/ab67616d0000b273ab3ea2146f9b0736b6dc86ee,https://i.scdn.co/image/ab67616d00001e02ab3ea2146f9b0736b6dc86ee,2eIDAcLKnWc4D350YyzvgS,techno,Jeff Mills
0t6vaUf3Qgf9DjDW5hm2ii,Three Ages,2004,12,https://i.scdn.co/image/ab67616d0000b273d32bce619770fbbe3a3d4d19,https://i.scdn.co/image/ab67616d00001e02d32bce619770fbbe3a3d4d19,2eIDAcLKnWc4D350YyzvgS,techno,Jeff Mills
7aQGMHk6KegKZWR2QFvSo3,Animal Farm (Soundtrack From The Angel Film),2026-05-01,42,https://i.scdn.co/image/ab67616d0000b273e263515b7bc5b6c88084838f,https://i.scdn.co/image/ab67616d00001e02e263515b7bc5b6c88084838f,19SmlbABtI4bXz864MLqOS,techno,Carl Cox
7lMs8PyOHkAMQd7Zzkmtyv,ASW is Live Mixed by Carl Cox (DJ Mix),2024-04-26,25,https://i.scdn.co/image/ab67616d0000b273664560c4ce4f1ecb089ea851,https://i.scdn.co/image/ab67616d00001e02664560c4ce4f1ecb089ea851,19SmlbABtI4bXz864MLqOS,techno,Carl Cox
6BKZ0V0j3QLAlYyWi5Lp2G,International Techno Vol 2,2023-11-24,20,https://i.scdn.co/image/ab67616d0000b273a80c6fb8faa0f334ecc108e8,https://i.scdn.co/image/ab67616d00001e02a80c6fb8faa0f334ecc108e8,19SmlbABtI4bXz864MLqOS,techno,Carl Cox
3eBdYYK6219bELd0YzRgTu,International Techno Vol 1,2023-09-29,20,https://i.scdn.co/image/ab67616d0000b273d2855a04954cab0e89b0c101,https://i.scdn.co/image/ab67616d00001e02d2855a04954cab0e89b0c101,19SmlbABtI4bXz864MLqOS,techno,Carl Cox
15XrNU8AkmvwmGkoi6sLSs,Electronic Generations,2022-12-02,24,https://i.scdn.co/image/ab67616d0000b27326ccdd9e75e2c5507ff8f55d,https://i.scdn.co/image/ab67616d00001e0226ccdd9e75e2c5507ff8f55d,19SmlbABtI4bXz864MLqOS,techno,Carl Cox
1i1YhjgmYXLUowvfIgDs0Z,"Sand, Moon & Stars (Remixes)",2021-08-20,8,https://i.scdn.co/image/ab67616d0000b273a7a234110716940ff1e347e4,https://i.scdn.co/image/ab67616d00001e02a7a234110716940ff1e347e4,19SmlbABtI4bXz864MLqOS,techno,Carl Cox
1NiChbFoAksbJOBqvlh4Lw,Carl Cox Mixes Awesome Soundwave,2020-08-28,19,https://i.scdn.co/image/ab67616d0000b27305fdd05c9c2f996d991298ad,https://i.scdn.co/image/ab67616d00001e0205fdd05c9c2f996d991298ad,19SmlbABtI4bXz864MLqOS,techno,Carl Cox
6CjCW4jVic7gvaYPrfkGNG,Pure Intec 4 (Mixed by Carl Cox & Jon Rundell),2019-04-19,40,https://i.scdn.co/image/ab67616d0000b273f025049253d5fd3e7358d980,https://i.scdn.co/image/ab67616d00001e02f025049253d5fd3e7358d980,19SmlbABtI4bXz864MLqOS,techno,Carl Cox
5ZzupRXqPVC8P9h9SoLHVm,Pure Intec 3 (Mixed by Carl Cox & Jon Rundell),2016-11-11,33,https://i.scdn.co/image/ab67616d0000b2736b6f9b22d052a65cd8f348d8,https://i.scdn.co/image/ab67616d00001e026b6f9b22d052a65cd8f348d8,19SmlbABtI4bXz864MLqOS,techno,Carl Cox
2faoYAyD0bd9wjcYswREJl,All Roads Lead to the Dance Floor - Remixes,2013-11-04,12,https://i.scdn.co/image/ab67616d0000b2737793831a5d2e5c2e7c59c720,https://i.scdn.co/image/ab67616d00001e027793831a5d2e5c2e7c59c720,19SmlbABtI4bXz864MLqOS,techno,Carl Cox
5CnakIH6dOCjjYpSs92C40,Pure Intec 2 Mixed by Carl Cox & Jon Rundell,2013-04-29,27,https://i.scdn.co/image/ab67616d0000b2732d4553d95aa9911082a941e2,https://i.scdn.co/image/ab67616d00001e022d4553d95aa9911082a941e2,19SmlbABtI4bXz864MLqOS,techno,Carl Cox
6p5qiYillRycbleqmPUR53,All Roads Lead to the Dancefloor,2012-05-28,14,https://i.scdn.co/image/ab67616d0000b273ddf80b7a7e1e5839e7ea6384,https://i.scdn.co/image/ab67616d00001e02ddf80b7a7e1e5839e7ea6384,19SmlbABtI4bXz864MLqOS,techno,Carl Cox
1PrVmNYI4k7GcTLWzhzy5K,Global Underground #38: Carl Cox - Black Rock Desert,2010-01-31,34,https://i.scdn.co/image/ab67616d0000b273f9d1e356044af6159b8ca643,https://i.scdn.co/image/ab67616d00001e02f9d1e356044af6159b8ca643,19SmlbABtI4bXz864MLqOS,techno,Carl Cox
6PPwJG0fr8pjLlll9fGdTd,Second Sign,2005-04-11,15,https://i.scdn.co/image/ab67616d0000b273f5a535102a52c9147e470fb8,https://i.scdn.co/image/ab67616d00001e02f5a535102a52c9147e470fb8,19SmlbABtI4bXz864MLqOS,techno,Carl Cox
7jvBgKQK4ALnqRoxGQbktc,Explorer Vol. 1,2025-07-11,16,https://i.scdn.co/image/ab67616d0000b27389d083ce7469ada3edb105ab,https://i.scdn.co/image/ab67616d00001e0289d083ce7469ada3edb105ab,1btv9qmIpbp7q1ixCYNdHu,techno,Adam Beyer
1Kb8RQgDMTvILJpUynTMsb,fabric 22: Adam Beyer (DJ Mix),2005-05-01,20,https://i.scdn.co/image/ab67616d0000b27340469a731e1689246228b0ce,https://i.scdn.co/image/ab67616d00001e0240469a731e1689246228b0ce,1btv9qmIpbp7q1ixCYNdHu,techno,Adam Beyer
4ZObfs58rBNGWA9ZA4kvDM,Ignition Key,2002-09-25,14,https://i.scdn.co/image/ab67616d0000b2738ffdd1ab4c48f43be0bb4d6b,https://i.scdn.co/image/ab67616d00001e028ffdd1ab4c48f43be0bb4d6b,1btv9qmIpbp7q1ixCYNdHu,techno,Adam Beyer
7rdrIHvtAcAxbyMTC6fo9a,Charlotte de Witte,2025-11-07,11,https://i.scdn.co/image/ab67616d0000b273960aad521ba3873752bd016f,https://i.scdn.co/image/ab67616d00001e02960aad521ba3873752bd016f,1lJhME1ZpzsEa5M0wW6Mso,techno,Charlotte de Witte
6idN8ZmlZoc0AYMIEH0vue,Mixmag Presents Charlotte de Witte (DJ Mix),2021-07-30,14,https://i.scdn.co/image/ab67616d0000b273e23812c4c24522f8c3d6e693,https://i.scdn.co/image/ab67616d00001e02e23812c4c24522f8c3d6e693,1lJhME1ZpzsEa5M0wW6Mso,techno,Charlotte de Witte
2TGeXmcebG4mLWM5t2t1Tg,Global Underground #44: Amelie Lens - Antwerp (DJ Mix),2022-12-09,29,https://i.scdn.co/image/ab67616d0000b27328d78ee0f5758474fd8ae579,https://i.scdn.co/image/ab67616d00001e0228d78ee0f5758474fd8ae579,5Ho1vKl1Uz8bJlk4vbmvmf,techno,Amelie Lens
0PlAtEYPrVQLR98nbkeYr5,Mixmag Presents Amelie Lens (DJ Mix),2022-01-28,21,https://i.scdn.co/image/ab67616d0000b2733a624daae6ad39e4ea92f5c7,https://i.scdn.co/image/ab67616d00001e023a624daae6ad39e4ea92f5c7,5Ho1vKl1Uz8bJlk4vbmvmf,techno,Amelie Lens
3wA4OOQ3XNPV92aS1BCoVF,fabric presents Amelie Lens (DJ Mix),2019-11-22,19,https://i.scdn.co/image/ab67616d0000b273161fe4d7431584ce970466bc,https://i.scdn.co/image/ab67616d00001e02161fe4d7431584ce970466bc,5Ho1vKl1Uz8bJlk4vbmvmf,techno,Amelie Lens
18OCMkjcuhGbymrhmZt44O,Evolver,2026-03-27,13,https://i.scdn.co/image/ab67616d0000b273077ca3162ba7d1d21328fe5d,https://i.scdn.co/image/ab67616d00001e02077ca3162ba7d1d21328fe5d,21444lX8gpmOX36icLmbFI,techno,Chris Liebing
1icETboYWcv7eEkd0dHc2n,Another Night,2022-11-25,14,https://i.scdn.co/image/ab67616d0000b2735b9d57765f9c9413b53fc2e6,https://i.scdn.co/image/ab67616d00001e025b9d57765f9c9413b53fc2e6,21444lX8gpmOX36icLmbFI,techno,Chris Liebing
6OrNcU5jsdamZvg4WZ2Hag,Another Day,2021-11-19,10,https://i.scdn.co/image/ab67616d0000b2734d1fad12aa5115b6f3be81c3,https://i.scdn.co/image/ab67616d00001e024d1fad12aa5115b6f3be81c3,21444lX8gpmOX36icLmbFI,techno,Chris Liebing
5JLvgVZ12HVLlyIiocJWyk,Burn Slow,2018-09-07,10,https://i.scdn.co/image/ab67616d0000b273b2f3c977125959b6bd139719,https://i.scdn.co/image/ab67616d00001e02b2f3c977125959b6bd139719,21444lX8gpmOX36icLmbFI,techno,Chris Liebing
3U8NorS9Fi1bzepAKkrtCA,Metalism (20th Anniversary Edition),2005,10,https://i.scdn.co/image/ab67616d0000b27383a0f7434fa9fcd573de4ce7,https://i.scdn.co/image/ab67616d00001e0283a0f7434fa9fcd573de4ce7,21444lX8gpmOX36icLmbFI,techno,Chris Liebing
4gLWFo7XDz3cNRV8qVqiK1,Evolution,2003-06-10,17,https://i.scdn.co/image/ab67616d0000b273694c95a305ec6d92f84932c7,https://i.scdn.co/image/ab67616d00001e02694c95a305ec6d92f84932c7,21444lX8gpmOX36icLmbFI,techno,Chris Liebing
3dRmm4T0bCUIw4L1lphVYj,Musik (2024 Remastered),2024-12-06,10,https://i.scdn.co/image/ab67616d0000b27367ad4de0f5197741bc5f6eac,https://i.scdn.co/image/ab67616d00001e0267ad4de0f5197741bc5f6eac,3AhwIUus3pIaA3CvYBEtpy,techno,Richie Hawtin
2sAQRlCg4qMWaWUgN28i9I,Pradasphere II (Soundscapes): Shanghai,2023-12-06,12,https://i.scdn.co/image/ab67616d0000b273aee1900a9e2fe7fba84b1502,https://i.scdn.co/image/ab67616d00001e02aee1900a9e2fe7fba84b1502,3AhwIUus3pIaA3CvYBEtpy,techno,Richie Hawtin
0E4ounZXIHLwWOkYgHS2Bn,Sheet One (2023 Remastered),2023-12-01,11,https://i.scdn.co/image/ab67616d0000b2737173f8cd281c431f38e13217,https://i.scdn.co/image/ab67616d00001e027173f8cd281c431f38e13217,3AhwIUus3pIaA3CvYBEtpy,techno,Richie Hawtin
1uxzaoVDhJ2V88RpGMo0hm,Dimension Intrusion (30th Anniversary Edition),2023-11-10,13,https://i.scdn.co/image/ab67616d0000b2730c7b995a378792b48f1d929e,https://i.scdn.co/image/ab67616d00001e020c7b995a378792b48f1d929e,3AhwIUus3pIaA3CvYBEtpy,techno,Richie Hawtin
00dUezlxTHmpfW165QLbEW,Consumed In Key,2022-04-01,10,https://i.scdn.co/image/ab67616d0000b27359bbcffd56cb4e04e52f56a3,https://i.scdn.co/image/ab67616d00001e0259bbcffd56cb4e04e52f56a3,3AhwIUus3pIaA3CvYBEtpy,techno,Richie Hawtin
0q6YNiRN4uqqhfV12P7Wqj,"CLOSE COMBINED (Live, GLASGOW, LONDON, TOKYO)",2019-09-20,15,https://i.scdn.co/image/ab67616d0000b273895ce1bca194df7e799ea054,https://i.scdn.co/image/ab67616d00001e02895ce1bca194df7e799ea054,3AhwIUus3pIaA3CvYBEtpy,techno,Richie Hawtin
54RDLhTh5SHv9YZRGb2RLN,Train-Tracs (25th Anniversary Edition),2019-05-03,6,https://i.scdn.co/image/ab67616d0000b273ee3b00376267e6aaa3f13c3d,https://i.scdn.co/image/ab67616d00001e02ee3b00376267e6aaa3f13c3d,3AhwIUus3pIaA3CvYBEtpy,techno,Richie Hawtin
3BSEkF5PStiNQYKZB2RQKE,Dimension Intrusion (25th Anniversary Edition),2019-05-03,14,https://i.scdn.co/image/ab67616d0000b27300acad673be8c7cd5a9eba1c,https://i.scdn.co/image/ab67616d00001e0200acad673be8c7cd5a9eba1c,3AhwIUus3pIaA3CvYBEtpy,techno,Richie Hawtin
4LXDKideMsaMmlSqjA1CyK,Computer Space (25th Anniversary Edition),2019-05-03,5,https://i.scdn.co/image/ab67616d0000b273e296c8f26485c38f8b4ba12e,https://i.scdn.co/image/ab67616d00001e02e296c8f26485c38f8b4ba12e,3AhwIUus3pIaA3CvYBEtpy,techno,Richie Hawtin
5Q2bxgAVZCznArLzXvsXMO,From My Mind to Yours,2015-12-11,15,https://i.scdn.co/image/ab67616d0000b273d09567dd762b872676bd8a24,https://i.scdn.co/image/ab67616d00001e02d09567dd762b872676bd8a24,3AhwIUus3pIaA3CvYBEtpy,techno,Richie Hawtin
3y8394LKwBOw0NyXPkH5wS,"EX (Performed Live at the Guggenheim, NYC)",2014-06-10,7,https://i.scdn.co/image/ab67616d0000b2734f6991b0752f244a6d7074e0,https://i.scdn.co/image/ab67616d00001e024f6991b0752f244a6d7074e0,3AhwIUus3pIaA3CvYBEtpy,techno,Richie Hawtin
22kp2ITg084dSo1G8yEVBg,Closer,2003-10-20,10,https://i.scdn.co/image/ab67616d0000b273d47f2d805c81cf507678729f,https://i.scdn.co/image/ab67616d00001e02d47f2d805c81cf507678729f,3AhwIUus3pIaA3CvYBEtpy,techno,Richie Hawtin
0pqBn0iSw0xkQoO2sAaHAf,Artifakts (BC),1998-11-02,8,https://i.scdn.co/image/ab67616d0000b27322a3ba17a3b3b1b75f53c263,https://i.scdn.co/image/ab67616d00001e0222a3ba17a3b3b1b75f53c263,3AhwIUus3pIaA3CvYBEtpy,techno,Richie Hawtin
1U7aY4kI9xeMuI3nD4LKBy,Consumed,1998-05-18,11,https://i.scdn.co/image/ab67616d0000b273a7c070e0d1592f72f15ebaa7,https://i.scdn.co/image/ab67616d00001e02a7c070e0d1592f72f15ebaa7,3AhwIUus3pIaA3CvYBEtpy,techno,Richie Hawtin
7LfNlKuFVPpZSDJBzR67vU,Concept 1 96:12,1996-12-01,25,https://i.scdn.co/image/ab67616d0000b273811ff368cc49926da3cb3519,https://i.scdn.co/image/ab67616d00001e02811ff368cc49926da3cb3519,3AhwIUus3pIaA3CvYBEtpy,techno,Richie Hawtin
6LHaxEoEOxKF9uRmZKKvFV,Retrospective Collection,2025-03-28,14,https://i.scdn.co/image/ab67616d0000b273736e02d08abe4c4ee68f86ce,https://i.scdn.co/image/ab67616d00001e02736e02d08abe4c4ee68f86ce,5TQaBSTOSypp7S4jfSnN3F,techno,Sven Väth
1GckkNpv8X6BclYXb4T7zC,Catharsis Remixes,2023-08-18,12,https://i.scdn.co/image/ab67616d0000b2730254434e0cd011897803b5ec,https://i.scdn.co/image/ab67616d00001e020254434e0cd011897803b5ec,5TQaBSTOSypp7S4jfSnN3F,techno,Sven Väth
6FJwU5sRNThNol3w2NDARx,Catharsis,2022-02-25,13,https://i.scdn.co/image/ab67616d0000b27347018beb238fce1c6c790ce1,https://i.scdn.co/image/ab67616d00001e0247018beb238fce1c6c790ce1,5TQaBSTOSypp7S4jfSnN3F,techno,Sven Väth
3oE4P7j6kbJM1P7JDUEnVm,Sven Väth - The Sound of the 20th Season (DJ Mix),2019-11-22,25,https://i.scdn.co/image/ab67616d0000b273bbf70cc42790d43663c5cf9d,https://i.scdn.co/image/ab67616d00001e02bbf70cc42790d43663c5cf9d,5TQaBSTOSypp7S4jfSnN3F,techno,Sven Väth
1V5sFQWwlQtFkCfwlrFVKd,Fire Works,2003-03-13,7,https://i.scdn.co/image/ab67616d0000b2734744508680aac452ef8d6f33,https://i.scdn.co/image/ab67616d00001e024744508680aac452ef8d6f33,5TQaBSTOSypp7S4jfSnN3F,techno,Sven Väth
4jQVaMGuVhwlwu2xIZKHcZ,Fire,2002-04-04,7,https://i.scdn.co/image/ab67616d0000b2732a582c1610f6597edb18040b,https://i.scdn.co/image/ab67616d00001e022a582c1610f6597edb18040b,5TQaBSTOSypp7S4jfSnN3F,techno,Sven Väth
7k9qEvB9L61cUOsJnY0XKA,Contact,2002-02-28,8,https://i.scdn.co/image/ab67616d0000b273ec2a7cfdd550d1e42ebc3774,https://i.scdn.co/image/ab67616d00001e02ec2a7cfdd550d1e42ebc3774,5TQaBSTOSypp7S4jfSnN3F,techno,Sven Väth
4jAy3CFRNjgZNIC6WoGv2g,Six In The Mix,1999-06-06,11,https://i.scdn.co/image/ab67616d0000b27342ed32df86b616cd497b148c,https://i.scdn.co/image/ab67616d00001e0242ed32df86b616cd497b148c,5TQaBSTOSypp7S4jfSnN3F,techno,Sven Väth
5s4V6pAHjAHwjlVcXAq6ZT,Fusion,1998-03-03,10,https://i.scdn.co/image/ab67616d0000b2732ccd4b40ecff3e6f683ca678,https://i.scdn.co/image/ab67616d00001e022ccd4b40ecff3e6f683ca678,5TQaBSTOSypp7S4jfSnN3F,techno,Sven Väth
30c6yl2xo1IRqREZBLsPUb,"The Harlequin, the Robot and the Ballet Dancer",1994-05-15,9,https://i.scdn.co/image/ab67616d0000b273b0e13e5518fc4490c3bc917c,https://i.scdn.co/image/ab67616d00001e02b0e13e5518fc4490c3bc917c,5TQaBSTOSypp7S4jfSnN3F,techno,Sven Väth
3hy49YlLtUfF4rc6GRsZsv,Accident In Paradise,1993-05-15,11,https://i.scdn.co/image/ab67616d0000b2730dd7d1566164b5c637462ade,https://i.scdn.co/image/ab67616d00001e020dd7d1566164b5c637462ade,5TQaBSTOSypp7S4jfSnN3F,techno,Sven Väth
3uyIBWZmqHyvFC3Bw5dXxj,The Art of Dance,1992-05-15,9,https://i.scdn.co/image/ab67616d0000b27334a13fa1bafa07d766d98f7a,https://i.scdn.co/image/ab67616d00001e0234a13fa1bafa07d766d98f7a,5TQaBSTOSypp7S4jfSnN3F,techno,Sven Väth
3j8Mg3DogmEVXNYrHbDWeX,"Cyberpunk 2077: Radio, Vol. 4 (Original Soundtrack)",2021-01-01,5,https://i.scdn.co/image/ab67616d0000b2733b468555defdca4d3f57fcc4,https://i.scdn.co/image/ab67616d00001e023b468555defdca4d3f57fcc4,1oZmFNkGAT93yD1xX4vTRE,techno,Nina Kraviz
6wZqyr0yloM7DZ76mht4S1,Nina Kraviz Presents MASSEDUCTION Rewired,2019-04-12,22,https://i.scdn.co/image/ab67616d0000b27379e42469a1fb73c37f194459,https://i.scdn.co/image/ab67616d00001e0279e42469a1fb73c37f194459,1oZmFNkGAT93yD1xX4vTRE,techno,Nina Kraviz
4cJQ8GYSXvDA14uA1g7Gp6,The Remixes,2015-12-25,11,https://i.scdn.co/image/ab67616d0000b2738b524b23cc570a36dbf3f991,https://i.scdn.co/image/ab67616d00001e028b524b23cc570a36dbf3f991,1oZmFNkGAT93yD1xX4vTRE,techno,Nina Kraviz
4EZfT23K5svIBimtvBEShS,DJ-Kicks (Nina Kraviz) [DJ Mix],2015-01-26,29,https://i.scdn.co/image/ab67616d0000b273f5b55198c7ba18d8d60c623b,https://i.scdn.co/image/ab67616d00001e02f5b55198c7ba18d8d60c623b,1oZmFNkGAT93yD1xX4vTRE,techno,Nina Kraviz
1eaSy9TmNaaUiFYZs2T5N6,Mr Jones,2013-12-02,10,https://i.scdn.co/image/ab67616d0000b2733ad48ca605984ffd7b1660f4,https://i.scdn.co/image/ab67616d00001e023ad48ca605984ffd7b1660f4,1oZmFNkGAT93yD1xX4vTRE,techno,Nina Kraviz
4obvGroj4Sg4PbuLfdhFSo,Nina Kraviz,2012-02-27,14,https://i.scdn.co/image/ab67616d0000b273bc35109ffb1deaa71886c70e,https://i.scdn.co/image/ab67616d00001e02bc35109ffb1deaa71886c70e,1oZmFNkGAT93yD1xX4vTRE,techno,Nina Kraviz
7MPgp1AL25WthBw0VfEYAs,I'm Week,2010-12-12,8,https://i.scdn.co/image/ab67616d0000b2735b55fb01ef79429812aafc7d,https://i.scdn.co/image/ab67616d00001e025b55fb01ef79429812aafc7d,1oZmFNkGAT93yD1xX4vTRE,techno,Nina Kraviz
6irxiwTv59BvXryB2rJGTl,Moses,2010-08-13,4,https://i.scdn.co/image/ab67616d0000b273f94c0a2776f5da6a1a805ef4,https://i.scdn.co/image/ab67616d00001e02f94c0a2776f5da6a1a805ef4,1oZmFNkGAT93yD1xX4vTRE,techno,Nina Kraviz
5Da9zM2Amcdsa5zpn6YK0R,FORTE,2023-12-01,10,https://i.scdn.co/image/ab67616d0000b2730b63a413b3a9acdddd8e8c87,https://i.scdn.co/image/ab67616d00001e020b63a413b3a9acdddd8e8c87,6OQOvP7RAdmAKVXXQqD0Se,techno,Pan-Pot
5OFE1L5SCbDkFsA1Yy4HKU,The Other,2015-09-25,14,https://i.scdn.co/image/ab67616d0000b2730b4b3a22f735d0aaf3bba20b,https://i.scdn.co/image/ab67616d00001e020b4b3a22f735d0aaf3bba20b,6OQOvP7RAdmAKVXXQqD0Se,techno,Pan-Pot
5rS3IKRZFEjZKtvxJLjO7i,Confronted Remixes,2009-12-28,5,https://i.scdn.co/image/ab67616d0000b273b906878553f7e1e21dc55f62,https://i.scdn.co/image/ab67616d00001e02b906878553f7e1e21dc55f62,6OQOvP7RAdmAKVXXQqD0Se,techno,Pan-Pot
3Fbondj1sVlwzDSQcYNwrC,Melatonin,2026-03-13,17,https://i.scdn.co/image/ab67616d0000b273b3dc2b81fb8cc6fb18fa2af9,https://i.scdn.co/image/ab67616d00001e02b3dc2b81fb8cc6fb18fa2af9,4jGpKAmwvU263l0tUh4xKU,techno,Joris Voorn
7C9sYJJ4s7YnIKs7WxLOl2,Serotonin,2025-07-18,27,https://i.scdn.co/image/ab67616d0000b273b20c83965a6217119d0543af,https://i.scdn.co/image/ab67616d00001e02b20c83965a6217119d0543af,4jGpKAmwvU263l0tUh4xKU,techno,Joris Voorn
2FDiENkO4Jt7PtIfurC2MY,Global Underground #43: Joris Voorn - Rotterdam (The Exclusive Originals),2021-01-22,10,https://i.scdn.co/image/ab67616d0000b273c8a50fc81d3747eade64db7c,https://i.scdn.co/image/ab67616d00001e02c8a50fc81d3747eade64db7c,4jGpKAmwvU263l0tUh4xKU,techno,Joris Voorn
0RdEilBBna50FQ2VtEmUEa,Four (Remixes Deluxe),2020-12-18,18,https://i.scdn.co/image/ab67616d0000b2733757ce31e90f17a519764f6f,https://i.scdn.co/image/ab67616d00001e023757ce31e90f17a519764f6f,4jGpKAmwvU263l0tUh4xKU,techno,Joris Voorn
5A0oz8lVSBUBM9VfC4lTGw,Global Underground #43: Joris Voorn - Rotterdam (Unmixed),2020-12-11,81,https://i.scdn.co/image/ab67616d0000b273baa58bfadabe27285e247ddc,https://i.scdn.co/image/ab67616d00001e02baa58bfadabe27285e247ddc,4jGpKAmwvU263l0tUh4xKU,techno,Joris Voorn
4ykiA59HEv4gwYiDWW4UF0,Four,2019-11-15,14,https://i.scdn.co/image/ab67616d0000b27320bf5fcd723722ad827a8fc1,https://i.scdn.co/image/ab67616d00001e0220bf5fcd723722ad827a8fc1,4jGpKAmwvU263l0tUh4xKU,techno,Joris Voorn
4aTt5hanGCs5zZAvpeznL5,Nobody Knows Remixes,2015-05-19,17,https://i.scdn.co/image/ab67616d0000b273a1ab24f94f32d3dd1924af27,https://i.scdn.co/image/ab67616d00001e02a1ab24f94f32d3dd1924af27,4jGpKAmwvU263l0tUh4xKU,techno,Joris Voorn
6dRe9EXoPnbd41eR5oME7V,Nobody Knows,2014-11-17,12,https://i.scdn.co/image/ab67616d0000b2730881c6dc30dadc6115f28a2a,https://i.scdn.co/image/ab67616d00001e020881c6dc30dadc6115f28a2a,4jGpKAmwvU263l0tUh4xKU,techno,Joris Voorn
01z2s72phWU6sHlz9rF8zO,From A Deep Place,2007-05-25,19,https://i.scdn.co/image/ab67616d0000b273fed60c72fac6a886e320bc1c,https://i.scdn.co/image/ab67616d00001e02fed60c72fac6a886e320bc1c,4jGpKAmwvU263l0tUh4xKU,techno,Joris Voorn
0CglzaLAkM2pXC29VSYlBT,Future History,2004-03-01,22,https://i.scdn.co/image/ab67616d0000b273812ef8c15e53df1f1ca89188,https://i.scdn.co/image/ab67616d00001e02812ef8c15e53df1f1ca89188,4jGpKAmwvU263l0tUh4xKU,techno,Joris Voorn
1VDnvADu41lopq08AvaTGG,"War is Peace, Freedom is Slavery, Ignorance is Strength",2024-10-04,10,https://i.scdn.co/image/ab67616d0000b27381c6d991598ecacdeba96f57,https://i.scdn.co/image/ab67616d00001e0281c6d991598ecacdeba96f57,2zJJIWKT0LiwdxcwW9RajQ,techno,Dax J
58NU3DpvSOf8gibbwwjWWf,Soul Enforcer LP,2022-04-01,19,https://i.scdn.co/image/ab67616d0000b273fcfc338e2d8e4892b467c67e,https://i.scdn.co/image/ab67616d00001e02fcfc338e2d8e4892b467c67e,2zJJIWKT0LiwdxcwW9RajQ,techno,Dax J
0DBKh3SUXyAuB0MSl3W8Gz,Utopian Surrealism,2021-10-22,10,https://i.scdn.co/image/ab67616d0000b2730aef636c740422fae0341094,https://i.scdn.co/image/ab67616d00001e020aef636c740422fae0341094,2zJJIWKT0LiwdxcwW9RajQ,techno,Dax J
3bu4WAEITAdnuvAuEmAfrk,Offending Public Morality,2018-04-20,14,https://i.scdn.co/image/ab67616d0000b2732045a04f246c624502a5dfee,https://i.scdn.co/image/ab67616d00001e022045a04f246c624502a5dfee,2zJJIWKT0LiwdxcwW9RajQ,techno,Dax J
2RZqWhLn6UT1EBbenYWQ9i,Shades Of Black LP,2015-11-06,10,https://i.scdn.co/image/ab67616d0000b273c378d37b8fdd6a9a544927ab,https://i.scdn.co/image/ab67616d00001e02c378d37b8fdd6a9a544927ab,2zJJIWKT0LiwdxcwW9RajQ,techno,Dax J
6cVcVM7wQ2TD3FYtHMIqEi,Heaven And Hell,2009-06-03,10,https://i.scdn.co/image/ab67616d0000b2738af62a2ab44cbf0894c64f3a,https://i.scdn.co/image/ab67616d00001e028af62a2ab44cbf0894c64f3a,2zJJIWKT0LiwdxcwW9RajQ,techno,Dax J
7uYTYAQsXBeVriJopyhpV9,Forever Melancholia,2024-12-19,5,https://i.scdn.co/image/ab67616d0000b273710450f5dfe9bfcfa54323af,https://i.scdn.co/image/ab67616d00001e02710450f5dfe9bfcfa54323af,0KqSULB80ft2H3aFg6kJmN,techno,I Hate Models
2VwYcshlZdCSE7xeliCCn0,VA/01 DGTL,2019-07-30,16,https://i.scdn.co/image/ab67616d0000b2733a2580ec28168f5c28664c7c,https://i.scdn.co/image/ab67616d00001e023a2580ec28168f5c28664c7c,0KqSULB80ft2H3aFg6kJmN,techno,I Hate Models
2xMcZIMctPWT1jAfWL1toR,L'âge Des Métamorphoses,2019-06-28,12,https://i.scdn.co/image/ab67616d0000b273028765ba728ebeb89708bad7,https://i.scdn.co/image/ab67616d00001e02028765ba728ebeb89708bad7,0KqSULB80ft2H3aFg6kJmN,techno,I Hate Models
6DEJErUUiixATMvkg9XtHN,Totsuka No Tsurugi,2017-07-17,4,https://i.scdn.co/image/ab67616d0000b27318859d7ccaeaad58def0b6d9,https://i.scdn.co/image/ab67616d00001e0218859d7ccaeaad58def0b6d9,0KqSULB80ft2H3aFg6kJmN,techno,I Hate Models
3Flr4oDF97OVBvX5VPpBgI,Ghost Stories: (The Remixes),2021-06-04,8,https://i.scdn.co/image/ab67616d0000b2732311c79bf380d2d66d7e9b52,https://i.scdn.co/image/ab67616d00001e022311c79bf380d2d66d7e9b52,7rmuxvt1D8dIU920lNcR67,techno,Rebekah
19aDYjMFawLk4x1qdB8pRP,Fear Paralysis,2017-04-28,13,https://i.scdn.co/image/ab67616d0000b2736ec81322307f7db8ada7292c,https://i.scdn.co/image/ab67616d00001e026ec81322307f7db8ada7292c,7rmuxvt1D8dIU920lNcR67,techno,Rebekah
3t8d7MkH1hAUbLaVGHaLct,Running Back Mastermix: Marcel Dettmann - Edits & Cuts (DJ Mix),2025-06-27,18,https://i.scdn.co/image/ab67616d0000b273a30b8631f4a8e89b301a2de6,https://i.scdn.co/image/ab67616d00001e02a30b8631f4a8e89b301a2de6,1sxHp39RqBEE01pgVqsdyP,techno,Marcel Dettmann
49b3cshXjZHfOzN3SfMWzr,Fear of Programming,2022-11-25,13,https://i.scdn.co/image/ab67616d0000b273172da3fa059af84ac39e7ee2,https://i.scdn.co/image/ab67616d00001e02172da3fa059af84ac39e7ee2,1sxHp39RqBEE01pgVqsdyP,techno,Marcel Dettmann
0PNF69e8umC9I9blwOoR8Z,Phantom Studies,2017-01-27,7,https://i.scdn.co/image/ab67616d0000b2730b7bda2e8929dc8ffa6795da,https://i.scdn.co/image/ab67616d00001e020b7bda2e8929dc8ffa6795da,1sxHp39RqBEE01pgVqsdyP,techno,Marcel Dettmann
7pVXZRWm7SXnKmoU84NsxG,DJ-Kicks (Marcel Dettmann) [Mixed Tracks],2016-10-14,19,https://i.scdn.co/image/ab67616d0000b273a04421f3fd3c5a40a72dc4bf,https://i.scdn.co/image/ab67616d00001e02a04421f3fd3c5a40a72dc4bf,1sxHp39RqBEE01pgVqsdyP,techno,Marcel Dettmann
1LmRknhxOwXY9hpCm8QIbx,Dettmann II,2013-09-16,12,https://i.scdn.co/image/ab67616d0000b27306db63c9b89b0ef798404bc0,https://i.scdn.co/image/ab67616d00001e0206db63c9b89b0ef798404bc0,1sxHp39RqBEE01pgVqsdyP,techno,Marcel Dettmann
1KIVBgSbA16PBhClt0lSMG,Conducted,2011,19,https://i.scdn.co/image/ab67616d0000b273238a71bed8a152e3b878ea48,https://i.scdn.co/image/ab67616d00001e02238a71bed8a152e3b878ea48,1sxHp39RqBEE01pgVqsdyP,techno,Marcel Dettmann
75ilFqVdPdEXeA1EZmW8oC,Dettmann,2010-04-26,12,https://i.scdn.co/image/ab67616d0000b2739b6aa99dda9847c60ee707d6,https://i.scdn.co/image/ab67616d00001e029b6aa99dda9847c60ee707d6,1sxHp39RqBEE01pgVqsdyP,techno,Marcel Dettmann
2jl2XQN5Z0iZPn5thGy9jS,Scenario,2007-11-26,5,https://i.scdn.co/image/ab67616d0000b273a62b8af3161e29297e343bed,https://i.scdn.co/image/ab67616d00001e02a62b8af3161e29297e343bed,1sxHp39RqBEE01pgVqsdyP,techno,Marcel Dettmann
4Ja968ermx4ErjrtGfQaAQ,Get Physical Radio by Monkey Safari,2025-02-13,13,https://i.scdn.co/image/ab67616d0000b273f1a75598251fa74751c54063,https://i.scdn.co/image/ab67616d00001e02f1a75598251fa74751c54063,5zovXI5By2gUhdr7EByjLa,techno,Monkey Safari
3wYCD8GliA0Jy7LbrfeOHk,Good Vibes From Paradise 24,2024-12-13,14,https://i.scdn.co/image/ab67616d0000b2732308f9d842e1eff5d86b30ce,https://i.scdn.co/image/ab67616d00001e022308f9d842e1eff5d86b30ce,5zovXI5By2gUhdr7EByjLa,techno,Monkey Safari
3aRgcRHwcVOnynmzw1316W,"Body Language, Vol. 24 (DJ Mix)",2022-08-19,18,https://i.scdn.co/image/ab67616d0000b2737337222b6f800dc0b31b556c,https://i.scdn.co/image/ab67616d00001e027337222b6f800dc0b31b556c,5zovXI5By2gUhdr7EByjLa,techno,Monkey Safari
2q1yFtPevPCNlp06WDzfFc,Love Will Set U Free,2021-08-06,10,https://i.scdn.co/image/ab67616d0000b273b5cb8e4d93a0582c2a2becbe,https://i.scdn.co/image/ab67616d00001e02b5cb8e4d93a0582c2a2becbe,5zovXI5By2gUhdr7EByjLa,techno,Monkey Safari
5jixOFmitILLfz1HrEVaYE,HI (Remixed),2020-02-28,8,https://i.scdn.co/image/ab67616d0000b273d26e07d847f1116360ddc16e,https://i.scdn.co/image/ab67616d00001e02d26e07d847f1116360ddc16e,5zovXI5By2gUhdr7EByjLa,techno,Monkey Safari
1w8HTBenAX5NyBQaG3q1UK,HI,2019-06-21,10,https://i.scdn.co/image/ab67616d0000b273f1170cfaf64ff589f2baf2b0,https://i.scdn.co/image/ab67616d00001e02f1170cfaf64ff589f2baf2b0,5zovXI5By2gUhdr7EByjLa,techno,Monkey Safari
796C60OmYLvdokhHSfrnrE,Odyssey Remixes - Three,2018-07-27,5,https://i.scdn.co/image/ab67616d0000b2739c84c4bc2c24ddf1661711b4,https://i.scdn.co/image/ab67616d00001e029c84c4bc2c24ddf1661711b4,5zovXI5By2gUhdr7EByjLa,techno,Monkey Safari
1MeVBxlOhB79Ihb6r63FKa,Odyssey Remixes - One,2018-06-01,5,https://i.scdn.co/image/ab67616d0000b2739f55c1e9c9be857c121c6978,https://i.scdn.co/image/ab67616d00001e029f55c1e9c9be857c121c6978,5zovXI5By2gUhdr7EByjLa,techno,Monkey Safari
2BEVdrJb3VVOssqOkbouM7,Odyssey,2017-10-27,11,https://i.scdn.co/image/ab67616d0000b2736e4d28fd872636b254884188,https://i.scdn.co/image/ab67616d00001e026e4d28fd872636b254884188,5zovXI5By2gUhdr7EByjLa,techno,Monkey Safari
1Douav8YJYiCmwjB05dMVJ,Boris,2016-09-02,4,https://i.scdn.co/image/ab67616d0000b2738af4bd38236239d1ab381405,https://i.scdn.co/image/ab67616d00001e028af4bd38236239d1ab381405,5zovXI5By2gUhdr7EByjLa,techno,Monkey Safari
7jFTBpRNQsKeLsr9VCnW7h,Bernstein,2016-07-01,4,https://i.scdn.co/image/ab67616d0000b27383aa8357ce27072f5466eb10,https://i.scdn.co/image/ab67616d00001e0283aa8357ce27072f5466eb10,5zovXI5By2gUhdr7EByjLa,techno,Monkey Safari
7HJH6NNYprAUNSbEHFogIT,On,2016-04-08,4,https://i.scdn.co/image/ab67616d0000b273ea55629bff8f520cc953b965,https://i.scdn.co/image/ab67616d00001e02ea55629bff8f520cc953b965,5zovXI5By2gUhdr7EByjLa,techno,Monkey Safari
5rAfh5ZMBDZIKsIohaGL9N,Unity of Opposites,2023-11-10,25,https://i.scdn.co/image/ab67616d0000b273bcaf1de54b03e84c9f285f1d,https://i.scdn.co/image/ab67616d00001e02bcaf1de54b03e84c9f285f1d,1oXiuCd5F0DcnmXH5KaM6N,techno,Kollektiv Turmstrasse
3dWqD6pjAcJmMwYflzbykp,Ordinary,2012-08-27,10,https://i.scdn.co/image/ab67616d0000b27379e3ea176595838c3770e05d,https://i.scdn.co/image/ab67616d00001e0279e3ea176595838c3770e05d,1oXiuCd5F0DcnmXH5KaM6N,techno,Kollektiv Turmstrasse
4XYA69iFOf2AvQ3wFc16GM,Rebellion Der Träumer,2010-11-19,19,https://i.scdn.co/image/ab67616d0000b273c1c42cf8097582c01f3fab09,https://i.scdn.co/image/ab67616d00001e02c1c42cf8097582c01f3fab09,1oXiuCd5F0DcnmXH5KaM6N,techno,Kollektiv Turmstrasse
0veMfwPekRVWazQ0YVGLPa,Boavista Remixes,2022-02-25,39,https://i.scdn.co/image/ab67616d0000b2734550e3779133a571e9822090,https://i.scdn.co/image/ab67616d00001e024550e3779133a571e9822090,2nq2BeSbzExGAv3Y4HgUf7,techno,Stephan Bodzin
6KxqCQfOLFFfiw5R16CW2R,Boavista,2021-10-08,17,https://i.scdn.co/image/ab67616d0000b2735f802c0b56a577c75dc3c966,https://i.scdn.co/image/ab67616d00001e025f802c0b56a577c75dc3c966,2nq2BeSbzExGAv3Y4HgUf7,techno,Stephan Bodzin
0RKJsKXCRWZwoNlPsoE68b,Powers of Ten (Remixes),2015-12-18,26,https://i.scdn.co/image/ab67616d0000b2736e5726ba54dd9a8a9baa6cc8,https://i.scdn.co/image/ab67616d00001e026e5726ba54dd9a8a9baa6cc8,2nq2BeSbzExGAv3Y4HgUf7,techno,Stephan Bodzin
5zj0qH4lKPQOotmWkE3ECb,Powers of Ten,2015-06-12,10,https://i.scdn.co/image/ab67616d0000b273faab5a4042d8bd545447a127,https://i.scdn.co/image/ab67616d00001e02faab5a4042d8bd545447a127,2nq2BeSbzExGAv3Y4HgUf7,techno,Stephan Bodzin
61Q9MPH2cf3CbuLt53hJvW,Luna,2011-03-04,34,https://i.scdn.co/image/ab67616d0000b273c25a97b2b3720fdcbe8a2170,https://i.scdn.co/image/ab67616d00001e02c25a97b2b3720fdcbe8a2170,2nq2BeSbzExGAv3Y4HgUf7,techno,Stephan Bodzin
7aDPHiZedxNxQvag7Q656m,6 Monde,2009-01-23,6,https://i.scdn.co/image/ab67616d0000b2739ad4b2a02e1d6d608f54dca2,https://i.scdn.co/image/ab67616d00001e029ad4b2a02e1d6d608f54dca2,2nq2BeSbzExGAv3Y4HgUf7,techno,Stephan Bodzin
2tOjGA46N5t3SmetuR2eWc,Liebe Ist...,2007-05-04,12,https://i.scdn.co/image/ab67616d0000b273f8b45e90c915e79ec26670ff,https://i.scdn.co/image/ab67616d00001e02f8b45e90c915e79ec26670ff,2nq2BeSbzExGAv3Y4HgUf7,techno,Stephan Bodzin
4lXpdWFX4FpD1y6POQjZwy,Fieber,2006-10-20,13,https://i.scdn.co/image/ab67616d0000b273e94e9e9bcee4ea6d48cdc8fe,https://i.scdn.co/image/ab67616d00001e02e94e9e9bcee4ea6d48cdc8fe,2nq2BeSbzExGAv3Y4HgUf7,techno,Stephan Bodzin
0BHheZxTmxC2fZh6mbCVx2,Until We Meet Again,2026-01-23,13,https://i.scdn.co/image/ab67616d0000b273c0aee62230801c848b185912,https://i.scdn.co/image/ab67616d00001e02c0aee62230801c848b185912,3tSvlEzeDnVbQJBTkIA6nO,techno,Christian Löffler
4NFeATnC0BhLtvXInTdO9R,A Life,2024-04-26,11,https://i.scdn.co/image/ab67616d0000b273e12e6fff561632ef707c1b41,https://i.scdn.co/image/ab67616d00001e02e12e6fff561632ef707c1b41,3tSvlEzeDnVbQJBTkIA6nO,techno,Christian Löffler
2X5HaKvZ0FUiCqfei4NCO6,Parallels: Shellac Reworks By Christian Löffler,2021-02-12,10,https://i.scdn.co/image/ab67616d0000b2732ae3934450a9b0c4d9e5c3d3,https://i.scdn.co/image/ab67616d00001e022ae3934450a9b0c4d9e5c3d3,3tSvlEzeDnVbQJBTkIA6nO,techno,Christian Löffler
5yssg2eFopmzstxvyFbrBT,Lys,2020-03-20,12,https://i.scdn.co/image/ab67616d0000b27373d16b616fa07fb8db9f1c50,https://i.scdn.co/image/ab67616d00001e0273d16b616fa07fb8db9f1c50,3tSvlEzeDnVbQJBTkIA6nO,techno,Christian Löffler
2dS99m3T1KFseI62HtLWe8,Graal (Prologue),2019-04-05,6,https://i.scdn.co/image/ab67616d0000b2738f0c883f02c099663d06baeb,https://i.scdn.co/image/ab67616d00001e028f0c883f02c099663d06baeb,3tSvlEzeDnVbQJBTkIA6nO,techno,Christian Löffler
0MnE1HBE8O1i9RD2yUhRKQ,Mare Reworks,2017-09-08,13,https://i.scdn.co/image/ab67616d0000b2730630b4bbd3a431ca46b540b4,https://i.scdn.co/image/ab67616d00001e020630b4bbd3a431ca46b540b4,3tSvlEzeDnVbQJBTkIA6nO,techno,Christian Löffler
7IDOU3byCWFcvpt1JI45cP,Mare (Club Mixes),2017-09-07,6,https://i.scdn.co/image/ab67616d0000b2735f3684bed9a18509fd64eb35,https://i.scdn.co/image/ab67616d00001e025f3684bed9a18509fd64eb35,3tSvlEzeDnVbQJBTkIA6nO,techno,Christian Löffler
392RA8UhAIoBzpbn3bPy3Q,Mare,2016-10-07,17,https://i.scdn.co/image/ab67616d0000b2735341f1257f1681cd1f7248ae,https://i.scdn.co/image/ab67616d00001e025341f1257f1681cd1f7248ae,3tSvlEzeDnVbQJBTkIA6nO,techno,Christian Löffler
7CPhbXAXvokdASYAh0vnpS,A Forest,2012-06-15,12,https://i.scdn.co/image/ab67616d0000b273cd2826df1e00ba838c27bc27,https://i.scdn.co/image/ab67616d00001e02cd2826df1e00ba838c27bc27,3tSvlEzeDnVbQJBTkIA6nO,techno,Christian Löffler
6mYeB46sU6PyRC48eML6bZ,Musik,1994-11-08,10,https://i.scdn.co/image/ab67616d0000b2735fbecad78c9bdfadbc9be02c,https://i.scdn.co/image/ab67616d00001e025fbecad78c9bdfadbc9be02c,7GoFQNOTX0suC6Tn59qx8n,techno,Plastikman
4AFkZfFvIGYxNc28b2FKpy,Recycled Plastik,1994-04-11,6,https://i.scdn.co/image/ab67616d0000b2738a2f6214e68ce7f52c166a35,https://i.scdn.co/image/ab67616d00001e028a2f6214e68ce7f52c166a35,7GoFQNOTX0suC6Tn59qx8n,techno,Plastikman
31wRVrTfonpur6rpM8wZ84,Sheet One (Remastered),1993-11-06,10,https://i.scdn.co/image/ab67616d0000b2738587acc2d6fd651b31b385ba,https://i.scdn.co/image/ab67616d00001e028587acc2d6fd651b31b385ba,7GoFQNOTX0suC6Tn59qx8n,techno,Plastikman
4TlODo8qn02iNSs2O13asx,Recordings,2025-08-15,12,https://i.scdn.co/image/ab67616d0000b273fd934b0dd44cc83883f38f8e,https://i.scdn.co/image/ab67616d00001e02fd934b0dd44cc83883f38f8e,1PSylklb2w06BAAHEtepqM,techno,Surgeon
2jaVvl6PxzAxjJNEzMKTu9,Shell~Wave,2025-05-02,9,https://i.scdn.co/image/ab67616d0000b27323648de55377af351e137e6e,https://i.scdn.co/image/ab67616d00001e0223648de55377af351e137e6e,1PSylklb2w06BAAHEtepqM,techno,Surgeon
6ASYfmON3UkZPl1rxrBxCi,Two Hours Or Something,2024-05-17,11,https://i.scdn.co/image/ab67616d0000b27375c918013b4a70830a0a5990,https://i.scdn.co/image/ab67616d00001e0275c918013b4a70830a0a5990,1PSylklb2w06BAAHEtepqM,techno,Surgeon
074BDQSfufLOuL8qWsRsyg,Crash Recoil,2023-03-17,8,https://i.scdn.co/image/ab67616d0000b27307e9277da3a078474a9a915b,https://i.scdn.co/image/ab67616d00001e0207e9277da3a078474a9a915b,1PSylklb2w06BAAHEtepqM,techno,Surgeon
1P1k0VL2WAraMix5pgIb6B,Luminosity Device,2018-05-25,9,https://i.scdn.co/image/ab67616d0000b27368bfadf7000b4d1523e6907c,https://i.scdn.co/image/ab67616d00001e0268bfadf7000b4d1523e6907c,1PSylklb2w06BAAHEtepqM,techno,Surgeon
3y3v158VcH2ENOIdKGImca,From Farthest Known Objects,2016-01-29,8,https://i.scdn.co/image/ab67616d0000b2738c59b1c168aa0c64cb473d76,https://i.scdn.co/image/ab67616d00001e028c59b1c168aa0c64cb473d76,1PSylklb2w06BAAHEtepqM,techno,Surgeon
16XAAwfzTEeZMjp4WROkHp,Unreleased Tracks 1995-1996,2015-07-10,6,https://i.scdn.co/image/ab67616d0000b2733d6b002ece898158ca564d15,https://i.scdn.co/image/ab67616d00001e023d6b002ece898158ca564d15,1PSylklb2w06BAAHEtepqM,techno,Surgeon
4r6HZEEMZ7EA5akFD7pSAb,Communications (2014 Remaster),2015-04-13,6,https://i.scdn.co/image/ab67616d0000b273bd74693fa15f95c47a56bbba,https://i.scdn.co/image/ab67616d00001e02bd74693fa15f95c47a56bbba,1PSylklb2w06BAAHEtepqM,techno,Surgeon
113jlSont8YoYWj2yIEqny,Breaking the Frame,2011-05-30,9,https://i.scdn.co/image/ab67616d0000b273f0ad9dc316a948905771844d,https://i.scdn.co/image/ab67616d00001e02f0ad9dc316a948905771844d,1PSylklb2w06BAAHEtepqM,techno,Surgeon
0nmfsDV4BB5UbRi1D0SrDK,Screw the Roses,2001-12-17,7,https://i.scdn.co/image/ab67616d0000b273b5c66f68d826a8a816bef74b,https://i.scdn.co/image/ab67616d00001e02b5c66f68d826a8a816bef74b,1PSylklb2w06BAAHEtepqM,techno,Surgeon
7de264Y95K3LUu5COd7Yjx,Body Request,2000-10-09,7,https://i.scdn.co/image/ab67616d0000b273727b7dbc78009cd2b247a473,https://i.scdn.co/image/ab67616d00001e02727b7dbc78009cd2b247a473,1PSylklb2w06BAAHEtepqM,techno,Surgeon
2ZHpou5hrpOrtyQPr5Emz2,Balance,1998,10,https://i.scdn.co/image/ab67616d0000b273e97578b6bf281455a67f5275,https://i.scdn.co/image/ab67616d00001e02e97578b6bf281455a67f5275,1PSylklb2w06BAAHEtepqM,techno,Surgeon
17Tz1co5AEuvo9HS0FNlOG,Basictonalvocabulary,1997,10,https://i.scdn.co/image/ab67616d0000b2737d1cc13298c0f8da3b4b91b4,https://i.scdn.co/image/ab67616d00001e027d1cc13298c0f8da3b4b91b4,1PSylklb2w06BAAHEtepqM,techno,Surgeon
5VDhlo398SCiqC5XSoPUDl,Magda,2024-01-19,6,https://i.scdn.co/image/ab67616d0000b273cf5f1f145a7407d53a4cf0fd,https://i.scdn.co/image/ab67616d00001e02cf5f1f145a7407d53a4cf0fd,2LmP2eHIAmprDBQfi4jiBC,techno,Donato Dozzy
64fKgCaHuNbGWIrQ3jtH3j,One Instrument Sessions 05,2019-12-06,2,https://i.scdn.co/image/ab67616d0000b273b8a3687961a4b75c9b4ca177,https://i.scdn.co/image/ab67616d00001e02b8a3687961a4b75c9b4ca177,2LmP2eHIAmprDBQfi4jiBC,techno,Donato Dozzy
2pTMdisfiewRemVX5nhETM,12H,2019-10-24,12,https://i.scdn.co/image/ab67616d0000b273891d82cee5866d36830a1815,https://i.scdn.co/image/ab67616d00001e02891d82cee5866d36830a1815,2LmP2eHIAmprDBQfi4jiBC,techno,Donato Dozzy
24GJE9L3b9B8dl67uXYnZ1,Filo Loves the Acid,2018-07-13,8,https://i.scdn.co/image/ab67616d0000b2731d8dcb029e3427b064716119,https://i.scdn.co/image/ab67616d00001e021d8dcb029e3427b064716119,2LmP2eHIAmprDBQfi4jiBC,techno,Donato Dozzy
7tL0JQOecu8VqOBoi57o8R,Sintetizzatrice,2015-03-27,9,https://i.scdn.co/image/ab67616d0000b273b27f0ad5c664a2fe5f70eb8e,https://i.scdn.co/image/ab67616d00001e02b27f0ad5c664a2fe5f70eb8e,2LmP2eHIAmprDBQfi4jiBC,techno,Donato Dozzy
48Q9AkNGWuhtutg55ekM8l,The Aquaplano Sessions,2014-02-28,8,https://i.scdn.co/image/ab67616d0000b273e0568af7b8b01ba367dc8e40,https://i.scdn.co/image/ab67616d00001e02e0568af7b8b01ba367dc8e40,2LmP2eHIAmprDBQfi4jiBC,techno,Donato Dozzy
174WH3ZdscTIktntFfXyz8,Plays Bee Mask,2013-08-23,7,https://i.scdn.co/image/ab67616d0000b27324ef56362030ef0dff47c10f,https://i.scdn.co/image/ab67616d00001e0224ef56362030ef0dff47c10f,2LmP2eHIAmprDBQfi4jiBC,techno,Donato Dozzy
6oAVVDRw6IfC2uHghD8c17,The Universe Will Take Care Of You,2025-06-13,6,https://i.scdn.co/image/ab67616d0000b273d750380e79100521bf036720,https://i.scdn.co/image/ab67616d00001e02d750380e79100521bf036720,15e0X6NuMsVuHi7AZhcfyI,techno,James Holden
4c04wXoadgnqqrxeDUCnFP,Imagine This Is A High Dimensional Space Of All Possibilities,2023-03-31,12,https://i.scdn.co/image/ab67616d0000b273d1a7d0c76a4c9c46c10b1889,https://i.scdn.co/image/ab67616d00001e02d1a7d0c76a4c9c46c10b1889,15e0X6NuMsVuHi7AZhcfyI,techno,James Holden
2fl8CRGeDa3JCX7RHP9lgD,A Cambodian Spring OST,2019-01-25,14,https://i.scdn.co/image/ab67616d0000b273dbc8fe40d8cf8aa754ee5c5c,https://i.scdn.co/image/ab67616d00001e02dbc8fe40d8cf8aa754ee5c5c,15e0X6NuMsVuHi7AZhcfyI,techno,James Holden
10QkV4igUtGyn58gFBlaus,The Animal Spirits,2017-11-03,9,https://i.scdn.co/image/ab67616d0000b2738a12bb4ab0e04ce76fe98624,https://i.scdn.co/image/ab67616d00001e028a12bb4ab0e04ce76fe98624,15e0X6NuMsVuHi7AZhcfyI,techno,James Holden
51rQDeo5ldbVXNAcUhD7Aj,Outdoor Museum of Fractals / 555Hz,2016-02-26,2,https://i.scdn.co/image/ab67616d0000b27334b80cd9224ca275ba52a6eb,https://i.scdn.co/image/ab67616d00001e0234b80cd9224ca275ba52a6eb,15e0X6NuMsVuHi7AZhcfyI,techno,James Holden
1cyyJp2x73H6a5buSo0SvR,The Inheritors,2013-06-24,15,https://i.scdn.co/image/ab67616d0000b27326fee4882dea9cd7bed9a1f5,https://i.scdn.co/image/ab67616d00001e0226fee4882dea9cd7bed9a1f5,15e0X6NuMsVuHi7AZhcfyI,techno,James Holden
5aLK9kj1aXzh0K9vZHo6eY,DJ-KiCKS (James Holden),2010-05-24,20,https://i.scdn.co/image/ab67616d0000b273c5a8dd6adfebb848ec275165,https://i.scdn.co/image/ab67616d00001e02c5a8dd6adfebb848ec275165,15e0X6NuMsVuHi7AZhcfyI,techno,James Holden
2AoS2OI3y6wHDeZ5KfSw13,The Idiots Are Winning,2006-10-30,9,https://i.scdn.co/image/ab67616d0000b2733e89ff27592d97e7ceafc66d,https://i.scdn.co/image/ab67616d00001e023e89ff27592d97e7ceafc66d,15e0X6NuMsVuHi7AZhcfyI,techno,James Holden
3BF0m3llpGGYFpjK7BlrSL,Balance 005 (Mixed by James Holden) [Mixed Version],2003-10-06,30,https://i.scdn.co/image/ab67616d0000b273dbe3d2cfc96a7d5357fc8424,https://i.scdn.co/image/ab67616d00001e02dbe3d2cfc96a7d5357fc8424,15e0X6NuMsVuHi7AZhcfyI,techno,James Holden
5alFkFcTcPwVu2m5VpiFsB,Mirror Man,2020-11-20,14,https://i.scdn.co/image/ab67616d0000b2739fb2e448e8049e9fc207598a,https://i.scdn.co/image/ab67616d00001e029fb2e448e8049e9fc207598a,5ipQlfnpRCtyOuhYqvPvQ8,techno,Robert Hood
5PWn0llSl0y4RSVuVwwrjZ,DJ-Kicks (Robert Hood) [DJ Mix],2018-11-16,22,https://i.scdn.co/image/ab67616d0000b273bebcc0e71b7f88f987a348b6,https://i.scdn.co/image/ab67616d00001e02bebcc0e71b7f88f987a348b6,5ipQlfnpRCtyOuhYqvPvQ8,techno,Robert Hood
3K7Y2aauXoJsxaZPj1bpAI,Paradygm Shift,2017-05-26,9,https://i.scdn.co/image/ab67616d0000b273e9e4598b08f36bd89705e5b8,https://i.scdn.co/image/ab67616d00001e02e9e4598b08f36bd89705e5b8,5ipQlfnpRCtyOuhYqvPvQ8,techno,Robert Hood
17HvkzvYLbhUiAq0UDqo1h,Motor: Nighttime World 3,2012,12,https://i.scdn.co/image/ab67616d0000b27381ee2693d0f3da6c919e57cc,https://i.scdn.co/image/ab67616d00001e0281ee2693d0f3da6c919e57cc,5ipQlfnpRCtyOuhYqvPvQ8,techno,Robert Hood
4BAcf6luvrLcpkgWsaW3hv,Omega: Alive,2011-06-20,13,https://i.scdn.co/image/ab67616d0000b273b410227d941906992a8709c7,https://i.scdn.co/image/ab67616d00001e02b410227d941906992a8709c7,5ipQlfnpRCtyOuhYqvPvQ8,techno,Robert Hood
73aMJeM4IVVCxTPGowhQ9Q,Omega,2010-06-14,12,https://i.scdn.co/image/ab67616d0000b273fe42f3469dc701d972d0d877,https://i.scdn.co/image/ab67616d00001e02fe42f3469dc701d972d0d877,5ipQlfnpRCtyOuhYqvPvQ8,techno,Robert Hood
4MyzEybeVnXybxuvZhZI3q,Wire To Wire,2003-09-22,10,https://i.scdn.co/image/ab67616d0000b273f23770987267cfa12a60f164,https://i.scdn.co/image/ab67616d00001e02f23770987267cfa12a60f164,5ipQlfnpRCtyOuhYqvPvQ8,techno,Robert Hood
1JiSUXD7ZqreF79cuXaq8C,Point Blank,2002-09-23,11,https://i.scdn.co/image/ab67616d0000b273f38e1996b2dabdcc3990d3d8,https://i.scdn.co/image/ab67616d00001e02f38e1996b2dabdcc3990d3d8,5ipQlfnpRCtyOuhYqvPvQ8,techno,Robert Hood
4vBBFo44z0W1hVpCBwcxUF,Minimal Nation,1994,10,https://i.scdn.co/image/ab67616d0000b2731d7b3bb23ab3a1998cf1ead1,https://i.scdn.co/image/ab67616d00001e021d7b3bb23ab3a1998cf1ead1,5ipQlfnpRCtyOuhYqvPvQ8,techno,Robert Hood
3BAreUFH92qmT2GzZX7AWN,Internal Empire,1994,11,https://i.scdn.co/image/ab67616d0000b2735786e1ead9a9dca91357c9bb,https://i.scdn.co/image/ab67616d00001e025786e1ead9a9dca91357c9bb,5ipQlfnpRCtyOuhYqvPvQ8,techno,Robert Hood
0BmR9AfixKN0QsrkEHIXL2,Waveform Transmission Vol. 2,1993,8,https://i.scdn.co/image/ab67616d0000b273d824c5a0fa633934a9e5bad7,https://i.scdn.co/image/ab67616d00001e02d824c5a0fa633934a9e5bad7,5ipQlfnpRCtyOuhYqvPvQ8,techno,Robert Hood
3Z15B9bbxGXA6QJAa6kJMR,Strawberry Hotel,2024-10-25,15,https://i.scdn.co/image/ab67616d0000b273b657723662a3b8a04bd7f003,https://i.scdn.co/image/ab67616d00001e02b657723662a3b8a04bd7f003,1PXHzxRDiLnjqNrRn2Xbsa,techno,Underworld
5AoMrvlUxYSoypuWMlsVWj,DRIFT Series 1,2020-09-18,49,https://i.scdn.co/image/ab67616d0000b273ef5cfec8f5d419d5f893763d,https://i.scdn.co/image/ab67616d00001e02ef5cfec8f5d419d5f893763d,1PXHzxRDiLnjqNrRn2Xbsa,techno,Underworld
1VEtU0KI0YxLSQPdezEQnH,DRIFT Series 1 Sampler Edition,2019-10-31,10,https://i.scdn.co/image/ab67616d0000b273806faa9b6a5b56025b7b705f,https://i.scdn.co/image/ab67616d00001e02806faa9b6a5b56025b7b705f,1PXHzxRDiLnjqNrRn2Xbsa,techno,Underworld
1QYq1fGyMvbGtvEla84FtC,"Barbara Barbara, we face a shining future",2016-03-19,7,https://i.scdn.co/image/ab67616d0000b273cf5cdbf0397a8a71c9fd0395,https://i.scdn.co/image/ab67616d00001e02cf5cdbf0397a8a71c9fd0395,1PXHzxRDiLnjqNrRn2Xbsa,techno,Underworld
5LUJemyMzTC0KxSGKnamOd,Barking,2010,9,https://i.scdn.co/image/ab67616d0000b273b69782a372ec499cb284f1e0,https://i.scdn.co/image/ab67616d00001e02b69782a372ec499cb284f1e0,1PXHzxRDiLnjqNrRn2Xbsa,techno,Underworld
63LZwPWlTRjT5Sm1SENaqI,Sunshine (Music from the Motion Picture),2008-11-25,19,https://i.scdn.co/image/ab67616d0000b273f49ae9918589a3fb2a77bb8d,https://i.scdn.co/image/ab67616d00001e02f49ae9918589a3fb2a77bb8d,1PXHzxRDiLnjqNrRn2Xbsa,techno,Underworld
1IKCcM2Z9JUMr4u7tHNIsm,Oblivion With Bells,2007,11,https://i.scdn.co/image/ab67616d0000b2736b09703b5a9e23a2c669012b,https://i.scdn.co/image/ab67616d00001e026b09703b5a9e23a2c669012b,1PXHzxRDiLnjqNrRn2Xbsa,techno,Underworld
5n192ghquuwEFORZEtNyLg,A Hundred Days Off,2002,10,https://i.scdn.co/image/ab67616d0000b2731197be5a8ec09edc3befbe71,https://i.scdn.co/image/ab67616d00001e021197be5a8ec09edc3befbe71,1PXHzxRDiLnjqNrRn2Xbsa,techno,Underworld
2Un5MRMFYfZF7UuDOfTaxi,"Everything, Everything (Live)",2000,8,https://i.scdn.co/image/ab67616d0000b2733ebd35e4b9ded014df5f1a1d,https://i.scdn.co/image/ab67616d00001e023ebd35e4b9ded014df5f1a1d,1PXHzxRDiLnjqNrRn2Xbsa,techno,Underworld
6qTdfDzHZc1KseJG8gEthS,Beaucoup Fish (Remastered),1999-03-01,11,https://i.scdn.co/image/ab67616d0000b27359f452aad0a62274b5fe2f75,https://i.scdn.co/image/ab67616d00001e0259f452aad0a62274b5fe2f75,1PXHzxRDiLnjqNrRn2Xbsa,techno,Underworld
4aDQW29Xvaa7jhyMGDS1Yj,Beaucoup Fish (Remastered / Super Deluxe),1999-03-01,40,https://i.scdn.co/image/ab67616d0000b273cecee5e7eadad0efb6facbb3,https://i.scdn.co/image/ab67616d00001e02cecee5e7eadad0efb6facbb3,1PXHzxRDiLnjqNrRn2Xbsa,techno,Underworld
3WQpmFc7GonmzN40EjbbKY,Dubnobasswithmyheadman (20th Anniversary Remaster),1994-01-24,9,https://i.scdn.co/image/ab67616d0000b27364f0ae6040dc56a925cb67a9,https://i.scdn.co/image/ab67616d00001e0264f0ae6040dc56a925cb67a9,1PXHzxRDiLnjqNrRn2Xbsa,techno,Underworld
7EJVgQ4abNY6PMSY7hUINT,Change The Weather,1989,10,https://i.scdn.co/image/ab67616d0000b27357e4067b9df0a984f7d210f7,https://i.scdn.co/image/ab67616d00001e0257e4067b9df0a984f7d210f7,1PXHzxRDiLnjqNrRn2Xbsa,techno,Underworld
0KN6ywMqgEOIHizMyPZjGL,Underneath The Radar,1988,10,https://i.scdn.co/image/ab67616d0000b273f0363048892b6f8a64d6496f,https://i.scdn.co/image/ab67616d00001e02f0363048892b6f8a64d6496f,1PXHzxRDiLnjqNrRn2Xbsa,techno,Underworld
6cni6TMOVlY9jAbEGAjOif,Orbital 2 (The Brown Album Expanded),2025-05-23,35,https://i.scdn.co/image/ab67616d0000b273eaef26541dc08b0d74a7f609,https://i.scdn.co/image/ab67616d00001e02eaef26541dc08b0d74a7f609,3csPCeXsj2wezyvkRFzvmV,techno,Orbital
7LRuC4RFJnoWo1lN4a5hNm,Orbital (The Green Album Expanded),2024-04-19,54,https://i.scdn.co/image/ab67616d0000b273caa071f21771b7178f7b4168,https://i.scdn.co/image/ab67616d00001e02caa071f21771b7178f7b4168,3csPCeXsj2wezyvkRFzvmV,techno,Orbital
2jQbFspnSh7erex6RDKQGJ,Optical Delusion,2023-02-17,10,https://i.scdn.co/image/ab67616d0000b27374c3d507ec83e7b6448e80bc,https://i.scdn.co/image/ab67616d00001e0274c3d507ec83e7b6448e80bc,3csPCeXsj2wezyvkRFzvmV,techno,Orbital
1pq7A65DygpNTNRnwJv77h,30 Something,2022-07-29,24,https://i.scdn.co/image/ab67616d0000b2731942f63b5edb3ccf4e6f0ac7,https://i.scdn.co/image/ab67616d00001e021942f63b5edb3ccf4e6f0ac7,3csPCeXsj2wezyvkRFzvmV,techno,Orbital
4oFADrmxO9OgtG4JYGKyWb,The Pentaverate (Original Soundtrack From The Netflix Series),2022-05-06,50,https://i.scdn.co/image/ab67616d0000b2730170265c8ec3df7965b7a2cc,https://i.scdn.co/image/ab67616d00001e020170265c8ec3df7965b7a2cc,3csPCeXsj2wezyvkRFzvmV,techno,Orbital
0IAAy7IDTqdCpydFNKpulW,Monsters Exist (Deluxe),2018-09-14,17,https://i.scdn.co/image/ab67616d0000b273bd38413ff0aae6f75333b40e,https://i.scdn.co/image/ab67616d00001e02bd38413ff0aae6f75333b40e,3csPCeXsj2wezyvkRFzvmV,techno,Orbital
7t50AGKj4nQEyoTrArxE8l,Pusher (Original Motion Picture Soundtrack),2012-10-08,26,https://i.scdn.co/image/ab67616d0000b273bafad57e416775a1ae6e2774,https://i.scdn.co/image/ab67616d00001e02bafad57e416775a1ae6e2774,3csPCeXsj2wezyvkRFzvmV,techno,Orbital
7JrX7SsydV16GsXe9It4la,Wonky,2012-02-09,9,https://i.scdn.co/image/ab67616d0000b273a6edb7ef9a1a29eec0fe30e4,https://i.scdn.co/image/ab67616d00001e02a6edb7ef9a1a29eec0fe30e4,3csPCeXsj2wezyvkRFzvmV,techno,Orbital
3TpudnLcMAuaThyFwECM0m,20,2009-01-01,22,https://i.scdn.co/image/ab67616d0000b273e28ae3e922c5b452c47b571a,https://i.scdn.co/image/ab67616d00001e02e28ae3e922c5b452c47b571a,3csPCeXsj2wezyvkRFzvmV,techno,Orbital
3TMHURIU3sNpS2iv362VYH,Blue Album,2004-06-21,9,https://i.scdn.co/image/ab67616d0000b273e0ef8c3c84b5305c7255b6f2,https://i.scdn.co/image/ab67616d00001e02e0ef8c3c84b5305c7255b6f2,3csPCeXsj2wezyvkRFzvmV,techno,Orbital
4RAIZHAkdmzR8awlPKH7Xh,Octane Original Soundtrack,2003,14,https://i.scdn.co/image/ab67616d0000b27336637f6399ffa9ab5ad9b5f2,https://i.scdn.co/image/ab67616d00001e0236637f6399ffa9ab5ad9b5f2,3csPCeXsj2wezyvkRFzvmV,techno,Orbital
7B2nwYL21ELtYKTGry6dzZ,The Altogether,2001-01-01,11,https://i.scdn.co/image/ab67616d0000b2732518505bdd30c235dd78e996,https://i.scdn.co/image/ab67616d00001e022518505bdd30c235dd78e996,3csPCeXsj2wezyvkRFzvmV,techno,Orbital
6xCIBKlELMK5cUSsjWJzG6,The Middle of Nowhere,1999-01-01,8,https://i.scdn.co/image/ab67616d0000b27322f8293f72d2fe106b38554b,https://i.scdn.co/image/ab67616d00001e0222f8293f72d2fe106b38554b,3csPCeXsj2wezyvkRFzvmV,techno,Orbital
5C40IE0VAEHNZJcpwUxoNY,COME CLOSER,2026-04-17,12,https://i.scdn.co/image/ab67616d0000b273145a96295a51811e8b96a380,https://i.scdn.co/image/ab67616d00001e02145a96295a51811e8b96a380,1GhPHrq36VKCY3ucVaZCfo,techno,The Chemical Brothers
5cLkbqs0qo552lJvXH1JTH,For That Beautiful Feeling,2023-09-08,11,https://i.scdn.co/image/ab67616d0000b273ffd771a4236a4bfb7d0fd7c9,https://i.scdn.co/image/ab67616d00001e02ffd771a4236a4bfb7d0fd7c9,1GhPHrq36VKCY3ucVaZCfo,techno,The Chemical Brothers
0w4g3UozYbp6rppoQwQehJ,Surrender (20th Anniversary Edition),2019-11-22,28,https://i.scdn.co/image/ab67616d0000b27379971294ba39474a1d4b90cb,https://i.scdn.co/image/ab67616d00001e0279971294ba39474a1d4b90cb,1GhPHrq36VKCY3ucVaZCfo,techno,The Chemical Brothers
7d1KwAPdMEBqCERVsKRUox,No Geography,2019-04-12,10,https://i.scdn.co/image/ab67616d0000b273a6eda16f17371a30534b4bba,https://i.scdn.co/image/ab67616d00001e02a6eda16f17371a30534b4bba,1GhPHrq36VKCY3ucVaZCfo,techno,The Chemical Brothers
0w6rREgwb98ePeOqC8R0bG,Born In The Echoes (Deluxe Edition),2015-07-17,15,https://i.scdn.co/image/ab67616d0000b2734c48b90e29b6bf088e5cb7e7,https://i.scdn.co/image/ab67616d00001e024c48b90e29b6bf088e5cb7e7,1GhPHrq36VKCY3ucVaZCfo,techno,The Chemical Brothers
36E5LAM5D3AKnVx8s5dyc6,Born In The Echoes,2015-07-17,11,https://i.scdn.co/image/ab67616d0000b273befecaa2c30a3302c88cbe88,https://i.scdn.co/image/ab67616d00001e02befecaa2c30a3302c88cbe88,1GhPHrq36VKCY3ucVaZCfo,techno,The Chemical Brothers
6c9QsrjjmWTjOgS6OqrQDY,Hanna,2011-06-10,20,https://i.scdn.co/image/ab67616d0000b273a53d59b45eb4a0053c4d778f,https://i.scdn.co/image/ab67616d00001e02a53d59b45eb4a0053c4d778f,1GhPHrq36VKCY3ucVaZCfo,techno,The Chemical Brothers
4F95vjAL6EEVfVVgb3tFMn,Hanna (Original Motion Picture Soundtrack),2011-03-01,20,https://i.scdn.co/image/ab67616d0000b273216fb032e2624c9cc4b57d67,https://i.scdn.co/image/ab67616d00001e02216fb032e2624c9cc4b57d67,1GhPHrq36VKCY3ucVaZCfo,techno,The Chemical Brothers
5AWouw8qYspux6tH4epnMm,Further,2010-06-14,9,https://i.scdn.co/image/ab67616d0000b273b36577730faae34c1afcb77d,https://i.scdn.co/image/ab67616d00001e02b36577730faae34c1afcb77d,1GhPHrq36VKCY3ucVaZCfo,techno,The Chemical Brothers
59BUTEyxgum2KPZMwrJjVr,We Are The Night,2007-06-27,14,https://i.scdn.co/image/ab67616d0000b273e70a17eb4f76721f1344310e,https://i.scdn.co/image/ab67616d00001e02e70a17eb4f76721f1344310e,1GhPHrq36VKCY3ucVaZCfo,techno,The Chemical Brothers
715rku55lldqdw9WiEuPgi,Push The Button,2005-01-01,11,https://i.scdn.co/image/ab67616d0000b2738e8f975a2b364769040c8169,https://i.scdn.co/image/ab67616d00001e028e8f975a2b364769040c8169,1GhPHrq36VKCY3ucVaZCfo,techno,The Chemical Brothers
56nVadPbdCs1yGB0AtXSGp,Come With Us,2002-01-01,10,https://i.scdn.co/image/ab67616d0000b273a84e1d8c3a99de8e2e1e6c1a,https://i.scdn.co/image/ab67616d00001e02a84e1d8c3a99de8e2e1e6c1a,1GhPHrq36VKCY3ucVaZCfo,techno,The Chemical Brothers
0FjHy5dCyVROqDUl6f2VTK,Dig Your Own Hole,1997-01-01,11,https://i.scdn.co/image/ab67616d0000b273df9f87a1ff07a1bb500ad75f,https://i.scdn.co/image/ab67616d00001e02df9f87a1ff07a1bb500ad75f,1GhPHrq36VKCY3ucVaZCfo,techno,The Chemical Brothers
1Bmuyq89rXZJNK1w8pauEg,Exit Planet Dust,1995-01-01,11,https://i.scdn.co/image/ab67616d0000b2732d47d65f2938c9da2ff7f57c,https://i.scdn.co/image/ab67616d00001e022d47d65f2938c9da2ff7f57c,1GhPHrq36VKCY3ucVaZCfo,techno,The Chemical Brothers
72pxRHG1VNIcIibziKpH03,Music From The Merch Desk (2016 - 2023),2024-12-17,38,https://i.scdn.co/image/ab67616d0000b273654c638796d5eb9b53c1bad8,https://i.scdn.co/image/ab67616d00001e02654c638796d5eb9b53c1bad8,6kBDZFXuLrZgHnvmPu9NsG,techno,Aphex Twin
7gpblNxStuPCUouPvlyf2i,Selected Ambient Works Volume II (Expanded Edition),2024-10-04,27,https://i.scdn.co/image/ab67616d0000b273b0cdf32bc53b002541d03b91,https://i.scdn.co/image/ab67616d00001e02b0cdf32bc53b002541d03b91,6kBDZFXuLrZgHnvmPu9NsG,techno,Aphex Twin
58H1ArDcd3bUzOK0cn31lD,Digeridoo (Expanded Edition),2024-05-31,10,https://i.scdn.co/image/ab67616d0000b2735a34ce0b88925626b4db194f,https://i.scdn.co/image/ab67616d00001e025a34ce0b88925626b4db194f,6kBDZFXuLrZgHnvmPu9NsG,techno,Aphex Twin
4mwrMLVKo940qLFXEIef4w,Syro,2014-09-22,12,https://i.scdn.co/image/ab67616d0000b2736ea96ba633bead24af562890,https://i.scdn.co/image/ab67616d00001e026ea96ba633bead24af562890,6kBDZFXuLrZgHnvmPu9NsG,techno,Aphex Twin
2oJo7cB45gMVuRsaWNwDq2,Drukqs,2001-10-22,30,https://i.scdn.co/image/ab67616d0000b2732e261a0b1b19d0ff95e346b3,https://i.scdn.co/image/ab67616d00001e022e261a0b1b19d0ff95e346b3,6kBDZFXuLrZgHnvmPu9NsG,techno,Aphex Twin
6sIEBpy5gl3DqC6KPasPpx,Come To Daddy,1997-10-06,8,https://i.scdn.co/image/ab67616d0000b27323ac84a525286001770abc8e,https://i.scdn.co/image/ab67616d00001e0223ac84a525286001770abc8e,6kBDZFXuLrZgHnvmPu9NsG,techno,Aphex Twin
77Lae5VorRCNpgZFMW8yRO,Richard D. James Album,1996-11-04,10,https://i.scdn.co/image/ab67616d0000b2731298f1ce7b0e4fb6a3caba57,https://i.scdn.co/image/ab67616d00001e021298f1ce7b0e4fb6a3caba57,6kBDZFXuLrZgHnvmPu9NsG,techno,Aphex Twin
6TmEZKJtPJ9mPsMBmyteCE,...I Care Because You Do,1995-04-24,12,https://i.scdn.co/image/ab67616d0000b2734bcecb123363f1f0f869257c,https://i.scdn.co/image/ab67616d00001e024bcecb123363f1f0f869257c,6kBDZFXuLrZgHnvmPu9NsG,techno,Aphex Twin
2SZZihZiCsFo87NKxDfxlH,Selected Ambient Works Volume II,1994-03-07,24,https://i.scdn.co/image/ab67616d0000b2738155dc4dae262f31d39d8296,https://i.scdn.co/image/ab67616d00001e028155dc4dae262f31d39d8296,6kBDZFXuLrZgHnvmPu9NsG,techno,Aphex Twin
7aNclGRxTysfh6z0d8671k,Selected Ambient Works 85-92,1992-02-10,13,https://i.scdn.co/image/ab67616d0000b27338906032688bb13b135ce19a,https://i.scdn.co/image/ab67616d00001e0238906032688bb13b135ce19a,6kBDZFXuLrZgHnvmPu9NsG,techno,Aphex Twin
6gSz7SaYTBVaAORAO6j0ME,Feorm Falorx,2022-11-11,10,https://i.scdn.co/image/ab67616d0000b273d9d7ad39f0c3ae2eba5d4bf7,https://i.scdn.co/image/ab67616d00001e02d9d7ad39f0c3ae2eba5d4bf7,5akVqMzdZOdbMYbE4vNZWD,techno,Plaid
3U8FaNJ7XTrin6TNwDjuiA,Polymer,2019-06-07,13,https://i.scdn.co/image/ab67616d0000b273f9187e958588d365555cd075,https://i.scdn.co/image/ab67616d00001e02f9187e958588d365555cd075,5akVqMzdZOdbMYbE4vNZWD,techno,Plaid
0WKm16Qa3ZrFVWyA8v8OJz,The Digging Remedy,2016-06-10,12,https://i.scdn.co/image/ab67616d0000b273eb0bdc917880171e417f0eb9,https://i.scdn.co/image/ab67616d00001e02eb0bdc917880171e417f0eb9,5akVqMzdZOdbMYbE4vNZWD,techno,Plaid
1gEUsLhMFziQj29kuo65hk,Reachy Prints,2014-05-19,9,https://i.scdn.co/image/ab67616d0000b2733b1f7224e24162e85179f6fb,https://i.scdn.co/image/ab67616d00001e023b1f7224e24162e85179f6fb,5akVqMzdZOdbMYbE4vNZWD,techno,Plaid
2zTpilXCWDFTXvZ0nWZuUS,The Carp And The Seagull OST,2012-11-15,10,https://i.scdn.co/image/ab67616d0000b2734b5f12a660ee3dc06c6d4f31,https://i.scdn.co/image/ab67616d00001e024b5f12a660ee3dc06c6d4f31,5akVqMzdZOdbMYbE4vNZWD,techno,Plaid
3rsyBxNFIPchJQT2BCFm61,scintilli,2011-09-26,13,https://i.scdn.co/image/ab67616d0000b27362806e033d096c1ea2ee90fd,https://i.scdn.co/image/ab67616d00001e0262806e033d096c1ea2ee90fd,5akVqMzdZOdbMYbE4vNZWD,techno,Plaid
08kM7ni8D4mOH5TJxk3Vfj,Heaven's Door: The Soundtrack,2009-04-05,16,https://i.scdn.co/image/ab67616d0000b273769c9fc3ab360d813f568036,https://i.scdn.co/image/ab67616d00001e02769c9fc3ab360d813f568036,5akVqMzdZOdbMYbE4vNZWD,techno,Plaid
5GhuEhtcdF4my2ELUBiwe0,Greedy Baby,2006-06-26,9,https://i.scdn.co/image/ab67616d0000b27325f9e446b83c2156190254a5,https://i.scdn.co/image/ab67616d00001e0225f9e446b83c2156190254a5,5akVqMzdZOdbMYbE4vNZWD,techno,Plaid
32XadbYWjYzU5D0QSN5l8E,Spokes,2003-10-20,10,https://i.scdn.co/image/ab67616d0000b273e286fbd6731b1dcb5841e288,https://i.scdn.co/image/ab67616d00001e02e286fbd6731b1dcb5841e288,5akVqMzdZOdbMYbE4vNZWD,techno,Plaid
3194Mf7OpqJqCGJpv9lRFB,Double Figure,2001-05-28,19,https://i.scdn.co/image/ab67616d0000b2736832368a672cf78db4e459e0,https://i.scdn.co/image/ab67616d00001e026832368a672cf78db4e459e0,5akVqMzdZOdbMYbE4vNZWD,techno,Plaid
7eRaghOLqHSdBOqiF0viPU,Trainer,2000-07-10,26,https://i.scdn.co/image/ab67616d0000b273d85649d3892b7be79eba1d79,https://i.scdn.co/image/ab67616d00001e02d85649d3892b7be79eba1d79,5akVqMzdZOdbMYbE4vNZWD,techno,Plaid
7hNRZdGoYVlncy3qXImdR7,Rest Proof Clockwork,1999-06-21,15,https://i.scdn.co/image/ab67616d0000b2737be5cd8abfde6dc1e489e7b4,https://i.scdn.co/image/ab67616d00001e027be5cd8abfde6dc1e489e7b4,5akVqMzdZOdbMYbE4vNZWD,techno,Plaid
25HKkAZz1rpzQXkWSLpWZL,Not For Threes,1997-10-27,16,https://i.scdn.co/image/ab67616d0000b2739d746477dfa4e8406c6be05a,https://i.scdn.co/image/ab67616d00001e029d746477dfa4e8406c6be05a,5akVqMzdZOdbMYbE4vNZWD,techno,Plaid
03b3kICirmo46LZTbEHnEY,AE_LIVE 2016/2018,2022-05-18,7,https://i.scdn.co/image/ab67616d0000b2738518b7a26a0d31d0001288f0,https://i.scdn.co/image/ab67616d00001e028518b7a26a0d31d0001288f0,6WH1V41LwGDGmlPUhSZLHO,techno,Autechre
1uFL8idnNTz0CdvLYyCGBC,PLUS,2020-10-28,9,https://i.scdn.co/image/ab67616d0000b273d6d33c78d57652e6e61c9a00,https://i.scdn.co/image/ab67616d00001e02d6d33c78d57652e6e61c9a00,6WH1V41LwGDGmlPUhSZLHO,techno,Autechre
6bZID6hhfiOoLYwAm3fliK,SIGN,2020-10-16,11,https://i.scdn.co/image/ab67616d0000b273629a2ed85379dad90dc78889,https://i.scdn.co/image/ab67616d00001e02629a2ed85379dad90dc78889,6WH1V41LwGDGmlPUhSZLHO,techno,Autechre
1QAxXyvTjs9FK4cWXx8DYM,NTS Session 4,2018-08-24,5,https://i.scdn.co/image/ab67616d0000b273147109bfa4bb50c663868035,https://i.scdn.co/image/ab67616d00001e02147109bfa4bb50c663868035,6WH1V41LwGDGmlPUhSZLHO,techno,Autechre
12GFk8C7eTxrnziaGMpEmN,NTS Session 3,2018-08-24,10,https://i.scdn.co/image/ab67616d0000b2734563a91cf34e821819579dc5,https://i.scdn.co/image/ab67616d00001e024563a91cf34e821819579dc5,6WH1V41LwGDGmlPUhSZLHO,techno,Autechre
6pX5tzhTKDe1NgE4voQpaF,NTS Session 2,2018-08-24,12,https://i.scdn.co/image/ab67616d0000b2738493e15cae763ea7b31ea7bf,https://i.scdn.co/image/ab67616d00001e028493e15cae763ea7b31ea7bf,6WH1V41LwGDGmlPUhSZLHO,techno,Autechre
7k1amxtKTAVwYBsy8soaGD,NTS Session 1,2018-08-09,9,https://i.scdn.co/image/ab67616d0000b273ad7021c598bb7c07247b616a,https://i.scdn.co/image/ab67616d00001e02ad7021c598bb7c07247b616a,6WH1V41LwGDGmlPUhSZLHO,techno,Autechre
6df93Xnfm4lbUzOAiYVIus,elseq 5,2016-05-20,5,https://i.scdn.co/image/ab67616d0000b273a6a5a99b53569c6f5e7cafe7,https://i.scdn.co/image/ab67616d00001e02a6a5a99b53569c6f5e7cafe7,6WH1V41LwGDGmlPUhSZLHO,techno,Autechre
4eNfxVeoSIEU90AHwRw10x,elseq 4,2016-05-20,5,https://i.scdn.co/image/ab67616d0000b273807ae9f98898504188450133,https://i.scdn.co/image/ab67616d00001e02807ae9f98898504188450133,6WH1V41LwGDGmlPUhSZLHO,techno,Autechre
0jhrU1Pc7hLSHO8MjWA0De,elseq 3,2016-05-20,3,https://i.scdn.co/image/ab67616d0000b2731d6a19c5b12afb9828ad10aa,https://i.scdn.co/image/ab67616d00001e021d6a19c5b12afb9828ad10aa,6WH1V41LwGDGmlPUhSZLHO,techno,Autechre
5LpbPYn0LHp2izKl8zsAxO,elseq 2,2016-05-20,3,https://i.scdn.co/image/ab67616d0000b273579643ecd2985e57901e4d26,https://i.scdn.co/image/ab67616d00001e02579643ecd2985e57901e4d26,6WH1V41LwGDGmlPUhSZLHO,techno,Autechre
71w92mgZP5Q05rBPlxF7mu,elseq 1,2016-05-20,5,https://i.scdn.co/image/ab67616d0000b27396538b101bb8c21052ae075e,https://i.scdn.co/image/ab67616d00001e0296538b101bb8c21052ae075e,6WH1V41LwGDGmlPUhSZLHO,techno,Autechre
6qWsegjTEfvRTsKFzhlFPs,AE_LIVE,2015,28,https://i.scdn.co/image/ab67616d0000b273424cc0d019e35a56b5fe7dc0,https://i.scdn.co/image/ab67616d00001e02424cc0d019e35a56b5fe7dc0,6WH1V41LwGDGmlPUhSZLHO,techno,Autechre
2lx0qyNEcAQ9y6NJrpXKjs,Exai,2013-03-04,17,https://i.scdn.co/image/ab67616d0000b27328b0b4f410ad1f773c3386c7,https://i.scdn.co/image/ab67616d00001e0228b0b4f410ad1f773c3386c7,6WH1V41LwGDGmlPUhSZLHO,techno,Autechre
4KGnNltIhKlNbeWzSAnOMz,EPs 1991 - 2002 (Part 2),2011-04-11,23,https://i.scdn.co/image/ab67616d0000b27343db43a4f1438d2fe8feab85,https://i.scdn.co/image/ab67616d00001e0243db43a4f1438d2fe8feab85,6WH1V41LwGDGmlPUhSZLHO,techno,Autechre
4YRwqvWAu1cjBDyRRXz0Ee,Kammerkonzert,2026-04-10,14,https://i.scdn.co/image/ab67616d0000b273a73c241e80edd3e561e0a809,https://i.scdn.co/image/ab67616d00001e02a73c241e80edd3e561e0a809,4mtHSXwIHihO6MWNq5Qoko,techno,Squarepusher
7q2TYQUhAg9mzIjybDBpGI,Dostrotime,2024-03-01,12,https://i.scdn.co/image/ab67616d0000b2735feea7846e2c504ba861d702,https://i.scdn.co/image/ab67616d00001e025feea7846e2c504ba861d702,4mtHSXwIHihO6MWNq5Qoko,techno,Squarepusher
0dPj5xfT7jv9XxRhPbfGuH,Be Up A Hello,2020-01-31,9,https://i.scdn.co/image/ab67616d0000b2735d33169269ba02588efb8fd7,https://i.scdn.co/image/ab67616d00001e025d33169269ba02588efb8fd7,4mtHSXwIHihO6MWNq5Qoko,techno,Squarepusher
3tcD16YG96pBRgGI1aS6Kd,All Night Chroma,2019-09-27,8,https://i.scdn.co/image/ab67616d0000b273e9925755cea8b7a0b27c7940,https://i.scdn.co/image/ab67616d00001e02e9925755cea8b7a0b27c7940,4mtHSXwIHihO6MWNq5Qoko,techno,Squarepusher
3HtVrG7GQSj4a6We4xQTj2,Damogen Furies,2015-04-20,8,https://i.scdn.co/image/ab67616d0000b2734ff723ad006430dd4fa5956a,https://i.scdn.co/image/ab67616d00001e024ff723ad006430dd4fa5956a,4mtHSXwIHihO6MWNq5Qoko,techno,Squarepusher
6n4a9dckuCwrIAfIG5zt8o,KCRW Session,2012-10-16,5,https://i.scdn.co/image/ab67616d0000b27308455a06afeca65d5087b692,https://i.scdn.co/image/ab67616d00001e0208455a06afeca65d5087b692,4mtHSXwIHihO6MWNq5Qoko,techno,Squarepusher
1oB4NSzkWBjfqAQvFky84U,Ufabulum,2012-05-14,10,https://i.scdn.co/image/ab67616d0000b273f7789e5d85a251e23b0c62c4,https://i.scdn.co/image/ab67616d00001e02f7789e5d85a251e23b0c62c4,4mtHSXwIHihO6MWNq5Qoko,techno,Squarepusher
6tY8AKZdzFXhbRPbR0gB1K,Shobaleader One: d'Demonstrator,2010-10-18,9,https://i.scdn.co/image/ab67616d0000b273df02e6559a7d02632566c530,https://i.scdn.co/image/ab67616d00001e02df02e6559a7d02632566c530,4mtHSXwIHihO6MWNq5Qoko,techno,Squarepusher
3ERAwHS5JgwZILMZUAKCfi,Solo Electric Bass 1,2009-08-17,12,https://i.scdn.co/image/ab67616d0000b273b71379d42b0980086c308622,https://i.scdn.co/image/ab67616d00001e02b71379d42b0980086c308622,4mtHSXwIHihO6MWNq5Qoko,techno,Squarepusher
7bl7rQledoNkIncAnHCThH,Just A Souvenir,2008-10-27,14,https://i.scdn.co/image/ab67616d0000b273192634d95ead188192898022,https://i.scdn.co/image/ab67616d00001e02192634d95ead188192898022,4mtHSXwIHihO6MWNq5Qoko,techno,Squarepusher
35YDmDHLbqqpdMhetmdzbz,Hello Everything,2006-10-16,12,https://i.scdn.co/image/ab67616d0000b2737318e9549ed39884ae5cbc0a,https://i.scdn.co/image/ab67616d00001e027318e9549ed39884ae5cbc0a,4mtHSXwIHihO6MWNq5Qoko,techno,Squarepusher
39mwfoapnx2UKSbUakcO34,Venus No.17 Maximised,2004-07-19,8,https://i.scdn.co/image/ab67616d0000b2733babb467e8566befb99dd41f,https://i.scdn.co/image/ab67616d00001e023babb467e8566befb99dd41f,4mtHSXwIHihO6MWNq5Qoko,techno,Squarepusher
79XOyz0xYrgTX3UwYozDOp,Ultravisitor (Remastered),2004-03-08,15,https://i.scdn.co/image/ab67616d0000b273cf951ed477e75f9305f2eb4a,https://i.scdn.co/image/ab67616d00001e02cf951ed477e75f9305f2eb4a,4mtHSXwIHihO6MWNq5Qoko,techno,Squarepusher
3i2Vq3LdfsYVNbes9T3eMq,Do You Know Squarepusher,2002-09-30,17,https://i.scdn.co/image/ab67616d0000b273f6038a136c4f85fe5ab6c594,https://i.scdn.co/image/ab67616d00001e02f6038a136c4f85fe5ab6c594,4mtHSXwIHihO6MWNq5Qoko,techno,Squarepusher
1E00eXD8WvUkKFRA4OlqC2,Go Plastic,2001-06-25,10,https://i.scdn.co/image/ab67616d0000b273cb91aaedac421105b98f5d08,https://i.scdn.co/image/ab67616d00001e02cb91aaedac421105b98f5d08,4mtHSXwIHihO6MWNq5Qoko,techno,Squarepusher
2wE0CGNyOFi0niOY5wzBtD,Dreamweaver,2024-09-13,10,https://i.scdn.co/image/ab67616d0000b2732f3cf5f905c27708bc9a63d5,https://i.scdn.co/image/ab67616d00001e022f3cf5f905c27708bc9a63d5,4O71i7ke5iIBX6RNSFoZbS,techno,Trentemøller
7w5COkBSsfMksBbXnDVog2,Memoria,2022-02-11,14,https://i.scdn.co/image/ab67616d0000b27386d492fe0323e576b39f1737,https://i.scdn.co/image/ab67616d00001e0286d492fe0323e576b39f1737,4O71i7ke5iIBX6RNSFoZbS,techno,Trentemøller
5QBPUvhS6UYro3JLHeQVwF,Obverse,2019-09-27,10,https://i.scdn.co/image/ab67616d0000b273b9a9dd955eb79ac7c38635d6,https://i.scdn.co/image/ab67616d00001e02b9a9dd955eb79ac7c38635d6,4O71i7ke5iIBX6RNSFoZbS,techno,Trentemøller
1D9I5iWH6QgPiJ6sccwF8n,Fixion,2016-09-16,13,https://i.scdn.co/image/ab67616d0000b273900dfe86880e4934b497d905,https://i.scdn.co/image/ab67616d00001e02900dfe86880e4934b497d905,4O71i7ke5iIBX6RNSFoZbS,techno,Trentemøller
6Ifgk9Mn0r40gkYE8ddrpg,Early Worx,2014-11-24,18,https://i.scdn.co/image/ab67616d0000b273a9fd6888230f64843161228c,https://i.scdn.co/image/ab67616d00001e02a9fd6888230f64843161228c,4O71i7ke5iIBX6RNSFoZbS,techno,Trentemøller
0BPXbUaN4QurwKsYWkUYf3,Lost Reworks,2014-04-01,12,https://i.scdn.co/image/ab67616d0000b273a9e24706cafe92e3acd46aab,https://i.scdn.co/image/ab67616d00001e02a9e24706cafe92e3acd46aab,4O71i7ke5iIBX6RNSFoZbS,techno,Trentemøller
4tONbLJ7RoZ1qOHSaAFHlM,Lost (Instrumental Version),2013-11-18,12,https://i.scdn.co/image/ab67616d0000b273fb563c1ebf4367ec1df4ccea,https://i.scdn.co/image/ab67616d00001e02fb563c1ebf4367ec1df4ccea,4O71i7ke5iIBX6RNSFoZbS,techno,Trentemøller
4KRXC5C4eR80b8q4hHcO4a,Lost,2013-09-23,12,https://i.scdn.co/image/ab67616d0000b2737f8a015e230cd59485cf0edd,https://i.scdn.co/image/ab67616d00001e027f8a015e230cd59485cf0edd,4O71i7ke5iIBX6RNSFoZbS,techno,Trentemøller
5BJexpPuwjZHSnixebo00g,Live in Copenhagen,2013-04-22,9,https://i.scdn.co/image/ab67616d0000b273dbd4cf892455a2a852f60d75,https://i.scdn.co/image/ab67616d00001e02dbd4cf892455a2a852f60d75,4O71i7ke5iIBX6RNSFoZbS,techno,Trentemøller
0tsVdCZWfpGPVVEwFg2dqc,Reworked/Remixed,2011-11-07,25,https://i.scdn.co/image/ab67616d0000b27314037df28c237e65a6c7b6d4,https://i.scdn.co/image/ab67616d00001e0214037df28c237e65a6c7b6d4,4O71i7ke5iIBX6RNSFoZbS,techno,Trentemøller
0CHjX36DTba3HeiB4bcEJZ,Into the Great Wide Yonder,2010-05-31,10,https://i.scdn.co/image/ab67616d0000b27323678170d562b9396b28c289,https://i.scdn.co/image/ab67616d00001e0223678170d562b9396b28c289,4O71i7ke5iIBX6RNSFoZbS,techno,Trentemøller
6ODGpUctKr2QjH05IhomMR,Late Night Tales: Trentemøller,2008,14,https://i.scdn.co/image/ab67616d0000b27398f1f688a74bd486e74531d7,https://i.scdn.co/image/ab67616d00001e0298f1f688a74bd486e74531d7,4O71i7ke5iIBX6RNSFoZbS,techno,Trentemøller
6yNN19rwxN6m1AOiaRwe0s,The Last Resort,2006-10-06,13,https://i.scdn.co/image/ab67616d0000b2736d34f47209fdd10920e3ea62,https://i.scdn.co/image/ab67616d00001e026d34f47209fdd10920e3ea62,4O71i7ke5iIBX6RNSFoZbS,techno,Trentemøller
3UJOuk02GRRQoskeaCFwbG,'93,2023-12-14,15,https://i.scdn.co/image/ab67616d0000b27353225edd917309494b54a07a,https://i.scdn.co/image/ab67616d00001e0253225edd917309494b54a07a,3TXQ1ddouwQAI78hV4hXDj,techno,Maceo Plex
6zsqJLkuY7G0nQ7WElfnTh,Mutant Series,2019-03-29,7,https://i.scdn.co/image/ab67616d0000b273a5f5e690219aa6072f853616,https://i.scdn.co/image/ab67616d00001e02a5f5e690219aa6072f853616,3TXQ1ddouwQAI78hV4hXDj,techno,Maceo Plex
5aFYNEb36jP356kpDLdvLh,Solar,2017-06-16,11,https://i.scdn.co/image/ab67616d0000b273446d95fcdeb3c399a412530a,https://i.scdn.co/image/ab67616d00001e02446d95fcdeb3c399a412530a,3TXQ1ddouwQAI78hV4hXDj,techno,Maceo Plex
6rIbwG1uBrefHbnfZvDNJb,Journey to Solar,2016-11-18,5,https://i.scdn.co/image/ab67616d0000b273a547b15c671df18ff4feff3c,https://i.scdn.co/image/ab67616d00001e02a547b15c671df18ff4feff3c,3TXQ1ddouwQAI78hV4hXDj,techno,Maceo Plex
2IKQbqaZhhEnTI6ha9udxP,DJ-Kicks (Maceo Plex) [DJ Mix],2013-04-29,18,https://i.scdn.co/image/ab67616d0000b273d88802f2e7e62188888040a3,https://i.scdn.co/image/ab67616d00001e02d88802f2e7e62188888040a3,3TXQ1ddouwQAI78hV4hXDj,techno,Maceo Plex
1mG41CjDpxbpFEQzeOoWMH,Life Index,2012-01-31,11,https://i.scdn.co/image/ab67616d0000b2732131908400f6b45d079bb3ea,https://i.scdn.co/image/ab67616d00001e022131908400f6b45d079bb3ea,3TXQ1ddouwQAI78hV4hXDj,techno,Maceo Plex
2vketoWchllVu29InE2eZc,fabric 97: Tale Of Us,2018-02-16,15,https://i.scdn.co/image/ab67616d0000b273ab6e5803b7fb5e31c3e8dcc6,https://i.scdn.co/image/ab67616d00001e02ab6e5803b7fb5e31c3e8dcc6,1UL813H5aj3e8ekE5RqWqc,techno,Tale of Us
2obZe0VX40C3BL9FNmDjP7,Endless (Remixes),2017-12-01,11,https://i.scdn.co/image/ab67616d0000b27396a8f6b156f538db8da2f38c,https://i.scdn.co/image/ab67616d00001e0296a8f6b156f538db8da2f38c,1UL813H5aj3e8ekE5RqWqc,techno,Tale of Us
0MnmkXR2X2QyarfWG40m5Q,Endless,2017-03-31,10,https://i.scdn.co/image/ab67616d0000b273ad9de0efd5791b67447e1de7,https://i.scdn.co/image/ab67616d00001e02ad9de0efd5791b67447e1de7,1UL813H5aj3e8ekE5RqWqc,techno,Tale of Us
7wPlCu8LB12HDAHADLsPwK,Alchemy (The Remixes),2024-01-19,20,https://i.scdn.co/image/ab67616d0000b273caf086229f706e1fa858f4c5,https://i.scdn.co/image/ab67616d00001e02caf086229f706e1fa858f4c5,6nS5roXSAGhTGr34W6n7Et,house,Disclosure
5RMkjbbZvLo9TNdpKrmP71,Alchemy,2023-07-14,11,https://i.scdn.co/image/ab67616d0000b2736359f00d796307c983fdb18b,https://i.scdn.co/image/ab67616d00001e026359f00d796307c983fdb18b,6nS5roXSAGhTGr34W6n7Et,house,Disclosure
7F0dkkAqwrmclRH8KP2QmW,DJ-Kicks: Disclosure,2021-10-15,16,https://i.scdn.co/image/ab67616d0000b273546273cd2daeeb4afd8c2587,https://i.scdn.co/image/ab67616d00001e02546273cd2daeeb4afd8c2587,6nS5roXSAGhTGr34W6n7Et,house,Disclosure
6wp1us3xBnYz5qldxrZXRf,ENERGY (Deluxe),2020-08-28,20,https://i.scdn.co/image/ab67616d0000b273355bf68fa788b6d401195b43,https://i.scdn.co/image/ab67616d00001e02355bf68fa788b6d401195b43,6nS5roXSAGhTGr34W6n7Et,house,Disclosure
08ipn1MH7xqgoqhUbtvCTy,Caracal (Deluxe),2015-09-25,14,https://i.scdn.co/image/ab67616d0000b273e2f9df5c00476154a4fbdfff,https://i.scdn.co/image/ab67616d00001e02e2f9df5c00476154a4fbdfff,6nS5roXSAGhTGr34W6n7Et,house,Disclosure
6fay9e7IPkcaelB70hd7v3,Settle (Special Edition),2014-01-01,38,https://i.scdn.co/image/ab67616d0000b273d6c19230b25a3d43b4a78a07,https://i.scdn.co/image/ab67616d00001e02d6c19230b25a3d43b4a78a07,6nS5roXSAGhTGr34W6n7Et,house,Disclosure
0v5BqH7RQlIuJIWfQCl1Bp,Settle (Deluxe Version),2013-06-03,18,https://i.scdn.co/image/ab67616d0000b273d3462d1395189dc76a326031,https://i.scdn.co/image/ab67616d00001e02d3462d1395189dc76a326031,6nS5roXSAGhTGr34W6n7Et,house,Disclosure
1QkOrPdjpdCvM30kjdbeUI,More Than a Woman,2024-07-24,10,https://i.scdn.co/image/ab67616d0000b27388fde17e5c329dc90242fdad,https://i.scdn.co/image/ab67616d00001e0288fde17e5c329dc90242fdad,63yl9nDNrHpiAYGlNJxxjc,house,Frankie Knuckles
0sefL4h6EEVWqKTrJqalLg,Motivation Too,2009-10-12,12,https://i.scdn.co/image/ab67616d0000b27338a9de8e07331b4e7f919b84,https://i.scdn.co/image/ab67616d00001e0238a9de8e07331b4e7f919b84,63yl9nDNrHpiAYGlNJxxjc,house,Frankie Knuckles
1NJoamn2bFWoVbJKixjFpv,Welcome To The Real World,1995-01-01,12,https://i.scdn.co/image/ab67616d0000b27303de610b1f81990fdb61f97e,https://i.scdn.co/image/ab67616d00001e0203de610b1f81990fdb61f97e,63yl9nDNrHpiAYGlNJxxjc,house,Frankie Knuckles
0DdX2VkXM0LmUU2S7S3QeD,Beyond The Mix,1991-01-01,10,https://i.scdn.co/image/ab67616d0000b273dad4647a643d937143c76ba9,https://i.scdn.co/image/ab67616d00001e02dad4647a643d937143c76ba9,63yl9nDNrHpiAYGlNJxxjc,house,Frankie Knuckles
0gBxMDsIAHDZjJpZDV7glr,Spaces and Places Album Sampler 2,2022-06-10,9,https://i.scdn.co/image/ab67616d0000b273cefe0e7523bcff3b95b93b03,https://i.scdn.co/image/ab67616d00001e02cefe0e7523bcff3b95b93b03,7nqpEU6DCHkNtK1bYsyS3W,house,Kerri Chandler
49icjQSG89VxWFjwp9UERk,DJ-Kicks (Kerri Chandler) [Mixed Tracks],2017-10-20,21,https://i.scdn.co/image/ab67616d0000b2733facf3c88a23d6c03481f270,https://i.scdn.co/image/ab67616d00001e023facf3c88a23d6c03481f270,7nqpEU6DCHkNtK1bYsyS3W,house,Kerri Chandler
1jYv5qTSvJsI1Uf2LNKmi3,Joy Road Remix Album,2012,24,https://i.scdn.co/image/ab67616d0000b273f1b8d465acdf50f1881d257b,https://i.scdn.co/image/ab67616d00001e02f1b8d465acdf50f1881d257b,7nqpEU6DCHkNtK1bYsyS3W,house,Kerri Chandler
5AAWI3Gl5SaKVIJSZFpoH2,You Can't Lie,2009-10-09,4,https://i.scdn.co/image/ab67616d0000b273c0dac1cc00b4b9f870e1fd32,https://i.scdn.co/image/ab67616d00001e02c0dac1cc00b4b9f870e1fd32,7nqpEU6DCHkNtK1bYsyS3W,house,Kerri Chandler
0VBC5IHz4wNedZsjVz6J4m,Kerri Chandler's Nervous Tracks,2007-05-22,13,https://i.scdn.co/image/ab67616d0000b27326946947e19ad48c0dbd28a7,https://i.scdn.co/image/ab67616d00001e0226946947e19ad48c0dbd28a7,7nqpEU6DCHkNtK1bYsyS3W,house,Kerri Chandler
1xDa7ThS9k1zJEZql4QnYS,Essentials,2006-01-01,11,https://i.scdn.co/image/ab67616d0000b273e8562c8795b0c18009a60969,https://i.scdn.co/image/ab67616d00001e02e8562c8795b0c18009a60969,7nqpEU6DCHkNtK1bYsyS3W,house,Kerri Chandler
2vwn4KyufYWpTGPz5cZc9U,Trionisphere (Live),2003-12-01,15,https://i.scdn.co/image/ab67616d0000b273d54750615f87f0fc410761d8,https://i.scdn.co/image/ab67616d00001e02d54750615f87f0fc410761d8,7nqpEU6DCHkNtK1bYsyS3W,house,Kerri Chandler
0RCNOerISwGo5S99e0oPzt,Trionisphere (Bonus Edition),2003-06-05,30,https://i.scdn.co/image/ab67616d0000b273948e506f4810fd8f959910a1,https://i.scdn.co/image/ab67616d00001e02948e506f4810fd8f959910a1,7nqpEU6DCHkNtK1bYsyS3W,house,Kerri Chandler
6tt7Ye3rwREfSXUOpaGPzA,My Old Friend / We Can,1999-02-01,3,https://i.scdn.co/image/ab67616d0000b2736df80ed7853466506351a52c,https://i.scdn.co/image/ab67616d00001e026df80ed7853466506351a52c,7nqpEU6DCHkNtK1bYsyS3W,house,Kerri Chandler
0cTaflAQAHx4Z0ZmtchnvY,Union,2025-07-25,12,https://i.scdn.co/image/ab67616d0000b273994c66663b7dd3aeb4430c5c,https://i.scdn.co/image/ab67616d00001e02994c66663b7dd3aeb4430c5c,61lyPtntblHJvA7FMMhi7E,house,Duke Dumont
6PGTJG2ZK0EZUyWBt3GIe5,Duality Remixed,2020-09-10,12,https://i.scdn.co/image/ab67616d0000b273bcd95872c71a3a4894767c95,https://i.scdn.co/image/ab67616d00001e02bcd95872c71a3a4894767c95,61lyPtntblHJvA7FMMhi7E,house,Duke Dumont
6AlOjPdNpM41lMVSjjsrUM,Duality,2020-04-17,10,https://i.scdn.co/image/ab67616d0000b2733ce84b2c05a3bac3d48c8217,https://i.scdn.co/image/ab67616d00001e023ce84b2c05a3bac3d48c8217,61lyPtntblHJvA7FMMhi7E,house,Duke Dumont
3DmcV2cmZdX9olNRHcRUZ2,Chemistry,2025-07-11,15,https://i.scdn.co/image/ab67616d0000b273eef1231340b1f14dde4816f0,https://i.scdn.co/image/ab67616d00001e02eef1231340b1f14dde4816f0,5Igpc9iLZ3YGtKeYfSrrOE,house,Chris Lake
74E19vt4CK4rHhIzw1hBAC,Running Out,2010-12-06,6,https://i.scdn.co/image/ab67616d0000b273a44224af15c17cb531cc1006,https://i.scdn.co/image/ab67616d00001e02a44224af15c17cb531cc1006,5Igpc9iLZ3YGtKeYfSrrOE,house,Chris Lake
5GCjSTO49p9xx0I223rXo6,Reverie,2024-07-19,11,https://i.scdn.co/image/ab67616d0000b27383f749b9645b6f58835b9ecc,https://i.scdn.co/image/ab67616d00001e0283f749b9645b6f58835b9ecc,4VNQWV2y1E97Eqo2D5UTjx,house,Gorgon City
34yu5063EpoaKKir1m0q9e,Salvation,2023-07-21,10,https://i.scdn.co/image/ab67616d0000b2733b30c1bbc9c7812b46a5d06c,https://i.scdn.co/image/ab67616d00001e023b30c1bbc9c7812b46a5d06c,4VNQWV2y1E97Eqo2D5UTjx,house,Gorgon City
4WeG0aBWeG21nyEes89ylX,Olympia (Remixes),2021-11-05,12,https://i.scdn.co/image/ab67616d0000b27341bf146570c2d6b47f036a69,https://i.scdn.co/image/ab67616d00001e0241bf146570c2d6b47f036a69,4VNQWV2y1E97Eqo2D5UTjx,house,Gorgon City
3r4dG6bUfL4jasKeo50kLE,Olympia,2021-06-25,18,https://i.scdn.co/image/ab67616d0000b273bafa195f89e8bea7b7846589,https://i.scdn.co/image/ab67616d00001e02bafa195f89e8bea7b7846589,4VNQWV2y1E97Eqo2D5UTjx,house,Gorgon City
5fTQCKSHr5hpGHEo51n4e7,Escape,2018-08-10,12,https://i.scdn.co/image/ab67616d0000b273ef3cfa1cfa774d2b5c079cf4,https://i.scdn.co/image/ab67616d00001e02ef3cfa1cfa774d2b5c079cf4,4VNQWV2y1E97Eqo2D5UTjx,house,Gorgon City
5EzcwQDb1ZAM9VGqHXmBs2,Defected Worldwide (DJ Mix),2017-07-14,16,https://i.scdn.co/image/ab67616d0000b27374ee6ea35367b2ba1e6fc4de,https://i.scdn.co/image/ab67616d00001e0274ee6ea35367b2ba1e6fc4de,4VNQWV2y1E97Eqo2D5UTjx,house,Gorgon City
0CoYk78WZsYyT79mRSEb6Q,Sirens (Remixes),2015-04-07,12,https://i.scdn.co/image/ab67616d0000b2732ffa4eeaafda0a88edb931fe,https://i.scdn.co/image/ab67616d00001e022ffa4eeaafda0a88edb931fe,4VNQWV2y1E97Eqo2D5UTjx,house,Gorgon City
1tfrh7jInz0lgBamg12OFj,Sirens,2014-10-03,13,https://i.scdn.co/image/ab67616d0000b27354bcca9fef0a172a2b7860bf,https://i.scdn.co/image/ab67616d00001e0254bcca9fef0a172a2b7860bf,4VNQWV2y1E97Eqo2D5UTjx,house,Gorgon City
6PcXqjoJnFUdkhZcqRrgnm,Dark Matter (Deluxe),2025-12-19,25,https://i.scdn.co/image/ab67616d0000b2735b6d4eeafa66e73ba33bfe0e,https://i.scdn.co/image/ab67616d00001e025b6d4eeafa66e73ba33bfe0e,240wlM8vDrf6S4zCyzGj2W,house,CamelPhat
6GupLKo0sruoLNQZZ8MFTW,Spiritual Milk,2023-09-14,16,https://i.scdn.co/image/ab67616d0000b2737c07b1e9df93f84394007555,https://i.scdn.co/image/ab67616d00001e027c07b1e9df93f84394007555,240wlM8vDrf6S4zCyzGj2W,house,CamelPhat
1USrnunDsroJ3keCEZJpxr,Dark Matter,2022-02-25,22,https://i.scdn.co/image/ab67616d0000b273e3866855759dc9d16091b315,https://i.scdn.co/image/ab67616d00001e02e3866855759dc9d16091b315,240wlM8vDrf6S4zCyzGj2W,house,CamelPhat
4D9GygCWZnsM3qD7xZpzDO,Wanderer,2026-05-08,11,https://i.scdn.co/image/ab67616d0000b2733341c4db04b906d663498be1,https://i.scdn.co/image/ab67616d00001e023341c4db04b906d663498be1,4mncDFjVLUa3s025Tct3Ry,house,Claptone
68eQP6I0MqHUfQk9H3eyu5,Closer,2021-11-12,14,https://i.scdn.co/image/ab67616d0000b2730ac930e6e31683d5de85823b,https://i.scdn.co/image/ab67616d00001e020ac930e6e31683d5de85823b,4mncDFjVLUa3s025Tct3Ry,house,Claptone
2yQ0gnJqaKIa9rufOe44Vn,Fantast,2018-06-08,13,https://i.scdn.co/image/ab67616d0000b2730f59449ee00d46c0f24ffd14,https://i.scdn.co/image/ab67616d00001e020f59449ee00d46c0f24ffd14,4mncDFjVLUa3s025Tct3Ry,house,Claptone
0OOjsSNzKmfzo1j6Z82PNG,Charmer,2015-10-16,13,https://i.scdn.co/image/ab67616d0000b273df3831a91bff179f086b5d69,https://i.scdn.co/image/ab67616d00001e02df3831a91bff179f086b5d69,4mncDFjVLUa3s025Tct3Ry,house,Claptone
0okdms2w9sNuV0LeuFWe0b,Claptone Collaborators,2010,2,https://i.scdn.co/image/ab67616d0000b273d2f5e266cadd4419f64985fe,https://i.scdn.co/image/ab67616d00001e02d2f5e266cadd4419f64985fe,4mncDFjVLUa3s025Tct3Ry,house,Claptone
1ztKoivQ2RHhcoRskrc2hz,Alchemy,2017-04-07,12,https://i.scdn.co/image/ab67616d0000b2738285ee3311348cfdedb74844,https://i.scdn.co/image/ab67616d00001e028285ee3311348cfdedb74844,44T94QQEc60Jf7kqGY6Rip,house,Lee Foss
1fMb234ZX08RYHyhyFbH6L,Mixmag presents Jamie Jones: Forever Is Composed Of Nows (DJ Mix),2014,15,https://i.scdn.co/image/ab67616d0000b273f49850a2a8c9a7613a83f0c3,https://i.scdn.co/image/ab67616d00001e02f49850a2a8c9a7613a83f0c3,4admDxmnri5Zco0xYrJ0ji,house,Jamie Jones
7sKVcvyDGR6M5iVfOFJUIE,Tracks from the Crypt,2012-06-18,12,https://i.scdn.co/image/ab67616d0000b2730bc46e2605b7f156fe7f13e1,https://i.scdn.co/image/ab67616d00001e020bc46e2605b7f156fe7f13e1,4admDxmnri5Zco0xYrJ0ji,house,Jamie Jones
1lWeLK2QogsTrnjuPWJBM7,Mixmag Presents Jamie Jones vs. Seth Troxler,2010,13,https://i.scdn.co/image/ab67616d0000b2731a808bce492a0f7a6c27002f,https://i.scdn.co/image/ab67616d00001e021a808bce492a0f7a6c27002f,4admDxmnri5Zco0xYrJ0ji,house,Jamie Jones
14XwY6XkIUzYJ4JQp4BVbK,Don't You Remember the Future,2009-09-07,12,https://i.scdn.co/image/ab67616d0000b27395614e868052987613524d1e,https://i.scdn.co/image/ab67616d00001e0295614e868052987613524d1e,4admDxmnri5Zco0xYrJ0ji,house,Jamie Jones
2ThKpRgV6sBEwoDl1wzt2K,Don't You Remember the Future (Bonus Disc),2007,7,https://i.scdn.co/image/ab67616d0000b273776e038a0a5b28bd80233c4e,https://i.scdn.co/image/ab67616d00001e02776e038a0a5b28bd80233c4e,4admDxmnri5Zco0xYrJ0ji,house,Jamie Jones
71YPrvk0AIeyWKXqf7ZzVz,For My Dear Friend V (DJ Mix),2021-12-22,13,https://i.scdn.co/image/ab67616d0000b27334aade6cbd654c21a74bc618,https://i.scdn.co/image/ab67616d00001e0234aade6cbd654c21a74bc618,6wMr4zKPrrR0UVz08WtUWc,house,Black Coffee
0sbLrd4onsuXXjd1f8uMzS,Subconsciously,2021-02-05,12,https://i.scdn.co/image/ab67616d0000b273c2a3c4627d6798019064a6df,https://i.scdn.co/image/ab67616d00001e02c2a3c4627d6798019064a6df,6wMr4zKPrrR0UVz08WtUWc,house,Black Coffee
6ZNoVc15w0AyCOkwNhxHjW,Music is King 2019 Appreciation Mix (DJ Mix),2019-12-14,10,https://i.scdn.co/image/ab67616d0000b2737424deaff0fdcf64f0c209dd,https://i.scdn.co/image/ab67616d00001e027424deaff0fdcf64f0c209dd,6wMr4zKPrrR0UVz08WtUWc,house,Black Coffee
1xz36Gipe1dJJ1UNiFJviJ,Sónar 25: An advanced music mixtape by Black Coffee,2018-05-10,16,https://i.scdn.co/image/ab67616d0000b2735a77e092d9857256a2832f74,https://i.scdn.co/image/ab67616d00001e025a77e092d9857256a2832f74,6wMr4zKPrrR0UVz08WtUWc,house,Black Coffee
0n3fBF4vz0JzQPHK97NPkC,Black Coffee Ibiza 17 Appreciation Mix,2017-10-08,13,https://i.scdn.co/image/ab67616d0000b273bfc460ead81da21b2f031b11,https://i.scdn.co/image/ab67616d00001e02bfc460ead81da21b2f031b11,6wMr4zKPrrR0UVz08WtUWc,house,Black Coffee
6Ss90Zy6lfk5VHeX1JjasR,Pieces Of Me,2016-08-26,13,https://i.scdn.co/image/ab67616d0000b27392bacf215074b6950a3ea05a,https://i.scdn.co/image/ab67616d00001e0292bacf215074b6950a3ea05a,6wMr4zKPrrR0UVz08WtUWc,house,Black Coffee
1GdL8XkbVTTVQPORBzmcMp,Africa Rising,2012-10-01,31,https://i.scdn.co/image/ab67616d0000b27318a5f4778d36717027432e02,https://i.scdn.co/image/ab67616d00001e0218a5f4778d36717027432e02,6wMr4zKPrrR0UVz08WtUWc,house,Black Coffee
4z9UkNYW3T0EZzcGNjBsSz,Home Brewed,2009-11-13,12,https://i.scdn.co/image/ab67616d0000b2730fb378be47dc1d645eee1c3b,https://i.scdn.co/image/ab67616d00001e020fb378be47dc1d645eee1c3b,6wMr4zKPrrR0UVz08WtUWc,house,Black Coffee
5sMK7vkPd3CZF0fTny80gj,Have Another One,2007-01-01,12,https://i.scdn.co/image/ab67616d0000b27347a2fddb70a7e34587ae60de,https://i.scdn.co/image/ab67616d00001e0247a2fddb70a7e34587ae60de,6wMr4zKPrrR0UVz08WtUWc,house,Black Coffee
5FkN3oL9vnQOPB1M54Ej7E,Black Coffee,2002-10-01,12,https://i.scdn.co/image/ab67616d0000b2732f21e6187a9863c82111787f,https://i.scdn.co/image/ab67616d00001e022f21e6187a9863c82111787f,6wMr4zKPrrR0UVz08WtUWc,house,Black Coffee
7C64t7mbCspEuu0NcyD8wH,Nobody Is Not Loved (Remixed),2022-12-02,16,https://i.scdn.co/image/ab67616d0000b273a1273b0ec3ff99ac4b8e536a,https://i.scdn.co/image/ab67616d00001e02a1273b0ec3ff99ac4b8e536a,5wJK4kQAkVGjqM9x46KQOC,house,Solomun
5ZSutAkOkxqNok6aFCqafk,Nobody Is Not Loved,2021-05-28,12,https://i.scdn.co/image/ab67616d0000b273b5869974a824f8f9a770782f,https://i.scdn.co/image/ab67616d00001e02b5869974a824f8f9a770782f,5wJK4kQAkVGjqM9x46KQOC,house,Solomun
4CdjRnVm7z4CiUaY63IWLn,Sisi,2010-06-21,4,https://i.scdn.co/image/ab67616d0000b273f1ff4e9246561a7bf12d0b8f,https://i.scdn.co/image/ab67616d00001e02f1ff4e9246561a7bf12d0b8f,5wJK4kQAkVGjqM9x46KQOC,house,Solomun
7JYoM56uZHzQLfy2dmn6VX,Dance Baby,2009-10-26,11,https://i.scdn.co/image/ab67616d0000b273344dbd536e8e5f69803f8e1a,https://i.scdn.co/image/ab67616d00001e02344dbd536e8e5f69803f8e1a,5wJK4kQAkVGjqM9x46KQOC,house,Solomun
186HTycU1jAk9PociChcpO,Untold Business,2021-06-25,13,https://i.scdn.co/image/ab67616d0000b273f40fa1177abcfe6f542f131b,https://i.scdn.co/image/ab67616d00001e02f40fa1177abcfe6f542f131b,3h11MHQeCrcsUgRRijI1zL,house,Mark Knight
06hmglb8v7VG8FPUIPuheQ,Miles to Go - Soundtrack to andhim's Road Movie,2020-04-17,12,https://i.scdn.co/image/ab67616d0000b27384937f61467b80a7127a40db,https://i.scdn.co/image/ab67616d00001e0284937f61467b80a7127a40db,6XJeFzmI6vrWyHcdB7EImP,house,Andhim
38dlIbsX4Zfbj5vReAyDvd,We Are All Stars Remixes Part II,2018-10-05,7,https://i.scdn.co/image/ab67616d0000b2733f8df8f4cf72a71a66c922fb,https://i.scdn.co/image/ab67616d00001e023f8df8f4cf72a71a66c922fb,32wcuqRxZuBY5HbH1bWa8h,house,Tube & Berger
4sO3M71rCfV4VYR4URSXcj,Faze #66: Tube & Berger,2017-09-15,16,https://i.scdn.co/image/ab67616d0000b2739933b1aed89a62d6337cdf70,https://i.scdn.co/image/ab67616d00001e029933b1aed89a62d6337cdf70,32wcuqRxZuBY5HbH1bWa8h,house,Tube & Berger
0vqlP2RL7GGg20dBBFRrTj,We Are All Stars,2017-05-19,12,https://i.scdn.co/image/ab67616d0000b273ccc987c54e24a9aa72413beb,https://i.scdn.co/image/ab67616d00001e02ccc987c54e24a9aa72413beb,32wcuqRxZuBY5HbH1bWa8h,house,Tube & Berger
5rNPGUwoYpYAa5ZCHzm06w,Deeper Sessions (Mixed by Tube & Berger),2014-11-21,16,https://i.scdn.co/image/ab67616d0000b2737050cab94f51571ae4cba9a9,https://i.scdn.co/image/ab67616d00001e027050cab94f51571ae4cba9a9,32wcuqRxZuBY5HbH1bWa8h,house,Tube & Berger
7fi1pC4Inpgo31LIsXwScy,Introlution,2012-07-11,15,https://i.scdn.co/image/ab67616d0000b273e4e6ebae32b47c808f10d93f,https://i.scdn.co/image/ab67616d00001e02e4e6ebae32b47c808f10d93f,32wcuqRxZuBY5HbH1bWa8h,house,Tube & Berger
5LZRHuZ5XtTOQsFez4N2yR,Ever Never,2010-11-19,5,https://i.scdn.co/image/ab67616d0000b2734b84882adaf87d6a7d6e7cda,https://i.scdn.co/image/ab67616d00001e024b84882adaf87d6a7d6e7cda,32wcuqRxZuBY5HbH1bWa8h,house,Tube & Berger
0zKl90pnmoU92YcxGKlHBF,Musik 3+,2017-10-27,13,https://i.scdn.co/image/ab67616d0000b2731206ec3d85c1fa7c88d3505c,https://i.scdn.co/image/ab67616d00001e021206ec3d85c1fa7c88d3505c,1iZiG82D4w7FLHvOUUj4zW,house,Super Flu
7vHtRLKLA8ZkNBN3kNwlT6,Musik 3,2017-05-26,12,https://i.scdn.co/image/ab67616d0000b273f2fcdb2d6dd9a2cdd166fbc9,https://i.scdn.co/image/ab67616d00001e02f2fcdb2d6dd9a2cdd166fbc9,1iZiG82D4w7FLHvOUUj4zW,house,Super Flu
73OWxJ01JkjRhkMAzqOCN0,Halle Saale,2013-10-24,10,https://i.scdn.co/image/ab67616d0000b27378889138767246bb5a24b9ef,https://i.scdn.co/image/ab67616d00001e0278889138767246bb5a24b9ef,1iZiG82D4w7FLHvOUUj4zW,house,Super Flu
4y8XSDLhjtdl5abvql7JUm,Euterpeh,2011-05-04,4,https://i.scdn.co/image/ab67616d0000b2737b95e4f9ce1b2a544f78fdab,https://i.scdn.co/image/ab67616d00001e027b95e4f9ce1b2a544f78fdab,1iZiG82D4w7FLHvOUUj4zW,house,Super Flu
0fq7A9xLbn9gf2eUPN4zHw,Heimatmelodien,2010-03-31,11,https://i.scdn.co/image/ab67616d0000b273b2254f1716ba7f45f426797b,https://i.scdn.co/image/ab67616d00001e02b2254f1716ba7f45f426797b,1iZiG82D4w7FLHvOUUj4zW,house,Super Flu
5r2qiQd3ss6hw9I7j6Qyn9,Déepalma Soul Classics (Remixed),2026-02-06,8,https://i.scdn.co/image/ab67616d0000b27365efe1dd24b1d52414ae6dfb,https://i.scdn.co/image/ab67616d00001e0265efe1dd24b1d52414ae6dfb,159cwGtgCzNpyHWY6tzihH,house,Milk & Sugar
3U1wpggglqI2snjl5dyhO9,IBIZA SYMPHONICA,2020-03-06,20,https://i.scdn.co/image/ab67616d0000b27378bf21e6cb1413bf998831a3,https://i.scdn.co/image/ab67616d00001e0278bf21e6cb1413bf998831a3,159cwGtgCzNpyHWY6tzihH,house,Milk & Sugar
6B45HOlYdqBquDWQt0yuAC,20 Years of Milk & Sugar (Club Edition),2017-10-06,17,https://i.scdn.co/image/ab67616d0000b273699bcd2d64b5ffa9bc9e5b1f,https://i.scdn.co/image/ab67616d00001e02699bcd2d64b5ffa9bc9e5b1f,159cwGtgCzNpyHWY6tzihH,house,Milk & Sugar
4qpEkHSW7KUAllw1SGn9w5,The Album,2011-01-01,14,https://i.scdn.co/image/ab67616d0000b27365e0c8bb3f010bb2a9125caa,https://i.scdn.co/image/ab67616d00001e0265e0c8bb3f010bb2a9125caa,159cwGtgCzNpyHWY6tzihH,house,Milk & Sugar
0SzLniAR7rrOSfpCzuks4h,10 Years of Milk & Sugar (The Singles 1997 - 2007),2007-11-09,19,https://i.scdn.co/image/ab67616d0000b273d4714b8103750247852ffc9d,https://i.scdn.co/image/ab67616d00001e02d4714b8103750247852ffc9d,159cwGtgCzNpyHWY6tzihH,house,Milk & Sugar
1Y1ejuQvNlSQXKA7Ef5qzW,Housemusic.De,2003-10-20,14,https://i.scdn.co/image/ab67616d0000b273a4ea7fbb692d4df3699b1c8b,https://i.scdn.co/image/ab67616d00001e02a4ea7fbb692d4df3699b1c8b,159cwGtgCzNpyHWY6tzihH,house,Milk & Sugar
5AFf68gtvNgGLZarsyEEL8,Random Access Memories (Drumless Edition),2023-11-17,13,https://i.scdn.co/image/ab67616d0000b273d1ec82bc061a90006584aa9b,https://i.scdn.co/image/ab67616d00001e02d1ec82bc061a90006584aa9b,4tZwfgrHOc3mvqYlEYSvVi,house,Daft Punk
4mAhdh996uW5SnnFKXUmC0,Random Access Memories (10th Anniversary Edition),2023-05-12,22,https://i.scdn.co/image/ab67616d0000b2737a311579a8814f7683f25a17,https://i.scdn.co/image/ab67616d00001e027a311579a8814f7683f25a17,4tZwfgrHOc3mvqYlEYSvVi,house,Daft Punk
3QbWxiYTlTCLjHYgrgMCfU,Daft Punk | Random Access Memories | The Collaborators,2013-05-14,8,https://i.scdn.co/image/ab67616d0000b273efbba7082b953018c0da26e3,https://i.scdn.co/image/ab67616d00001e02efbba7082b953018c0da26e3,4tZwfgrHOc3mvqYlEYSvVi,house,Daft Punk
382ObEPsp2rxGrnsizN5TX,TRON: Legacy Reconfigured,2011-01-01,15,https://i.scdn.co/image/ab67616d0000b27326597c053b38c9cf93f8f3a9,https://i.scdn.co/image/ab67616d00001e0226597c053b38c9cf93f8f3a9,4tZwfgrHOc3mvqYlEYSvVi,house,Daft Punk
3AMXFnwHWXCvNr5NCCpLZI,TRON: Legacy - The Complete Edition (Original Motion Picture Soundtrack),2010-12-03,31,https://i.scdn.co/image/ab67616d0000b2738323143296ff7b2801e32789,https://i.scdn.co/image/ab67616d00001e028323143296ff7b2801e32789,4tZwfgrHOc3mvqYlEYSvVi,house,Daft Punk
4US3nmuLIKELhVZdBPiKxx,TRON: Legacy,2010-12-03,22,https://i.scdn.co/image/ab67616d0000b27366919acb93950333962467f8,https://i.scdn.co/image/ab67616d00001e0266919acb93950333962467f8,4tZwfgrHOc3mvqYlEYSvVi,house,Daft Punk
7u6zL7kqpgLPISZYXNTgYk,Alive 2007,2007-11-19,13,https://i.scdn.co/image/ab67616d0000b273673288fb985e5c194536ae27,https://i.scdn.co/image/ab67616d00001e02673288fb985e5c194536ae27,4tZwfgrHOc3mvqYlEYSvVi,house,Daft Punk
11cpAynoDMZFD0B2xtw6OQ,Human After All (Remixes),2006-03-29,15,https://i.scdn.co/image/ab67616d0000b27385441f50297029e82ae5c01c,https://i.scdn.co/image/ab67616d00001e0285441f50297029e82ae5c01c,4tZwfgrHOc3mvqYlEYSvVi,house,Daft Punk
2T7DdrOvsqOqU9bGTkjBYu,Human After All,2005-03-11,10,https://i.scdn.co/image/ab67616d0000b2732ed719bad67261c7bf090c70,https://i.scdn.co/image/ab67616d00001e022ed719bad67261c7bf090c70,4tZwfgrHOc3mvqYlEYSvVi,house,Daft Punk
1O5WUh9KsgHT2QaUCJeVPG,Daft Club,2003-12-01,14,https://i.scdn.co/image/ab67616d0000b273662ca2ebec199607ebf37ce0,https://i.scdn.co/image/ab67616d00001e02662ca2ebec199607ebf37ce0,4tZwfgrHOc3mvqYlEYSvVi,house,Daft Punk
3Z7mPCcnwAzU7GtsRYf0HA,Alive 1997,2001-10-01,1,https://i.scdn.co/image/ab67616d0000b2735dd98587c9d9e1e4cab11cb4,https://i.scdn.co/image/ab67616d00001e025dd98587c9d9e1e4cab11cb4,4tZwfgrHOc3mvqYlEYSvVi,house,Daft Punk
2noRn2Aes5aoNVsU6iWThc,Discovery,2001-03-12,14,https://i.scdn.co/image/ab67616d0000b2731e81bff9807a9e629fce5ade,https://i.scdn.co/image/ab67616d00001e021e81bff9807a9e629fce5ade,4tZwfgrHOc3mvqYlEYSvVi,house,Daft Punk
6JRaPcrT3cMBEmkgSqEPhI,Homework (25th Anniversary Edition),1997-01-20,31,https://i.scdn.co/image/ab67616d0000b27387aa91b6ba6b4fded7bf3293,https://i.scdn.co/image/ab67616d00001e0287aa91b6ba6b4fded7bf3293,4tZwfgrHOc3mvqYlEYSvVi,house,Daft Punk
2ClZ9xWAYg1BH8zkR96dJo,USB,2026-03-06,45,https://i.scdn.co/image/ab67616d0000b2734018b70099d433d9c8aabb12,https://i.scdn.co/image/ab67616d00001e024018b70099d433d9c8aabb12,4oLeXFyACqeem2VImYeBFe,house,Fred again..
7x9gF8DtACwxkejv2xBndT,Skepta .. Fred,2025-08-29,5,https://i.scdn.co/image/ab67616d0000b273096a7117356251107f00c8d8,https://i.scdn.co/image/ab67616d00001e02096a7117356251107f00c8d8,4oLeXFyACqeem2VImYeBFe,house,Fred again..
3DQueEd1Ft9PHWgovDzPKh,ten days,2024-09-06,20,https://i.scdn.co/image/ab67616d0000b2739574df129a4a2f4fa4990286,https://i.scdn.co/image/ab67616d00001e029574df129a4a2f4fa4990286,4oLeXFyACqeem2VImYeBFe,house,Fred again..
1FJVbtVFLARPKbn1HepNh1,Secret Life,2023-05-05,11,https://i.scdn.co/image/ab67616d0000b273a9b0cf4827dd4bc73f2f0699,https://i.scdn.co/image/ab67616d00001e02a9b0cf4827dd4bc73f2f0699,4oLeXFyACqeem2VImYeBFe,house,Fred again..
5q2iMctlDvEMYVIawF6Vop,Actual Life 3 (January 1 - September 9 2022),2022-10-28,13,https://i.scdn.co/image/ab67616d0000b2737f8859341a395010424f106b,https://i.scdn.co/image/ab67616d00001e027f8859341a395010424f106b,4oLeXFyACqeem2VImYeBFe,house,Fred again..
0SFtIrRytNI4kcf93Tbhdf,Actual Life 2 (February 2 - October 15 2021),2021-11-19,16,https://i.scdn.co/image/ab67616d0000b273c506dbc3f05d3ce4daf355c4,https://i.scdn.co/image/ab67616d00001e02c506dbc3f05d3ce4daf355c4,4oLeXFyACqeem2VImYeBFe,house,Fred again..
6o86bV7TAt5x4exc2qLDqC,Actual Life (April 14 - December 17 2020),2021-04-15,17,https://i.scdn.co/image/ab67616d0000b273723d4df900fd02eff83579d9,https://i.scdn.co/image/ab67616d00001e02723d4df900fd02eff83579d9,4oLeXFyACqeem2VImYeBFe,house,Fred again..
5971dUyMLcsZa7IBioI7lP,GANG,2020-04-03,8,https://i.scdn.co/image/ab67616d0000b2737bf7d3c5b31ebe3c7a885a9f,https://i.scdn.co/image/ab67616d00001e027bf7d3c5b31ebe3c7a885a9f,4oLeXFyACqeem2VImYeBFe,house,Fred again..
0m1epiCLYT58W9XZdGgLK4,CHROMA 000,2025-11-14,11,https://i.scdn.co/image/ab67616d0000b273b9a1d137708344697dfd29a6,https://i.scdn.co/image/ab67616d00001e02b9a1d137708344697dfd29a6,73A3bLnfnz5BoQjb4gNCga,house,Bicep
60g26elZ1WbA4abG7HvLo7,TAKKUUK (Original Soundtrack),2025-07-25,10,https://i.scdn.co/image/ab67616d0000b273bb9397721686bfc8c6fc6981,https://i.scdn.co/image/ab67616d00001e02bb9397721686bfc8c6fc6981,73A3bLnfnz5BoQjb4gNCga,house,Bicep
0EdtTRCl3J22AnWrNpH1w9,Isles,2021-01-22,10,https://i.scdn.co/image/ab67616d0000b2737002b491db4917f96f10283a,https://i.scdn.co/image/ab67616d00001e027002b491db4917f96f10283a,73A3bLnfnz5BoQjb4gNCga,house,Bicep
4psDRFbIlUM1KUb1omccXo,Bicep,2017-09-01,12,https://i.scdn.co/image/ab67616d0000b273d4322a9004288009f6da2975,https://i.scdn.co/image/ab67616d00001e02d4322a9004288009f6da2975,73A3bLnfnz5BoQjb4gNCga,house,Bicep
7gjWxoyaUcDPzaq2N2u3sw,Movement Therapy,2025-06-13,14,https://i.scdn.co/image/ab67616d0000b27339deb356263f8d45f18d6744,https://i.scdn.co/image/ab67616d00001e0239deb356263f8d45f18d6744,6pJY5At9SiMpAOBrw9YosS,house,Folamour
4SBBGeRaboOnypEhVFRw38,Manifesto,2023-09-14,15,https://i.scdn.co/image/ab67616d0000b273d94fe0fc7e68405902bebac4,https://i.scdn.co/image/ab67616d00001e02d94fe0fc7e68405902bebac4,6pJY5At9SiMpAOBrw9YosS,house,Folamour
1R8SYFomn8PdIAYlGgzwjr,The Journey,2021-06-11,12,https://i.scdn.co/image/ab67616d0000b273e7850a3dda323c6a678c5c9a,https://i.scdn.co/image/ab67616d00001e02e7850a3dda323c6a678c5c9a,6pJY5At9SiMpAOBrw9YosS,house,Folamour
3na24PKpM5Bh0xwvIcpPms,Ordinary Drugs,2019-02-15,11,https://i.scdn.co/image/ab67616d0000b273891391ef7b7a14c7d938a788,https://i.scdn.co/image/ab67616d00001e02891391ef7b7a14c7d938a788,6pJY5At9SiMpAOBrw9YosS,house,Folamour
1TJORj8wkSHckTweM7sm4K,Umami,2017-11-10,9,https://i.scdn.co/image/ab67616d0000b2734b3e2f21f82735d187a97c89,https://i.scdn.co/image/ab67616d00001e024b3e2f21f82735d187a97c89,6pJY5At9SiMpAOBrw9YosS,house,Folamour
3jHf5zZ8d5MQg03YyfTa2I,4MYPPL#1,2017-03-24,4,https://i.scdn.co/image/ab67616d0000b273c23e30b8f801e03855109caf,https://i.scdn.co/image/ab67616d00001e02c23e30b8f801e03855109caf,6pJY5At9SiMpAOBrw9YosS,house,Folamour
2b1eij1R1tHppx4M5ZZTrF,Fort Bellefleur,2016-07-29,5,https://i.scdn.co/image/ab67616d0000b273c358152198f865837b6f4820,https://i.scdn.co/image/ab67616d00001e02c358152198f865837b6f4820,6pJY5At9SiMpAOBrw9YosS,house,Folamour
1Cg0aRdurL72LWxg8xt39R,Chapeau rouge,2015-08-10,8,https://i.scdn.co/image/ab67616d0000b273aef3ff547d6d03b396522e66,https://i.scdn.co/image/ab67616d00001e02aef3ff547d6d03b396522e66,6pJY5At9SiMpAOBrw9YosS,house,Folamour
6ooBxhsOVedpX4zPTCyL86,Hyperdrama,2024-04-26,13,https://i.scdn.co/image/ab67616d0000b273730e327760fe592ad69bf18e,https://i.scdn.co/image/ab67616d00001e02730e327760fe592ad69bf18e,1gR0gsQYfi6joyO1dlp76N,house,Justice
2DlvDiYx2Nd5VQAmNqUDJu,Escapades,2021-06-25,12,https://i.scdn.co/image/ab67616d0000b27331c469bafacbe77490dd6ba9,https://i.scdn.co/image/ab67616d00001e0231c469bafacbe77490dd6ba9,1gR0gsQYfi6joyO1dlp76N,house,Justice
7E3c9dmZ1KnZOQLZTgRqWx,Woman Worldwide,2018-08-24,15,https://i.scdn.co/image/ab67616d0000b27314a99b6cf89499f1c4ca200c,https://i.scdn.co/image/ab67616d00001e0214a99b6cf89499f1c4ca200c,1gR0gsQYfi6joyO1dlp76N,house,Justice
23EaoI8dXfDGfxF54sd1DP,Woman,2016-11-18,10,https://i.scdn.co/image/ab67616d0000b273d4a2f9a24620e329d2db7078,https://i.scdn.co/image/ab67616d00001e02d4a2f9a24620e329d2db7078,1gR0gsQYfi6joyO1dlp76N,house,Justice
3ZJErwtxUtDkPlhrrSAw0R,Access All Arenas,2013-05-06,14,https://i.scdn.co/image/ab67616d0000b273ad204ee072a9c368f92a1a45,https://i.scdn.co/image/ab67616d00001e02ad204ee072a9c368f92a1a45,1gR0gsQYfi6joyO1dlp76N,house,Justice
0dLnnm4PjeyqM4CoHqo6DI,"Audio, Video, Disco.",2011-10-24,12,https://i.scdn.co/image/ab67616d0000b273f9171c2b7bab0956cdfbd1fa,https://i.scdn.co/image/ab67616d00001e02f9171c2b7bab0956cdfbd1fa,1gR0gsQYfi6joyO1dlp76N,house,Justice
41solTO3bJJh1OTzBF1GUo,A Cross The Universe,2008-11-24,18,https://i.scdn.co/image/ab67616d0000b273609c6159deccae5151b7dafa,https://i.scdn.co/image/ab67616d00001e02609c6159deccae5151b7dafa,1gR0gsQYfi6joyO1dlp76N,house,Justice
4GGazqHvuKwxBjWLFaJkDL,Justice,2007-06-11,12,https://i.scdn.co/image/ab67616d0000b2731c0bcf8b536295438d26c70d,https://i.scdn.co/image/ab67616d00001e021c0bcf8b536295438d26c70d,1gR0gsQYfi6joyO1dlp76N,house,Justice
3zfxT3pvlyKeo7vMCZPyP5,1999 DJ Tool,2025-03-21,8,https://i.scdn.co/image/ab67616d0000b273bbbc57fbeb2e0d8424569428,https://i.scdn.co/image/ab67616d00001e02bbbc57fbeb2e0d8424569428,4sf3QZW8a3xZ14IGsOAzoy,house,Cassius
0k0sWVuUrp5YGC1RDUeJzm,Dreems,2019-06-21,13,https://i.scdn.co/image/ab67616d0000b2730bb9eff4be678363242f0b6e,https://i.scdn.co/image/ab67616d00001e020bb9eff4be678363242f0b6e,4sf3QZW8a3xZ14IGsOAzoy,house,Cassius
2ydxtByF9eA0Y8LRa8wuII,Ibifornia,2016-08-26,10,https://i.scdn.co/image/ab67616d0000b27333e96683c6c9eba0c1b19d38,https://i.scdn.co/image/ab67616d00001e0233e96683c6c9eba0c1b19d38,4sf3QZW8a3xZ14IGsOAzoy,house,Cassius
73puEbxrgGI8vbRtA6E6pZ,The Rawkers (I <3 U SO Edition),2011-06-13,10,https://i.scdn.co/image/ab67616d0000b2734f3d682578d8bd0fc547bec5,https://i.scdn.co/image/ab67616d00001e024f3d682578d8bd0fc547bec5,4sf3QZW8a3xZ14IGsOAzoy,house,Cassius
3XG5dH7LcDZlkOWmtvLzXB,15 Again (Deluxe Edition),2006,17,https://i.scdn.co/image/ab67616d0000b27324ee286d8ebcaf83d4b899ab,https://i.scdn.co/image/ab67616d00001e0224ee286d8ebcaf83d4b899ab,4sf3QZW8a3xZ14IGsOAzoy,house,Cassius
5At8zb3djitRXkrKQ8Wo97,Au Rêve (Deluxe Edition),2002,19,https://i.scdn.co/image/ab67616d0000b273b60e218ff8bb7122b2873eae,https://i.scdn.co/image/ab67616d00001e02b60e218ff8bb7122b2873eae,4sf3QZW8a3xZ14IGsOAzoy,house,Cassius
2HKgnzlGIJddpRwDlxit43,1999 (Deluxe Edition),1999,21,https://i.scdn.co/image/ab67616d0000b2732b7da79e1bf26533122dd3b0,https://i.scdn.co/image/ab67616d00001e022b7da79e1bf26533122dd3b0,4sf3QZW8a3xZ14IGsOAzoy,house,Cassius
09sm6KIhz3TN5ucSec9zAr,Modjo Band Remixes,2013-01-01,29,https://i.scdn.co/image/ab67616d0000b273a264ba8b6a1ea6a12e891b54,https://i.scdn.co/image/ab67616d00001e02a264ba8b6a1ea6a12e891b54,0AkpPlFLnr0VQwZQeMGht0,house,Modjo
5Fvk2oTQGmVkFbhMnB8Qca,Modjo Band (Remastered),2001-01-01,12,https://i.scdn.co/image/ab67616d0000b2738978a51a702b4dbd16a4cd09,https://i.scdn.co/image/ab67616d00001e028978a51a702b4dbd16a4cd09,0AkpPlFLnr0VQwZQeMGht0,house,Modjo
6RqR43MTl1GNKrDSXIerP2,Love's Arrival,2001-06-06,13,https://i.scdn.co/image/ab67616d0000b2737a7b96550c1ed1586c7d8e05,https://i.scdn.co/image/ab67616d00001e027a7b96550c1ed1586c7d8e05,3j7teie3p6UnbA8nW51Trz,house,Larry Heard
3tm1Vv4bWnoraVYkD5RxHX,"Dance 2000, Part 1",1997-01-01,11,https://i.scdn.co/image/ab67616d0000b2738c5117a513b547108a40f2be,https://i.scdn.co/image/ab67616d00001e028c5117a513b547108a40f2be,3j7teie3p6UnbA8nW51Trz,house,Larry Heard
3v2oVtOuNOnqzARAdZBits,Alien,1996-03-01,9,https://i.scdn.co/image/ab67616d0000b2731679ec9b2947c9d41d6816d4,https://i.scdn.co/image/ab67616d00001e021679ec9b2947c9d41d6816d4,3j7teie3p6UnbA8nW51Trz,house,Larry Heard
2oRclExb3i2X4ByAjoUqgM,"Sceneries Not Songs, Volume 1",1994-03-01,9,https://i.scdn.co/image/ab67616d0000b27336e543f5437455e97d3eaa82,https://i.scdn.co/image/ab67616d00001e0236e543f5437455e97d3eaa82,3j7teie3p6UnbA8nW51Trz,house,Larry Heard
38ZR0xbQtEnmLi3SXfdvOX,Leev Ur Mynd,2026-04-24,12,https://i.scdn.co/image/ab67616d0000b27337bf84c44d90a8d27f5dd443,https://i.scdn.co/image/ab67616d00001e0237bf84c44d90a8d27f5dd443,0dRiUTGvNV17AMIULRYsvn,house,Mr. Fingers
3VOHZpVXcjwtBK4N6Xtok8,Around the Sun Pt.2,2023-06-23,10,https://i.scdn.co/image/ab67616d0000b273026c536d0fa9a73dbccc9379,https://i.scdn.co/image/ab67616d00001e02026c536d0fa9a73dbccc9379,0dRiUTGvNV17AMIULRYsvn,house,Mr. Fingers
7j1YXfjPfOYH4X0CkG9GB7,Around the Sun pt.1,2022-05-20,10,https://i.scdn.co/image/ab67616d0000b273918256eb71020daad44c21d7,https://i.scdn.co/image/ab67616d00001e02918256eb71020daad44c21d7,0dRiUTGvNV17AMIULRYsvn,house,Mr. Fingers
46sews77v3EoXe6PzYmYdD,Cerebral Hemispheres,2018-04-13,18,https://i.scdn.co/image/ab67616d0000b273ed78670e64f68acc25e1efd5,https://i.scdn.co/image/ab67616d00001e02ed78670e64f68acc25e1efd5,0dRiUTGvNV17AMIULRYsvn,house,Mr. Fingers
201nAW1V2QI2jDbGci7K3g,Amnesia,2011-01-01,12,https://i.scdn.co/image/ab67616d0000b2739568c6b3c059127cca642b4b,https://i.scdn.co/image/ab67616d00001e029568c6b3c059127cca642b4b,0dRiUTGvNV17AMIULRYsvn,house,Mr. Fingers
21TzwASilTcHmGhQZxqKBX,Introduction,1992,13,https://i.scdn.co/image/ab67616d0000b2735947b876dcdef2e2135a6f3f,https://i.scdn.co/image/ab67616d00001e025947b876dcdef2e2135a6f3f,0dRiUTGvNV17AMIULRYsvn,house,Mr. Fingers
058No4Kiz8r284NwzBSBC2,It's Album Time,2014-04-07,12,https://i.scdn.co/image/ab67616d0000b273ef57e636952c4099cf13c6b5,https://i.scdn.co/image/ab67616d00001e02ef57e636952c4099cf13c6b5,49gaZqfow2v8EEQmjGyEIw,house,Todd Terje
07HuAQQEbH1ShP4b9SsNwp,It's the Arps,2012-01-09,5,https://i.scdn.co/image/ab67616d0000b273c1fcf7dbd3f2063e265dca99,https://i.scdn.co/image/ab67616d00001e02c1fcf7dbd3f2063e265dca99,49gaZqfow2v8EEQmjGyEIw,house,Todd Terje
2l7QYB5EMOkbtuc17WwBnp,Lazarus (Adult Swim Original Series Soundtrack),2025-04-11,15,https://i.scdn.co/image/ab67616d0000b2738babaa449f8ea1e505444a4a,https://i.scdn.co/image/ab67616d00001e028babaa449f8ea1e505444a4a,0cmWgDlu9CwTgxPhf403hb,house,Bonobo
4KjbNbnTnJ97kZgQkOHr6v,Fragments,2022-01-14,12,https://i.scdn.co/image/ab67616d0000b273226e702d1878d4a44b273980,https://i.scdn.co/image/ab67616d00001e02226e702d1878d4a44b273980,0cmWgDlu9CwTgxPhf403hb,house,Bonobo
08y3P0LuZGR59084Zk4Rxt,fabric presents Bonobo (DJ Mix),2019-02-22,22,https://i.scdn.co/image/ab67616d0000b273024af35f955f474314e8f545,https://i.scdn.co/image/ab67616d00001e02024af35f955f474314e8f545,0cmWgDlu9CwTgxPhf403hb,house,Bonobo
2T64N96AVfsrRFJCUXQEoZ,Migration,2017-01-13,12,https://i.scdn.co/image/ab67616d0000b27355fa09a768d1ef5ea5d279f9,https://i.scdn.co/image/ab67616d00001e0255fa09a768d1ef5ea5d279f9,0cmWgDlu9CwTgxPhf403hb,house,Bonobo
6tEOuMrJ6gsmZ2vB2P1NV7,The North Borders Tour. — Live.,2014-10-06,11,https://i.scdn.co/image/ab67616d0000b273c46ca7a942d8795a06774df9,https://i.scdn.co/image/ab67616d00001e02c46ca7a942d8795a06774df9,0cmWgDlu9CwTgxPhf403hb,house,Bonobo
75mOIzgjMsFLN5hyQlpsy8,Late Night Tales: Bonobo,2013-11-17,18,https://i.scdn.co/image/ab67616d0000b273848936ba27cbea380a7a8d73,https://i.scdn.co/image/ab67616d00001e02848936ba27cbea380a7a8d73,0cmWgDlu9CwTgxPhf403hb,house,Bonobo
7sN6lCgPf1rbZYmA3edMKv,The North Borders,2013-03-21,13,https://i.scdn.co/image/ab67616d0000b273b033087945225272e885808c,https://i.scdn.co/image/ab67616d00001e02b033087945225272e885808c,0cmWgDlu9CwTgxPhf403hb,house,Bonobo
2tcn5o1g4FuVRuMGjn7G4v,Black Sands Remixed,2012-03-09,14,https://i.scdn.co/image/ab67616d0000b2730c41713a9d75d13961ffb82b,https://i.scdn.co/image/ab67616d00001e020c41713a9d75d13961ffb82b,0cmWgDlu9CwTgxPhf403hb,house,Bonobo
5m1RkwKeU7MV0Ni6PH2lPy,Black Sands,2010-03-29,12,https://i.scdn.co/image/ab67616d0000b2737da6d6787071a97593cfbcee,https://i.scdn.co/image/ab67616d00001e027da6d6787071a97593cfbcee,0cmWgDlu9CwTgxPhf403hb,house,Bonobo
5HLoU4oijKdSIFOk2o7mYn,Days To Come,2006-10-02,18,https://i.scdn.co/image/ab67616d0000b273772c8ad8cfe3474f36bbad4a,https://i.scdn.co/image/ab67616d00001e02772c8ad8cfe3474f36bbad4a,0cmWgDlu9CwTgxPhf403hb,house,Bonobo
6TaDSeHRXqw06H2PlYsD5K,Dial 'M' for Monkey,2003-06-17,9,https://i.scdn.co/image/ab67616d0000b273383a4bb71daef9859ba98259,https://i.scdn.co/image/ab67616d00001e02383a4bb71daef9859ba98259,0cmWgDlu9CwTgxPhf403hb,house,Bonobo
7JcOUOS8qJGBhEIncdfGbk,One Offs (Remixes & B Sides),2002-08-12,10,https://i.scdn.co/image/ab67616d0000b273e3d490b8160e215ca2bba121,https://i.scdn.co/image/ab67616d00001e02e3d490b8160e215ca2bba121,0cmWgDlu9CwTgxPhf403hb,house,Bonobo
4ptDpUO3Uf910ekgmftYA8,Animal Magic,2000-07-25,10,https://i.scdn.co/image/ab67616d0000b273bc5cb955445082c18866c392,https://i.scdn.co/image/ab67616d00001e02bc5cb955445082c18866c392,0cmWgDlu9CwTgxPhf403hb,house,Bonobo
1rDjHlur6uZheIHpBdmLEF,Fantasy,2022-11-04,8,https://i.scdn.co/image/ab67616d0000b27307ba55c9d1da262e74ebd7e7,https://i.scdn.co/image/ab67616d00001e0207ba55c9d1da262e74ebd7e7,6d1HqiWNEKV9zFqQM9WeYo,house,Romare
2IDeHNJEmYrS14aEFCYgpN,Home,2020-07-31,12,https://i.scdn.co/image/ab67616d0000b2730dd4f0c5b88ab767cc61fecf,https://i.scdn.co/image/ab67616d00001e020dd4f0c5b88ab767cc61fecf,6d1HqiWNEKV9zFqQM9WeYo,house,Romare
324LXtvXAeKBeDIN1NkGuG,Love Songs: Part Two,2016-11-11,10,https://i.scdn.co/image/ab67616d0000b273d52368aeb634d7cacd4ff621,https://i.scdn.co/image/ab67616d00001e02d52368aeb634d7cacd4ff621,6d1HqiWNEKV9zFqQM9WeYo,house,Romare
3zzU2dSR6LpTlI4zd4Rgzj,Projections,2015-02-23,11,https://i.scdn.co/image/ab67616d0000b27390fa0fd3f7941617f02f354f,https://i.scdn.co/image/ab67616d00001e0290fa0fd3f7941617f02f354f,6d1HqiWNEKV9zFqQM9WeYo,house,Romare
5bkjwI8ysVvoUuqmFiHsP2,Night Creature,2021-10-29,16,https://i.scdn.co/image/ab67616d0000b273499a29adac2cf7eb5f4025d7,https://i.scdn.co/image/ab67616d00001e02499a29adac2cf7eb5f4025d7,6TshTCYwh9ySzOO6Jy4Ux2,house,Maya Jane Coles
1U23Yk3Wfl5fDtnkazQ6JE,Full Circle (Deluxe),2020-12-11,19,https://i.scdn.co/image/ab67616d0000b2733c313548eacc148f0c7306e3,https://i.scdn.co/image/ab67616d00001e023c313548eacc148f0c7306e3,6TshTCYwh9ySzOO6Jy4Ux2,house,Maya Jane Coles
6XlidcWPK4oeEQtMlbxQEX,Full Circle,2019-11-01,15,https://i.scdn.co/image/ab67616d0000b27312d7b7ae8ea3189e5d1ef8a4,https://i.scdn.co/image/ab67616d00001e0212d7b7ae8ea3189e5d1ef8a4,6TshTCYwh9ySzOO6Jy4Ux2,house,Maya Jane Coles
3rXWQmHvNCyvpRm48CsYwP,Take Flight,2017-08-25,24,https://i.scdn.co/image/ab67616d0000b2735fd01a8ccde8f120dddb7636,https://i.scdn.co/image/ab67616d00001e025fd01a8ccde8f120dddb7636,6TshTCYwh9ySzOO6Jy4Ux2,house,Maya Jane Coles
5JU2zAIm2gRxcFl5EHOVly,What They Say (The Remixes),2014-12-18,5,https://i.scdn.co/image/ab67616d0000b2732f9e29e266ebce31287e1832,https://i.scdn.co/image/ab67616d00001e022f9e29e266ebce31287e1832,6TshTCYwh9ySzOO6Jy4Ux2,house,Maya Jane Coles
5NAhCxOzX8Uav1c7oU6m7p,Comfort (Deluxe Version),2013-07-01,17,https://i.scdn.co/image/ab67616d0000b273a8b9c19f56749bed4d82703b,https://i.scdn.co/image/ab67616d00001e02a8b9c19f56749bed4d82703b,6TshTCYwh9ySzOO6Jy4Ux2,house,Maya Jane Coles
0eUpNFjX5lorUphr2CET54,Comfort,2013-06-28,12,https://i.scdn.co/image/ab67616d0000b2733d476e4e91fa3335ed84e0cc,https://i.scdn.co/image/ab67616d00001e023d476e4e91fa3335ed84e0cc,6TshTCYwh9ySzOO6Jy4Ux2,house,Maya Jane Coles
4u9sbRKOBBNjZYOE9fMYRz,Mixmag Presents Maya Jane Coles: Heatwave Summer '13,2013,14,https://i.scdn.co/image/ab67616d0000b27330728837df7443721f4c0070,https://i.scdn.co/image/ab67616d00001e0230728837df7443721f4c0070,6TshTCYwh9ySzOO6Jy4Ux2,house,Maya Jane Coles
53jxZMsY2a15Yse2YXEJyD,DJ-Kicks,2012-04-16,21,https://i.scdn.co/image/ab67616d0000b273895047540a0dc3a5a44cc91e,https://i.scdn.co/image/ab67616d00001e02895047540a0dc3a5a44cc91e,6TshTCYwh9ySzOO6Jy4Ux2,house,Maya Jane Coles
2IUlfvXdJwL9TCklFvV3f6,Any Signs of Love,2024-11-29,10,https://i.scdn.co/image/ab67616d0000b2731ecc75670a44212ef7d8fcc8,https://i.scdn.co/image/ab67616d00001e021ecc75670a44212ef7d8fcc8,6jOz2B9qeID4dLP1o8bFGf,house,Crazy P
3pqYGFN4wmFLWDXx382mkD,Age of the Ego (Remixes),2022-07-22,12,https://i.scdn.co/image/ab67616d0000b2735e9dbd793cd52f0aa1d115ea,https://i.scdn.co/image/ab67616d00001e025e9dbd793cd52f0aa1d115ea,6jOz2B9qeID4dLP1o8bFGf,house,Crazy P
4FadyDiKQqyxZEhU6qQDDX,Age of the Ego,2019-05-03,11,https://i.scdn.co/image/ab67616d0000b27348e8c73b440c453919615d37,https://i.scdn.co/image/ab67616d00001e0248e8c73b440c453919615d37,6jOz2B9qeID4dLP1o8bFGf,house,Crazy P
2xHHmfzza35KfhlgOOc3y4,Walk Dance Talk Sing,2015-05-11,11,https://i.scdn.co/image/ab67616d0000b273be0cd4d2ffeb6228115f83de,https://i.scdn.co/image/ab67616d00001e02be0cd4d2ffeb6228115f83de,6jOz2B9qeID4dLP1o8bFGf,house,Crazy P
1qO19D7pPiLaAEZJjiaJpc,Remixed,2013-01-14,10,https://i.scdn.co/image/ab67616d0000b2737ef0d710a19ca05478d3e2da,https://i.scdn.co/image/ab67616d00001e027ef0d710a19ca05478d3e2da,6jOz2B9qeID4dLP1o8bFGf,house,Crazy P
2H9FvGzeO4I72Vp8TUdjz3,Live in London 2012,2012-06-18,14,https://i.scdn.co/image/ab67616d0000b273c8a18e64af0ed17dd56379b9,https://i.scdn.co/image/ab67616d00001e02c8a18e64af0ed17dd56379b9,6jOz2B9qeID4dLP1o8bFGf,house,Crazy P
6w1dknRMvZOH8IS0oYNA2p,When We On,2011-09-18,11,https://i.scdn.co/image/ab67616d0000b2731bac55a364773b9bca21dd0e,https://i.scdn.co/image/ab67616d00001e021bac55a364773b9bca21dd0e,6jOz2B9qeID4dLP1o8bFGf,house,Crazy P
7HmKKICxLFJvHvhRf0zyQU,A Nice Hot Edit With,2011-03-03,9,https://i.scdn.co/image/2dc8b2d88e5ded93103a9450ee1929d918d0ef78,https://i.scdn.co/image/6ca816962dbb83fcb0a26694418ac85f55bdfcf0,6jOz2B9qeID4dLP1o8bFGf,house,Crazy P
4hgVscyJU27RBvsq7KbCk1,Stop Space Return (Bonus Track Version),2011-01-23,17,https://i.scdn.co/image/ab67616d0000b273293df144030515b5a897f7ff,https://i.scdn.co/image/ab67616d00001e02293df144030515b5a897f7ff,6jOz2B9qeID4dLP1o8bFGf,house,Crazy P
5lMU8AcLuY1BvJW0mijQ23,Later,2009-10-12,13,https://i.scdn.co/image/ab67616d0000b27364717b4aa96a96f4d43417a5,https://i.scdn.co/image/ab67616d00001e0264717b4aa96a96f4d43417a5,6jOz2B9qeID4dLP1o8bFGf,house,Crazy P
3zIrVMrwfJh0pTK9qVtTev,The Crazy Penis Collection,2002-07-07,18,https://i.scdn.co/image/ab67616d0000b273c1f942089a6aa7f5644f5bb7,https://i.scdn.co/image/ab67616d00001e02c1f942089a6aa7f5644f5bb7,6jOz2B9qeID4dLP1o8bFGf,house,Crazy P
2UZ62DB1jQEeK7WhdxNff2,The Wicked Is Music,1998-04-05,10,https://i.scdn.co/image/ab67616d0000b2732eb79012bf963c989a673ffd,https://i.scdn.co/image/ab67616d00001e022eb79012bf963c989a673ffd,6jOz2B9qeID4dLP1o8bFGf,house,Crazy P
6RcaRLFeo2csyfKWAf5hba,A Nice Hot Bath With (Remastered),1998-04-01,9,https://i.scdn.co/image/ab67616d0000b2730f060dde3cf9a0bf612e17c6,https://i.scdn.co/image/ab67616d00001e020f060dde3cf9a0bf612e17c6,6jOz2B9qeID4dLP1o8bFGf,house,Crazy P
3vd7dqateXRTskHSU2CT0v,MIRRORS (REMIXED),2023-02-03,22,https://i.scdn.co/image/ab67616d0000b273973091146d679fba4d37e831,https://i.scdn.co/image/ab67616d00001e02973091146d679fba4d37e831,37YzpfBeFju8QRZ3g0Ha1Q,house,DJ Seinfeld
7FvnTARvgjUyWnUT0flUN7,Mirrors,2021-09-03,10,https://i.scdn.co/image/ab67616d0000b27357751ae9890e997676b998f2,https://i.scdn.co/image/ab67616d00001e0257751ae9890e997676b998f2,37YzpfBeFju8QRZ3g0Ha1Q,house,DJ Seinfeld
7qgyzRIP10SHfnPGlEL47M,DJ-Kicks (DJ Seinfeld) [DJ Mix],2018-07-13,21,https://i.scdn.co/image/ab67616d0000b273e50ad73d585240febe12c34e,https://i.scdn.co/image/ab67616d00001e02e50ad73d585240febe12c34e,37YzpfBeFju8QRZ3g0Ha1Q,house,DJ Seinfeld
5DlpzmONGJYLOUBcHvjfSM,Time Spent Away From U,2017-11-03,9,https://i.scdn.co/image/ab67616d0000b2734a3b5bb808c0b770e1246376,https://i.scdn.co/image/ab67616d00001e024a3b5bb808c0b770e1246376,37YzpfBeFju8QRZ3g0Ha1Q,house,DJ Seinfeld
5wKXfInna4rPKYVhdiSgQA,Tread,2021-10-22,12,https://i.scdn.co/image/ab67616d0000b2739eff4ce3343c1f1c7b949063,https://i.scdn.co/image/ab67616d00001e029eff4ce3343c1f1c7b949063,1Ma3pJzPIrAyYPNRkp3SUF,house,Ross from Friends
24eRSwYbneTDkehVHM2MVf,Family Portrait,2018-07-27,12,https://i.scdn.co/image/ab67616d0000b273e5ede01d67d1b1d36359187a,https://i.scdn.co/image/ab67616d00001e02e5ede01d67d1b1d36359187a,1Ma3pJzPIrAyYPNRkp3SUF,house,Ross from Friends
5pnr4GOQkBuGuYPeiLw1T6,I Hear You,2024-06-07,10,https://i.scdn.co/image/ab67616d0000b273b58857b06c0d9ebf76458dc1,https://i.scdn.co/image/ab67616d00001e02b58857b06c0d9ebf76458dc1,2mLA48B366zkELXYx7hcDN,house,Peggy Gou
14BFEPRu1ERewCV8dhRQ6R,DJ-Kicks (Peggy Gou) [DJ Mix],2019-06-28,19,https://i.scdn.co/image/ab67616d0000b273e152b1a98e4cca94fbe742e7,https://i.scdn.co/image/ab67616d00001e02e152b1a98e4cca94fbe742e7,2mLA48B366zkELXYx7hcDN,house,Peggy Gou
4IJvxq326rM5jBpivm59QX,fabric presents Floorplan (Mixed),2025-11-28,34,https://i.scdn.co/image/ab67616d0000b273c7912d2dab2ec94953cd4dc7,https://i.scdn.co/image/ab67616d00001e02c7912d2dab2ec94953cd4dc7,0RBnTX5xoVa1bDYt9Qbies,house,Floorplan
11q2C0jSRLoLELO7cyPWOx,The Master’s Plan,2024-06-21,18,https://i.scdn.co/image/ab67616d0000b2738697cf61d7f0b5007b608b64,https://i.scdn.co/image/ab67616d00001e028697cf61d7f0b5007b608b64,0RBnTX5xoVa1bDYt9Qbies,house,Floorplan
3ki4l5EPjggXrCv5orIed3,Supernatural,2019-11-08,10,https://i.scdn.co/image/ab67616d0000b27395c37577020c560157f3f25f,https://i.scdn.co/image/ab67616d00001e0295c37577020c560157f3f25f,0RBnTX5xoVa1bDYt9Qbies,house,Floorplan
4mYnwRs3nCds1vIZn6oMFd,Victorious,2016-06-17,11,https://i.scdn.co/image/ab67616d0000b273ff1a7df76be413eaffda8545,https://i.scdn.co/image/ab67616d00001e02ff1a7df76be413eaffda8545,0RBnTX5xoVa1bDYt9Qbies,house,Floorplan
6c24y2SMjBi9Wd6kfE00Xv,Paradise,2013-07-01,9,https://i.scdn.co/image/ab67616d0000b2738e165a5a5d1db6d19a4ecada,https://i.scdn.co/image/ab67616d00001e028e165a5a5d1db6d19a4ecada,0RBnTX5xoVa1bDYt9Qbies,house,Floorplan
3WQodguZkxDFZXlAAUT7mN,"Organic Hardware, Part. 2",2025-05-06,4,https://i.scdn.co/image/ab67616d0000b2736d197919cc24ddd5ed4f3e3d,https://i.scdn.co/image/ab67616d00001e026d197919cc24ddd5ed4f3e3d,3qMRvSHJpaRjGDkIeNMoGz,house,Theo Parrish
4Ap8ue6rJEhhxcMOGNrQlm,Orange Barrel Action,2025-03-17,3,https://i.scdn.co/image/ab67616d0000b273764abf9e205c4fbe48d29b19,https://i.scdn.co/image/ab67616d00001e02764abf9e205c4fbe48d29b19,3qMRvSHJpaRjGDkIeNMoGz,house,Theo Parrish
0p9pgw6smsn47SzsHQXWPh,Free Myself,2023-06-02,10,https://i.scdn.co/image/ab67616d0000b273bd4caefa6a1f1d386655837d,https://i.scdn.co/image/ab67616d00001e02bd4caefa6a1f1d386655837d,3qMRvSHJpaRjGDkIeNMoGz,house,Theo Parrish
1V5YIHKqKdsQDdVQURKk02,DJ-Kicks: Theo Parrish,2022-10-28,38,https://i.scdn.co/image/ab67616d0000b2734b445e79bacdb22060a329cc,https://i.scdn.co/image/ab67616d00001e024b445e79bacdb22060a329cc,3qMRvSHJpaRjGDkIeNMoGz,house,Theo Parrish
1udLgFe3WJtPyKUMzUBYc8,Cornbread & Cowrie Shells for Bertha,2022-08-12,6,https://i.scdn.co/image/ab67616d0000b27309eec4775b6257a44614548b,https://i.scdn.co/image/ab67616d00001e0209eec4775b6257a44614548b,3qMRvSHJpaRjGDkIeNMoGz,house,Theo Parrish
0RIn1ZyNCO4Q56mrBKsUzM,Smile,2021-03-12,4,https://i.scdn.co/image/ab67616d0000b273e7f7dbc38684473dad337418,https://i.scdn.co/image/ab67616d00001e02e7f7dbc38684473dad337418,3qMRvSHJpaRjGDkIeNMoGz,house,Theo Parrish
2bZMttheG65UsRtwVxf8B9,Wuddaji,2020-10-02,8,https://i.scdn.co/image/ab67616d0000b273760c0cd9b1c7343d49165382,https://i.scdn.co/image/ab67616d00001e02760c0cd9b1c7343d49165382,3qMRvSHJpaRjGDkIeNMoGz,house,Theo Parrish
0yO8HSwzcU5iU1xQXuLKs2,Parallel Dimensions,2017-04-21,9,https://i.scdn.co/image/ab67616d0000b2739b7a98ee1da108b04409e903,https://i.scdn.co/image/ab67616d00001e029b7a98ee1da108b04409e903,3qMRvSHJpaRjGDkIeNMoGz,house,Theo Parrish
33Se3F8OJKVPXKq5AHOS8N,"Essential Selections, Vol. 1",2015-03-06,3,https://i.scdn.co/image/ab67616d0000b273db2bcebc297ff42677dd6326,https://i.scdn.co/image/ab67616d00001e02db2bcebc297ff42677dd6326,3qMRvSHJpaRjGDkIeNMoGz,house,Theo Parrish
5QkB4WOse1gOPojs9jZRYE,American Intelligence,2014-12-09,15,https://i.scdn.co/image/ab67616d0000b273466d4b9a5d070c3327683f56,https://i.scdn.co/image/ab67616d00001e02466d4b9a5d070c3327683f56,3qMRvSHJpaRjGDkIeNMoGz,house,Theo Parrish
0U7NRKNAvfJwdssXBmYnbG,Original Versions,2013-03-08,4,https://i.scdn.co/image/ab67616d0000b27346b0c20c85bf8d4545b6cf93,https://i.scdn.co/image/ab67616d00001e0246b0c20c85bf8d4545b6cf93,3qMRvSHJpaRjGDkIeNMoGz,house,Theo Parrish
57ZbufgSc0DQJFjWdnIofu,Sketches,2010-05-01,11,https://i.scdn.co/image/ab67616d0000b273b24b7996c83b00af95311a23,https://i.scdn.co/image/ab67616d00001e02b24b7996c83b00af95311a23,3qMRvSHJpaRjGDkIeNMoGz,house,Theo Parrish
5nhavrrxyMvyo6bTipv9v3,"Sound Sculptures, Vol. 1",2007,27,https://i.scdn.co/image/ab67616d0000b2731af0f90d234f7d863584e411,https://i.scdn.co/image/ab67616d00001e021af0f90d234f7d863584e411,3qMRvSHJpaRjGDkIeNMoGz,house,Theo Parrish
5iVsUH1RQbojywBR2SoVua,First Floor,1998-01-01,9,https://i.scdn.co/image/ab67616d0000b273ce3bc66e9a01911468bf60c1,https://i.scdn.co/image/ab67616d00001e02ce3bc66e9a01911468bf60c1,3qMRvSHJpaRjGDkIeNMoGz,house,Theo Parrish
0Fn7ZS5hRA3kMZPaVo99u9,Taken Away,2020-05-21,7,https://i.scdn.co/image/ab67616d0000b273c1f76d971343161f3143d1eb,https://i.scdn.co/image/ab67616d00001e02c1f76d971343161f3143d1eb,6pohviZSNRueSX7uNu63ZX,house,Moodymann
4FtTVWbQrzbgppwycFSHFa,Sinner: KDJ-48,2019-06-21,7,https://i.scdn.co/image/ab67616d0000b2730b080c7c2053dbb5305400a8,https://i.scdn.co/image/ab67616d00001e020b080c7c2053dbb5305400a8,6pohviZSNRueSX7uNu63ZX,house,Moodymann
4Ys4Dxj8SKCEJEmYmmvfOE,DJ-Kicks (Moodymann) [DJ Mix],2016-02-19,30,https://i.scdn.co/image/ab67616d0000b273a5f0e3defa4f015451a81dcb,https://i.scdn.co/image/ab67616d00001e02a5f0e3defa4f015451a81dcb,6pohviZSNRueSX7uNu63ZX,house,Moodymann
61sGO58ljdDgD4Mn6Bcj3P,Moodymann,2014-01-27,27,https://i.scdn.co/image/ab67616d0000b273fa24f67475e908dc618953e5,https://i.scdn.co/image/ab67616d00001e02fa24f67475e908dc618953e5,6pohviZSNRueSX7uNu63ZX,house,Moodymann
224OuhZ1LThmaYGhD8ikq6,Black Mahogani,2004-04-01,10,https://i.scdn.co/image/ab67616d0000b273163a93780dfc3dc608ddd925,https://i.scdn.co/image/ab67616d00001e02163a93780dfc3dc608ddd925,6pohviZSNRueSX7uNu63ZX,house,Moodymann
37z6C0yEkeOzbIYR17kRqg,Silence In The Secret Garden,2003-02-06,10,https://i.scdn.co/image/ab67616d0000b273a590d768731d01f303c7eada,https://i.scdn.co/image/ab67616d00001e02a590d768731d01f303c7eada,6pohviZSNRueSX7uNu63ZX,house,Moodymann
2NhQapO6mTOWbip0fvru36,Forevernevermore,2000-01-01,9,https://i.scdn.co/image/ab67616d0000b273acdc6c8b134d4528937c4565,https://i.scdn.co/image/ab67616d00001e02acdc6c8b134d4528937c4565,6pohviZSNRueSX7uNu63ZX,house,Moodymann
1tj2K6bkjXZFRpsE4VGyUN,Mahogany Brown,1998-01-01,9,https://i.scdn.co/image/ab67616d0000b273dab944c2af90e80484c9f354,https://i.scdn.co/image/ab67616d00001e02dab944c2af90e80484c9f354,6pohviZSNRueSX7uNu63ZX,house,Moodymann
1WuyO8qwthV94n8A4crVss,Silentintroduction,1997-11-14,10,https://i.scdn.co/image/ab67616d0000b27372d1e831b30315d08b1f426b,https://i.scdn.co/image/ab67616d00001e0272d1e831b30315d08b1f426b,6pohviZSNRueSX7uNu63ZX,house,Moodymann
4wTgu0ne0ihggsMbAOGX8x,The Nightlife,2026-04-16,14,https://i.scdn.co/image/ab67616d0000b273e165cd627894b41e6bf30b61,https://i.scdn.co/image/ab67616d00001e02e165cd627894b41e6bf30b61,0XfQBWgzisaS9ltDV9bXAS,house,Honey Dijon
5MUbWieT5aVx5oVtrSgHxG,Saturday Church (Official Concept Album),2025-08-22,14,https://i.scdn.co/image/ab67616d0000b273b51753e3dfac4074ff23fe8c,https://i.scdn.co/image/ab67616d00001e02b51753e3dfac4074ff23fe8c,0XfQBWgzisaS9ltDV9bXAS,house,Honey Dijon
5H5Pm87tI6EAnrtIBVP4Zx,DJ-Kicks: Honey Dijon,2024-10-18,35,https://i.scdn.co/image/ab67616d0000b27373ed70233054aa16a8ad868a,https://i.scdn.co/image/ab67616d00001e0273ed70233054aa16a8ad868a,0XfQBWgzisaS9ltDV9bXAS,house,Honey Dijon
56ZBvhPkeFevZQw90wvxxb,Black Girl Magic,2022-11-18,15,https://i.scdn.co/image/ab67616d0000b273b3a71b16a78774a3ea0c1b6d,https://i.scdn.co/image/ab67616d00001e02b3a71b16a78774a3ea0c1b6d,0XfQBWgzisaS9ltDV9bXAS,house,Honey Dijon
56NHcZykLVLJHbY9ykFDCn,Xtra,2015-07-24,10,https://i.scdn.co/image/ab67616d0000b27356a8018c97970e4cd47b1306,https://i.scdn.co/image/ab67616d00001e0256a8018c97970e4cd47b1306,0XfQBWgzisaS9ltDV9bXAS,house,Honey Dijon
2qK28g0LdsGf7afK8mpCWR,"Sounds Of InStereo, Vol. 3",2013-02-04,17,https://i.scdn.co/image/ab67616d0000b273ba4ca3950eab307173062520,https://i.scdn.co/image/ab67616d00001e02ba4ca3950eab307173062520,0XfQBWgzisaS9ltDV9bXAS,house,Honey Dijon
6oAgMaHIaXyc53YbOQjsAk,Classic Through The Eyes Of: Honey Dijon,2011-04-24,16,https://i.scdn.co/image/ab67616d0000b27381af17e6bbc36dd6cc9e4c58,https://i.scdn.co/image/ab67616d00001e0281af17e6bbc36dd6cc9e4c58,0XfQBWgzisaS9ltDV9bXAS,house,Honey Dijon
1GWWErA3u49ANQoGygvziN,Freakout/Release,2022-08-19,11,https://i.scdn.co/image/ab67616d0000b273b12b09b40d7453636a8f90ed,https://i.scdn.co/image/ab67616d00001e02b12b09b40d7453636a8f90ed,37uLId6Z5ZXCx19vuruvv5,house,Hot Chip
3KUOz8dca2NkXlS3EYbz2R,Late Night Tales: Hot Chip,2020-10-01,19,https://i.scdn.co/image/ab67616d0000b2734488cfd236337ba55581fd77,https://i.scdn.co/image/ab67616d00001e024488cfd236337ba55581fd77,37uLId6Z5ZXCx19vuruvv5,house,Hot Chip
6lkUImwpLYQnkiygVaMoAJ,A Bath Full of Ecstasy,2019-06-21,12,https://i.scdn.co/image/ab67616d0000b273d52d55bb5ed4cf7e4ec81608,https://i.scdn.co/image/ab67616d00001e02d52d55bb5ed4cf7e4ec81608,37uLId6Z5ZXCx19vuruvv5,house,Hot Chip
5ElGAbiAyHGigp2K1wTmrN,A Bath Full of Ecstasy (Remixes),2019-06-14,17,https://i.scdn.co/image/ab67616d0000b2731b1d2fe5aacf2f0225c9c035,https://i.scdn.co/image/ab67616d00001e021b1d2fe5aacf2f0225c9c035,37uLId6Z5ZXCx19vuruvv5,house,Hot Chip
1ID4yRgxYUutcLKzYDcln4,Why Make Sense? (Definitive Version),2015-10-23,18,https://i.scdn.co/image/ab67616d0000b273ba3ea319042c577b8889bc1e,https://i.scdn.co/image/ab67616d00001e02ba3ea319042c577b8889bc1e,37uLId6Z5ZXCx19vuruvv5,house,Hot Chip
2nCWkh4rEFAB6wl82PIHJF,In Our Heads (Expanded Edition),2012-11-19,23,https://i.scdn.co/image/ab67616d0000b273746be96a5536918a8711d590,https://i.scdn.co/image/ab67616d00001e02746be96a5536918a8711d590,37uLId6Z5ZXCx19vuruvv5,house,Hot Chip
5GDNKEug3ME9sCAtCU0vu7,In Our Heads,2012-06-11,11,https://i.scdn.co/image/ab67616d0000b273474db174f8ac87fa788fb019,https://i.scdn.co/image/ab67616d00001e02474db174f8ac87fa788fb019,37uLId6Z5ZXCx19vuruvv5,house,Hot Chip
4g9B6VXmdHhmqYhVHIXsbc,One Life Stand,2010-02-01,10,https://i.scdn.co/image/ab67616d0000b273ed717b9fe8ead59ec2f2e600,https://i.scdn.co/image/ab67616d00001e02ed717b9fe8ead59ec2f2e600,37uLId6Z5ZXCx19vuruvv5,house,Hot Chip
2fZWcwbfKryf2d24wQ4LXQ,Made In The Dark,2008-01-21,13,https://i.scdn.co/image/ab67616d0000b273e2b82066b6e43424650667bd,https://i.scdn.co/image/ab67616d00001e02e2b82066b6e43424650667bd,37uLId6Z5ZXCx19vuruvv5,house,Hot Chip
25wuY7cXE8zjFnJRiU1ehS,The Warning,2006-05-22,12,https://i.scdn.co/image/ab67616d0000b273827991a336e5a5860865921f,https://i.scdn.co/image/ab67616d00001e02827991a336e5a5860865921f,37uLId6Z5ZXCx19vuruvv5,house,Hot Chip
1HP4nD2t6Fvbw8IcVlpfb8,Coming On Strong (Bonus Edition),2005-11-29,15,https://i.scdn.co/image/ab67616d0000b273b2483250bd4ea4d430766573,https://i.scdn.co/image/ab67616d00001e02b2483250bd4ea4d430766573,37uLId6Z5ZXCx19vuruvv5,house,Hot Chip
3evpiOF50C9oUKB83wtTvY,Connecting The Dots (DJ Mix),2021-03-12,17,https://i.scdn.co/image/ab67616d0000b273c2fe42262a6ec1a1ffca4962,https://i.scdn.co/image/ab67616d00001e02c2fe42262a6ec1a1ffca4962,47UDvjDVedKddLfGWk3keI,house,Robag Wruhme
0hUboecvlTrD0goMcxNtrB,Wuzzelbud FF,2018-09-07,9,https://i.scdn.co/image/ab67616d0000b27397bcebc844757b96f053a521,https://i.scdn.co/image/ab67616d00001e0297bcebc844757b96f053a521,47UDvjDVedKddLfGWk3keI,house,Robag Wruhme
7lomQo7AC3vEFtMiSVUYW3,Venq Tolep,2017,11,https://i.scdn.co/image/ab67616d0000b273a5a15f3ea9f6de89b803a3fc,https://i.scdn.co/image/ab67616d00001e02a5a15f3ea9f6de89b803a3fc,47UDvjDVedKddLfGWk3keI,house,Robag Wruhme
0xwLrIUVkdrHSOnirqBdOA,Thora Vukk (Bonus Track Version),2011-04-29,13,https://i.scdn.co/image/ab67616d0000b27340ea65bc575838c4457fef97,https://i.scdn.co/image/ab67616d00001e0240ea65bc575838c4457fef97,47UDvjDVedKddLfGWk3keI,house,Robag Wruhme
3XRr0H4WfSyiRT7EUSsXqX,The Lost Archive 1998 - 2007,2008-04-25,9,https://i.scdn.co/image/ab67616d0000b2734f9c445a7a514684868bf30e,https://i.scdn.co/image/ab67616d00001e024f9c445a7a514684868bf30e,47UDvjDVedKddLfGWk3keI,house,Robag Wruhme
0Zwz9ASQnojGbTmpwSEL8B,Wuzzelbud KK,2004,9,https://i.scdn.co/image/ab67616d0000b273900073654df0b7b6467c1ff0,https://i.scdn.co/image/ab67616d00001e02900073654df0b7b6467c1ff0,47UDvjDVedKddLfGWk3keI,house,Robag Wruhme
78TuOr2vxDOIvdfO4ilbzq,All You Can Tweak,2022-12-02,7,https://i.scdn.co/image/ab67616d0000b273abb52b886b06f8ec9f70de37,https://i.scdn.co/image/ab67616d00001e02abb52b886b06f8ec9f70de37,3hwmrS8MSceZwnZYvZFf97,house,Move D
7ubuSieepJGE1GUGHhO3Xi,Let's Call It A Day,2020-02-14,7,https://i.scdn.co/image/ab67616d0000b2731e71a983a4d5dd1f739988d2,https://i.scdn.co/image/ab67616d00001e021e71a983a4d5dd1f739988d2,3hwmrS8MSceZwnZYvZFf97,house,Move D
4rI0G1GF1vtMB92jUsUr6U,Building Bridges (DJ Mix),2019-07-12,9,https://i.scdn.co/image/ab67616d0000b273f4becdb2ba2747a12c3a76b5,https://i.scdn.co/image/ab67616d00001e02f4becdb2ba2747a12c3a76b5,3hwmrS8MSceZwnZYvZFf97,house,Move D
6VI3eN7s8hzQXk5sUM8gvh,Kunststoff (Remastered),2019-01-18,12,https://i.scdn.co/image/ab67616d0000b273b4f7a958cf2849634228d2af,https://i.scdn.co/image/ab67616d00001e02b4f7a958cf2849634228d2af,3hwmrS8MSceZwnZYvZFf97,house,Move D
1QYeqpTSGwPXyExRImZsqo,Work,2018-01-26,7,https://i.scdn.co/image/ab67616d0000b2734f9944bdcca833de886804f3,https://i.scdn.co/image/ab67616d00001e024f9944bdcca833de886804f3,3hwmrS8MSceZwnZYvZFf97,house,Move D
09FO1gHwgtZn6HOePMLWsr,Move D & DJ Jus-Ed Brother's,2015-04-01,4,https://i.scdn.co/image/ab67616d0000b27358cf457ab2ce2bbb9504ce7d,https://i.scdn.co/image/ab67616d00001e0258cf457ab2ce2bbb9504ce7d,3hwmrS8MSceZwnZYvZFf97,house,Move D
462OQfZJK25B1SAE9jOuv3,Kunststoff,2006-11-07,12,https://i.scdn.co/image/ab67616d0000b2739b844ad062c622ca7c3c0e97,https://i.scdn.co/image/ab67616d00001e029b844ad062c622ca7c3c0e97,3hwmrS8MSceZwnZYvZFf97,house,Move D
2tiE4dyEl6oDQmGX2U6P7o,Joey Negro presents 30 Years of Z Records,2020-05-29,43,https://i.scdn.co/image/ab67616d0000b273e123a4541130caeadd489aaf,https://i.scdn.co/image/ab67616d00001e02e123a4541130caeadd489aaf,4lxMXxZW5ZWKrtBlMOIUuY,house,Joey Negro
0F5b4AjBc5x2kIwWNqcEiU,Joey Negro presents Ibiza 2019,2019-07-26,28,https://i.scdn.co/image/ab67616d0000b2732179da2872c024b8d857944f,https://i.scdn.co/image/ab67616d00001e022179da2872c024b8d857944f,4lxMXxZW5ZWKrtBlMOIUuY,house,Joey Negro
2jYydGPuQfgfeMnpZM4r6e,Joey Negro presents Put Some Disco in the House,2019-06-21,24,https://i.scdn.co/image/ab67616d0000b2733b6588984d4b2bd95747592e,https://i.scdn.co/image/ab67616d00001e023b6588984d4b2bd95747592e,4lxMXxZW5ZWKrtBlMOIUuY,house,Joey Negro
33po06WFZ2nUJWQmirk2hp,Doug's Disco Brain (Expanded Edition),2019-05-03,32,https://i.scdn.co/image/ab67616d0000b27372dc95ad242c69bbb36aada0,https://i.scdn.co/image/ab67616d00001e0272dc95ad242c69bbb36aada0,4lxMXxZW5ZWKrtBlMOIUuY,house,Joey Negro
0W78sKknDGp66B2Y0Bfpva,Remixed With Love by Joey Negro Vol.3 (Streaming Edition),2018-11-30,11,https://i.scdn.co/image/ab67616d0000b273d86ce47f0cbf35e547c0983e,https://i.scdn.co/image/ab67616d00001e02d86ce47f0cbf35e547c0983e,4lxMXxZW5ZWKrtBlMOIUuY,house,Joey Negro
4uIwRds3EZkNLzDG936Sgw,Joey Negro presents Ibiza 2018,2018-08-10,22,https://i.scdn.co/image/ab67616d0000b27347ef4edde908b00aff031a93,https://i.scdn.co/image/ab67616d00001e0247ef4edde908b00aff031a93,4lxMXxZW5ZWKrtBlMOIUuY,house,Joey Negro
0NWxgffq8PC7QWmtyWlYYn,Produced With Love,2017-07-14,19,https://i.scdn.co/image/ab67616d0000b273c368bc857c5afb503e6e7c75,https://i.scdn.co/image/ab67616d00001e02c368bc857c5afb503e6e7c75,4lxMXxZW5ZWKrtBlMOIUuY,house,Joey Negro
5knDzIdZe7WBEtr3kBL9OY,90's House & Garage compiled by Joey Negro,2015-06-29,22,https://i.scdn.co/image/ab67616d0000b2734ecab6fe25de270f3576cb10,https://i.scdn.co/image/ab67616d00001e024ecab6fe25de270f3576cb10,4lxMXxZW5ZWKrtBlMOIUuY,house,Joey Negro
1cJTfko0SGCCHftnKMUEHU,Italo House compiled by Joey Negro,2014-06-02,13,https://i.scdn.co/image/ab67616d0000b27353d97a1fbb31b16db074a6cd,https://i.scdn.co/image/ab67616d00001e0253d97a1fbb31b16db074a6cd,4lxMXxZW5ZWKrtBlMOIUuY,house,Joey Negro
2JXFUk7nWm2gRGqtylUlOr,Remixed with Love by Joey Negro,2013-11-11,16,https://i.scdn.co/image/ab67616d0000b2730e5adde0af97cfe18175e2f5,https://i.scdn.co/image/ab67616d00001e020e5adde0af97cfe18175e2f5,4lxMXxZW5ZWKrtBlMOIUuY,house,Joey Negro
28CPrbvfZEuCUM4m18pITE,Joey Negro Presents on a Soulful Tip Vol.2,2013-06-10,19,https://i.scdn.co/image/ab67616d0000b273235acf3b3801e8c0868e694b,https://i.scdn.co/image/ab67616d00001e02235acf3b3801e8c0868e694b,4lxMXxZW5ZWKrtBlMOIUuY,house,Joey Negro
7vd3wsbnHiZ2gESe1Hv7Vx,The Mystery of Mistura,2012-11-19,19,https://i.scdn.co/image/ab67616d0000b273e8ed55b0f46f35c33f319e74,https://i.scdn.co/image/ab67616d00001e02e8ed55b0f46f35c33f319e74,4lxMXxZW5ZWKrtBlMOIUuY,house,Joey Negro
5dJSo19UkHJb3VbsxEYuPb,The Secret Life of Us,2012-07-16,15,https://i.scdn.co/image/ab67616d0000b273dc3db2b3462371c99543eb94,https://i.scdn.co/image/ab67616d00001e02dc3db2b3462371c99543eb94,4lxMXxZW5ZWKrtBlMOIUuY,house,Joey Negro
4ZzeUKeLIE67Ls2hlh5OqY,Joey Negro presents Nu Disco Daze & Re-Edit Nights,2012-06-18,18,https://i.scdn.co/image/ab67616d0000b27314e5e461458a40703b7b5949,https://i.scdn.co/image/ab67616d00001e0214e5e461458a40703b7b5949,4lxMXxZW5ZWKrtBlMOIUuY,house,Joey Negro
30WEX6wMcnd8YEn9sqNCYx,Joey Negro Presents Old Skool Flavas,2010-11-18,15,https://i.scdn.co/image/ab67616d0000b273dffcdd7cb36e49e40b4d8b68,https://i.scdn.co/image/ab67616d00001e02dffcdd7cb36e49e40b4d8b68,4lxMXxZW5ZWKrtBlMOIUuY,house,Joey Negro
22jBLZ3vPKcUyK9JbzXFo7,YEBO,2025-11-07,7,https://i.scdn.co/image/ab67616d0000b27312a333a62cf1a898ce04218a,https://i.scdn.co/image/ab67616d00001e0212a333a62cf1a898ce04218a,3ebS2RuCq8QeLyndUDmgB5,house,WizTheMc
4NhudMfmg58he4XRVDAahd,Where Silence Feels Good (Deluxe),2022-06-17,10,https://i.scdn.co/image/ab67616d0000b2733f406876a091cad87d44d467,https://i.scdn.co/image/ab67616d00001e023f406876a091cad87d44d467,3ebS2RuCq8QeLyndUDmgB5,house,WizTheMc
1zZtWZtxj8aOb8ZnpMesgL,Where Silence Feels Good,2022-02-04,7,https://i.scdn.co/image/ab67616d0000b27322744a54ca671cb9c4a17a18,https://i.scdn.co/image/ab67616d00001e0222744a54ca671cb9c4a17a18,3ebS2RuCq8QeLyndUDmgB5,house,WizTheMc
0NGdDP6g2GKJGwsI4qetQi,Growing Teeth,2020-01-31,10,https://i.scdn.co/image/ab67616d0000b27334a5422580f1ebf9431ada32,https://i.scdn.co/image/ab67616d00001e0234a5422580f1ebf9431ada32,3ebS2RuCq8QeLyndUDmgB5,house,WizTheMc
495XmSceYgaGVwy2GWAaip,Blessings in Disguise,2018-11-11,7,https://i.scdn.co/image/ab67616d0000b273b92b5333240db4cdc9c44512,https://i.scdn.co/image/ab67616d00001e02b92b5333240db4cdc9c44512,3ebS2RuCq8QeLyndUDmgB5,house,WizTheMc
5lpIKWhh72yzCLdv56h0ax,Backin Toronto,2018-08-01,9,https://i.scdn.co/image/ab67616d0000b2738e47f3ef58bb1574d7d5a140,https://i.scdn.co/image/ab67616d00001e028e47f3ef58bb1574d7d5a140,3ebS2RuCq8QeLyndUDmgB5,house,WizTheMc
3NPldUcns2BNs2NZy2ThPS,Send Return,2021-11-12,12,https://i.scdn.co/image/ab67616d0000b27365c5623419db104d3b4586b2,https://i.scdn.co/image/ab67616d00001e0265c5623419db104d3b4586b2,26WKgv73kRHD0gEDKD1i8j,house,Keinemusik
6MJk0mLIeBohyPzqetOHHv,You Are Safe,2017-11-24,10,https://i.scdn.co/image/ab67616d0000b273b95976647c5fdff69e4985b3,https://i.scdn.co/image/ab67616d00001e02b95976647c5fdff69e4985b3,26WKgv73kRHD0gEDKD1i8j,house,Keinemusik
5hBLIA2KYKkHLJWWS1K1tq,TO MAKE PEOPLE HAPPY,2026-01-16,15,https://i.scdn.co/image/ab67616d0000b273305264d491056391af52cbd2,https://i.scdn.co/image/ab67616d00001e02305264d491056391af52cbd2,5oJvmyeWzyeahRtjup3Oys,house,AVAION
3Ab4BR06hO8qx1NCZ1seog,Selfreflection,2024-04-19,15,https://i.scdn.co/image/ab67616d0000b273f55ab25f05fb3c77b8aad359,https://i.scdn.co/image/ab67616d00001e02f55ab25f05fb3c77b8aad359,5oJvmyeWzyeahRtjup3Oys,house,AVAION
2xZSrcBmvMw9Y8hac6xU7L,Blue,2018-11-09,15,https://i.scdn.co/image/ab67616d0000b2735b6bcc59c3562a6f362344c6,https://i.scdn.co/image/ab67616d00001e025b6bcc59c3562a6f362344c6,1HBjj22wzbscIZ9sEb5dyf,house,Jonas Blue
