album_id,genre,artist_id,cover_path
7HLGYNYqyG21iG7thutG2N,jazz,2ZvrvbQNrHKwjT7qfGFFUW,data/covers/jazz/Herbie_Hancock_7HLGYNYqyG21iG7thutG2N.jpg
68NmQ5XgjHsKYcJZJKkvSp,indie_rock,2cCUtGK9sDU2EoElnk0GNB,data/covers/indie_rock/The_National_68NmQ5XgjHsKYcJZJKkvSp.jpg
0ncpKwYq9C3tXxDWPpdvId,metal,1Yox196W7bzVNZI7RBaPnf,data/covers/metal/Megadeth_0ncpKwYq9C3tXxDWPpdvId.jpg
3hL5hv0P0B0jK8T9XPadVR,indie_rock,0SwO7SWeDHJijQ3XNS7xEE,data/covers/indie_rock/MGMT_3hL5hv0P0B0jK8T9XPadVR.jpg
3TA3E97eUt04OgXrZwRmYr,jazz,3rxeQlsv0Sc2nyYaZ5W71T,data/covers/jazz/Chet_Baker_3TA3E97eUt04OgXrZwRmYr.jpg
5QkB4WOse1gOPojs9jZRYE,house,3qMRvSHJpaRjGDkIeNMoGz,data/covers/house/Theo_Parrish_5QkB4WOse1gOPojs9jZRYE.jpg
4PIVdqvL1Rc7T7Vfsr8n8Q,alternative_rock,6Ghvu1VvMGScGpOUJBAHNH,data/covers/alternative_rock/Deftones_4PIVdqvL1Rc7T7Vfsr8n8Q.jpg
1uxzaoVDhJ2V88RpGMo0hm,techno,3AhwIUus3pIaA3CvYBEtpy,data/covers/techno/Richie_Hawtin_1uxzaoVDhJ2V88RpGMo0hm.jpg
44MTd2OAtSYY63DCcQ7P8n,metal,1IQ2e1buppatiN1bxUVkrk,data/covers/metal/Slayer_44MTd2OAtSYY63DCcQ7P8n.jpg
61EukiCvHkfOWHaM8hglJx,metal,1DFr97A9HnbV3SKTJFu62M,data/covers/metal/Motorhead_61EukiCvHkfOWHaM8hglJx.jpg
5QxFTj8ar3blXVyVEo2rxD,alternative_rock,0L8ExT028jH3ddEcZwqJJ5,data/covers/alternative_rock/Red_Hot_Chili_Peppers_5QxFTj8ar3blXVyVEo2rxD.jpg
2ye0gy2WANRQueqM0R3j5R,alternative_rock,5UqTO8smerMvxHYA5xsXb6,data/covers/alternative_rock/Sonic_Youth_2ye0gy2WANRQueqM0R3j5R.jpg
09OABBoUoHmbi3IyFLplTy,metal,2tRsMl4eGxwoNabM08Dm4I,data/covers/metal/Judas_Priest_09OABBoUoHmbi3IyFLplTy.jpg
6qPG09ioBMVTcgJSZpuCY8,reggae,6UL7BodGc5iVmQGlMwHR0g,data/covers/reggae/Steel_Pulse_6qPG09ioBMVTcgJSZpuCY8.jpg
5VndZ1dWP9h0mmUl1Pslq4,indie_rock,2cCUtGK9sDU2EoElnk0GNB,data/covers/indie_rock/The_National_5VndZ1dWP9h0mmUl1Pslq4.jpg
3HvgNs3UlPTLN6qliUzjUM,jazz,7G1GBhoKtEPnP86X2PvEYO,data/covers/jazz/Nina_Simone_3HvgNs3UlPTLN6qliUzjUM.jpg
1cJEPzLBLME22ZUra16HT2,alternative_rock,1w5Kfo2jwwIPruYS2UWh56,data/covers/alternative_rock/Pearl_Jam_1cJEPzLBLME22ZUra16HT2.jpg
62DAjtiLu0pyFbg3yuuuVk,reggae,4wLAjfeqAsV66AocWNcowA,data/covers/reggae/Buju_Banton_62DAjtiLu0pyFbg3yuuuVk.jpg
10QkV4igUtGyn58gFBlaus,techno,15e0X6NuMsVuHi7AZhcfyI,data/covers/techno/James_Holden_10QkV4igUtGyn58gFBlaus.jpg
5XbiFk3DRytyQMmo9Pe6dd,jazz,5V0MlUE1Bft0mbLlND7FJz,data/covers/jazz/Ella_Fitzgerald_5XbiFk3DRytyQMmo9Pe6dd.jpg
0xke1tY83AFrPMThWW2pMI,classical,7jzR5qj8vFnSu5JHaXgFEr,data/covers/classical/Jean_Sibelius_0xke1tY83AFrPMThWW2pMI.jpg
472z2qcBZCmOIvI3puVMHt,country,7wCjDgV6nqBsHguQXPAaIM,data/covers/country/Waylon_Jennings_472z2qcBZCmOIvI3puVMHt.jpg
4lA6sBkX6kxj6aoHBqd6eY,metal,1DFr97A9HnbV3SKTJFu62M,data/covers/metal/Motorhead_4lA6sBkX6kxj6aoHBqd6eY.jpg
3qbhtPyjH2S12Bl6TRj8Pz,reggae,0UmBaQJflaHddKtf1lrA6F,data/covers/reggae/Dennis_Brown_3qbhtPyjH2S12Bl6TRj8Pz.jpg
79ONNoS4M9tfIA1mYLBYVX,hiphop,2YZyLoL8N0Wb9xBt1NhZWg,data/covers/hiphop/Kendrick_Lamar_79ONNoS4M9tfIA1mYLBYVX.jpg
6tsFq3BlBu1BO8oPzBCdQy,classical,4Fw8f0YbjBs9suGEwInPJe,data/covers/classical/Heinrich_Schutz_6tsFq3BlBu1BO8oPzBCdQy.jpg
4u9sbRKOBBNjZYOE9fMYRz,house,6TshTCYwh9ySzOO6Jy4Ux2,data/covers/house/Maya_Jane_Coles_4u9sbRKOBBNjZYOE9fMYRz.jpg
2f1Gx9npTw9Cy6YVXpvEZZ,indie_rock,5hAhrnb0Ch4ODwWu4tsbpi,data/covers/indie_rock/Yo_La_Tengo_2f1Gx9npTw9Cy6YVXpvEZZ.jpg
3n0Rai2wkPIKr2CsfRkaNg,jazz,0kbYTNQb4Pb1rPbbaF0pT4,data/covers/jazz/Miles_Davis_3n0Rai2wkPIKr2CsfRkaNg.jpg
26e3IXitLWGcH0UrcAbW08,metal,0GDGKpJFhVpcjIGF8N6Ewt,data/covers/metal/Gojira_26e3IXitLWGcH0UrcAbW08.jpg
4iwdNpYgW4MwnJ3q1JZ88U,hiphop,4LLpKhyESsyAXpc4laK94U,data/covers/hiphop/Mac_Miller_4iwdNpYgW4MwnJ3q1JZ88U.jpg
6NAU01DHEdx0vyioca0Pcs,reggae,3rJ3m1tM6vUgiWLjfV8sRf,data/covers/reggae/Jimmy_Cliff_6NAU01DHEdx0vyioca0Pcs.jpg
5GhuEhtcdF4my2ELUBiwe0,techno,5akVqMzdZOdbMYbE4vNZWD,data/covers/techno/Plaid_5GhuEhtcdF4my2ELUBiwe0.jpg
3ZJErwtxUtDkPlhrrSAw0R,house,1gR0gsQYfi6joyO1dlp76N,data/covers/house/Justice_3ZJErwtxUtDkPlhrrSAw0R.jpg
1F2IsoplT2In1XcJIh7fv4,classical,7ie36YytMoKtPiL7tUvmoE,data/covers/classical/Igor_Stravinsky_1F2IsoplT2In1XcJIh7fv4.jpg
1zZ2mFxHHq3JRtW6Mzuhht,metal,6JW8wliOEwaDZ231ZY7cf4,data/covers/metal/Sepultura_1zZ2mFxHHq3JRtW6Mzuhht.jpg
3HFbH1loOUbqCyPsLuHLLh,indie_rock,0epOFNiUfyON9EYx7Tpr6V,data/covers/indie_rock/The_Strokes_3HFbH1loOUbqCyPsLuHLLh.jpg
7clzFRxJTllyZ3P82v4HLs,indie_rock,2Jv5eshHtLycR6R8KQCdc4,data/covers/indie_rock/Grizzly_Bear_7clzFRxJTllyZ3P82v4HLs.jpg
4zmyvh4mDBSA9Clw1oAn0a,classical,34MYamymtmnsmpwbqydd7I,data/covers/classical/Alexander_Borodin_4zmyvh4mDBSA9Clw1oAn0a.jpg
0fLhefnjlIV3pGNF9Wo8CD,alternative_rock,0L8ExT028jH3ddEcZwqJJ5,data/covers/alternative_rock/Red_Hot_Chili_Peppers_0fLhefnjlIV3pGNF9Wo8CD.jpg
6MVsBi4m5eAzfjb6C3JKwp,hiphop,55Aa2cqylxrFIXC767Z865,data/covers/hiphop/Lil_Wayne_6MVsBi4m5eAzfjb6C3JKwp.jpg
7s3W1TD1FQdVB26ouB1LGp,country,32vWCbZh0xZ4o9gkz4PsEU,data/covers/country/Dolly_Parton_7s3W1TD1FQdVB26ouB1LGp.jpg
5criweFcDEpgMJBOVSu9FE,metal,1IQ2e1buppatiN1bxUVkrk,data/covers/metal/Slayer_5criweFcDEpgMJBOVSu9FE.jpg
52BnQI4wOSP6ld9FxYs1uX,jazz,0kbYTNQb4Pb1rPbbaF0pT4,data/covers/jazz/Miles_Davis_52BnQI4wOSP6ld9FxYs1uX.jpg
3rHJQrfEcBeSaLPuLwKR6F,alternative_rock,0L8ExT028jH3ddEcZwqJJ5,data/covers/alternative_rock/Red_Hot_Chili_Peppers_3rHJQrfEcBeSaLPuLwKR6F.jpg
2JXFUk7nWm2gRGqtylUlOr,house,4lxMXxZW5ZWKrtBlMOIUuY,data/covers/house/Joey_Negro_2JXFUk7nWm2gRGqtylUlOr.jpg
7MEY24jBSYdNHh5XezNWUH,jazz,2ZvrvbQNrHKwjT7qfGFFUW,data/covers/jazz/Herbie_Hancock_7MEY24jBSYdNHh5XezNWUH.jpg
2wrszSz0rtoYQPdxkjarub,jazz,2ZvrvbQNrHKwjT7qfGFFUW,data/covers/jazz/Herbie_Hancock_2wrszSz0rtoYQPdxkjarub.jpg
2GN3F82VrbC1utphqguUQM,jazz,4gBdaOEelc50MG1QmlACtu,data/covers/jazz/Manfred_Schoof_2GN3F82VrbC1utphqguUQM.jpg
57apvylA19gxAHj6viFQTq,reggae,5WcGRaGsl0b9sul7jVdDgc,data/covers/reggae/Don_Carlos_57apvylA19gxAHj6viFQTq.jpg
16qDEYZmrUkqTLkV5m9Rpo,alternative_rock,5xUf6j4upBrXZPg6AI4MRK,data/covers/alternative_rock/Soundgarden_16qDEYZmrUkqTLkV5m9Rpo.jpg
2NhQapO6mTOWbip0fvru36,house,6pohviZSNRueSX7uNu63ZX,data/covers/house/Moodymann_2NhQapO6mTOWbip0fvru36.jpg
0sYsti82VA37zLESxDYVsm,metal,5HFkc3t0HYETL4JeEbDB1v,data/covers/metal/Powerwolf_0sYsti82VA37zLESxDYVsm.jpg
2ITVvrNiINKRiW7wA3w6w6,alternative_rock,0L8ExT028jH3ddEcZwqJJ5,data/covers/alternative_rock/Red_Hot_Chili_Peppers_2ITVvrNiINKRiW7wA3w6w6.jpg
7eRaghOLqHSdBOqiF0viPU,techno,5akVqMzdZOdbMYbE4vNZWD,data/covers/techno/Plaid_7eRaghOLqHSdBOqiF0viPU.jpg
6w3NKI4i5i47iMRR5tOd8W,classical,2QOIawHpSlOwXDvSqQ9YJR,data/covers/classical/Antonio_Vivaldi_6w3NKI4i5i47iMRR5tOd8W.jpg
18NOKLkZETa4sWwLMIm0UZ,hiphop,0Y5tJX1MQlPlqiwlOH1tJY,data/covers/hiphop/Travis_Scott_18NOKLkZETa4sWwLMIm0UZ.jpg
42WVQWuf1teDysXiOupIZt,hiphop,0Y5tJX1MQlPlqiwlOH1tJY,data/covers/hiphop/Travis_Scott_42WVQWuf1teDysXiOupIZt.jpg
0G3puZwdd9nNpaNyPSxvH3,metal,2ye2Wgw4gimLv2eAKyk1NB,data/covers/metal/Metallica_0G3puZwdd9nNpaNyPSxvH3.jpg
6oAgMaHIaXyc53YbOQjsAk,house,0XfQBWgzisaS9ltDV9bXAS,data/covers/house/Honey_Dijon_6oAgMaHIaXyc53YbOQjsAk.jpg
5DV2liMHX5AqtiLqy3Qu1b,hiphop,7dGJo4pcD2V6oG8kP0tJRR,data/covers/hiphop/Eminem_5DV2liMHX5AqtiLqy3Qu1b.jpg
0IAAy7IDTqdCpydFNKpulW,techno,3csPCeXsj2wezyvkRFzvmV,data/covers/techno/Orbital_0IAAy7IDTqdCpydFNKpulW.jpg
4J79cxsmRqZbI0BKmNFDy2,metal,0GDGKpJFhVpcjIGF8N6Ewt,data/covers/metal/Gojira_4J79cxsmRqZbI0BKmNFDy2.jpg
0VT3fAM04jB3nCR3rLuYCk,reggae,6qfKnsgz1CwyqA7lTdieRJ,data/covers/reggae/Third_World_0VT3fAM04jB3nCR3rLuYCk.jpg
4KzJG9VVC0zxlZrRqJTCvE,hiphop,7hJcb9fa4alzcOq3EaNPoG,data/covers/hiphop/Snoop_Dogg_4KzJG9VVC0zxlZrRqJTCvE.jpg
65X4N0kyi2BEk2YR0ndoAz,alternative_rock,6zvul52xwTWzilBZl6BUbT,data/covers/alternative_rock/Pixies_65X4N0kyi2BEk2YR0ndoAz.jpg
1oCU3XEcD1tALBijP2s6rU,classical,4Fw8f0YbjBs9suGEwInPJe,data/covers/classical/Heinrich_Schutz_1oCU3XEcD1tALBijP2s6rU.jpg
0FMCahFjaoqI2tnwljAfsj,metal,57ylwQTnFnIhJh4nu4rxCs,data/covers/metal/In_Flames_0FMCahFjaoqI2tnwljAfsj.jpg
4EYiaCimOb1Li1bnb7ppi6,alternative_rock,2DaxqgrOhkeH0fpeiQq2f4,data/covers/alternative_rock/Oasis_4EYiaCimOb1Li1bnb7ppi6.jpg
7b4ggFp9Fue3m5V8RiQpEg,classical,7ie36YytMoKtPiL7tUvmoE,data/covers/classical/Dmitri_Shostakovich_7b4ggFp9Fue3m5V8RiQpEg.jpg
7btVAQanOFqtRyLdvN0DJn,alternative_rock,6RZUqkomCmb8zCRqc9eznB,data/covers/alternative_rock/Placebo_7btVAQanOFqtRyLdvN0DJn.jpg
6wJmGkRnXiWqhjJmBwUbFe,metal,7954VFaZClkL503srfV5PE,data/covers/metal/Running_Wild_6wJmGkRnXiWqhjJmBwUbFe.jpg
0F4ob5tWXCsooq9qO2w2M3,metal,1DFr97A9HnbV3SKTJFu62M,data/covers/metal/Motorhead_0F4ob5tWXCsooq9qO2w2M3.jpg
3hy49YlLtUfF4rc6GRsZsv,techno,5TQaBSTOSypp7S4jfSnN3F,data/covers/techno/Sven_Vath_3hy49YlLtUfF4rc6GRsZsv.jpg
1yYaCS2P8FOUFU9PAwwrC3,country,5W5bDNCqJ1jbCgTxDD0Cb3,data/covers/country/Willie_Nelson_1yYaCS2P8FOUFU9PAwwrC3.jpg
3gEGOwrpJiE3xH0sGchVpp,jazz,5V0MlUE1Bft0mbLlND7FJz,data/covers/jazz/Ella_Fitzgerald_3gEGOwrpJiE3xH0sGchVpp.jpg
6eofEKbK0VkBVnwpswXjxV,classical,4LXxsm5BF85PWnQ1dUDAze,data/covers/classical/Carl_Orff_6eofEKbK0VkBVnwpswXjxV.jpg
1jCiSdR5gLnUuhiBadG2ln,country,2ptmyXoL7poH6Zq62h1QT9,data/covers/country/Merle_Haggard_1jCiSdR5gLnUuhiBadG2ln.jpg
33c7lqBSgzu6rGmSOe4pgI,metal,1IQ2e1buppatiN1bxUVkrk,data/covers/metal/Slayer_33c7lqBSgzu6rGmSOe4pgI.jpg
60g26elZ1WbA4abG7HvLo7,house,73A3bLnfnz5BoQjb4gNCga,data/covers/house/Bicep_60g26elZ1WbA4abG7HvLo7.jpg
5T5NM01392dvvd4EhGrCnj,alternative_rock,4pejUc4iciQfgdX6OKulQn,data/covers/alternative_rock/Queens_of_the_Stone_Age_5T5NM01392dvvd4EhGrCnj.jpg
4oFADrmxO9OgtG4JYGKyWb,techno,3csPCeXsj2wezyvkRFzvmV,data/covers/techno/Orbital_4oFADrmxO9OgtG4JYGKyWb.jpg
0VEFy5MsBiq0u2lWL0OwOd,alternative_rock,6Ghvu1VvMGScGpOUJBAHNH,data/covers/alternative_rock/Deftones_0VEFy5MsBiq0u2lWL0OwOd.jpg
0PL69l8GUQGSUo5O3rdth7,jazz,5RzjqfPS0Bu4bUMkyNNDpn,data/covers/jazz/Dizzy_Gillespie_0PL69l8GUQGSUo5O3rdth7.jpg
2Q8b957xMjFsFk6PpHfS1O,alternative_rock,5UqTO8smerMvxHYA5xsXb6,data/covers/alternative_rock/Sonic_Youth_2Q8b957xMjFsFk6PpHfS1O.jpg
3bu4WAEITAdnuvAuEmAfrk,techno,2zJJIWKT0LiwdxcwW9RajQ,data/covers/techno/Dax_J_3bu4WAEITAdnuvAuEmAfrk.jpg
6B45HOlYdqBquDWQt0yuAC,house,159cwGtgCzNpyHWY6tzihH,data/covers/house/Milk_and_Sugar_6B45HOlYdqBquDWQt0yuAC.jpg
09FO1gHwgtZn6HOePMLWsr,house,3hwmrS8MSceZwnZYvZFf97,data/covers/house/Move_D_09FO1gHwgtZn6HOePMLWsr.jpg
4G6CaviHBh8uqeKlWvBz6B,reggae,5WcGRaGsl0b9sul7jVdDgc,data/covers/reggae/Don_Carlos_4G6CaviHBh8uqeKlWvBz6B.jpg
0tcLKzf5Rudm66ApoNKpGm,metal,6JW8wliOEwaDZ231ZY7cf4,data/covers/metal/Sepultura_0tcLKzf5Rudm66ApoNKpGm.jpg
7lxHnls3yQNl8B9bILmHj7,country,4YLtscXsxbVgi031ovDDdh,data/covers/country/Chris_Stapleton_7lxHnls3yQNl8B9bILmHj7.jpg
2t8DURavi2zJo21Zn2Qqqh,jazz,63ZJSdxmTX5wWRMoS1C5ph,data/covers/jazz/Joachim_Kuhn_2t8DURavi2zJo21Zn2Qqqh.jpg
0C0Vs4XobImmqpr6kIasde,hiphop,55Aa2cqylxrFIXC767Z865,data/covers/hiphop/Lil_Wayne_0C0Vs4XobImmqpr6kIasde.jpg
4ZTcGoOrNro2aCAStXEjZi,indie_rock,4LG4Bs1Gadht7TCrMytQUO,data/covers/indie_rock/The_Shins_4ZTcGoOrNro2aCAStXEjZi.jpg
4iJyGZY78IklThzV0jOFR5,alternative_rock,5xUf6j4upBrXZPg6AI4MRK,data/covers/alternative_rock/Soundgarden_4iJyGZY78IklThzV0jOFR5.jpg
5971dUyMLcsZa7IBioI7lP,house,4oLeXFyACqeem2VImYeBFe,data/covers/house/Fred_again_5971dUyMLcsZa7IBioI7lP.jpg
3hq11SFFr5N1GiPUkx4xWZ,jazz,3kUKwTJdH8FuWzF8p6Dg9E,data/covers/jazz/Dave_Brubeck_3hq11SFFr5N1GiPUkx4xWZ.jpg
0wFZc2VNIrdZ36ArtG215T,jazz,4PDpGtF16XpqvXxsrFwQnN,data/covers/jazz/Thelonious_Monk_0wFZc2VNIrdZ36ArtG215T.jpg
1IwWcySO6hKQ8dsFVtJfz4,country,5vngPClqofybhPERIqQMYd,data/covers/country/George_Strait_1IwWcySO6hKQ8dsFVtJfz4.jpg
0OOjsSNzKmfzo1j6Z82PNG,house,4mncDFjVLUa3s025Tct3Ry,data/covers/house/Claptone_0OOjsSNzKmfzo1j6Z82PNG.jpg
1U5slaOntcJNUCYvRLOvZO,reggae,3VV18HyGcfLTqNjSjbROA1,data/covers/reggae/Morgan_Heritage_1U5slaOntcJNUCYvRLOvZO.jpg
2Ntry8W6ww31qU0WppsD3a,country,4tw2Lmn9tTPUv7Gy7mVPI4,data/covers/country/Kenny_Rogers_2Ntry8W6ww31qU0WppsD3a.jpg
0um6RKG9p46czmye5nNklI,country,4xFUf1FHVy696Q1JQZMTRj,data/covers/country/Carrie_Underwood_0um6RKG9p46czmye5nNklI.jpg
7sEY94y1wQACVwMgeE62hd,metal,14pVkFUHDL207LzLHtSA18,data/covers/metal/Pantera_7sEY94y1wQACVwMgeE62hd.jpg
3F6RvxPvFpVmClnpYKensf,indie_rock,3XHO7cRUPCLOr6jwp8vsx5,data/covers/indie_rock/Alt-J_3F6RvxPvFpVmClnpYKensf.jpg
58HJaV7TTJcNOsXQEw5rOD,metal,14pVkFUHDL207LzLHtSA18,data/covers/metal/Pantera_58HJaV7TTJcNOsXQEw5rOD.jpg
03v6rfLHA0T383l6yUxMpe,jazz,4PDpGtF16XpqvXxsrFwQnN,data/covers/jazz/Thelonious_Monk_03v6rfLHA0T383l6yUxMpe.jpg
5n192ghquuwEFORZEtNyLg,techno,1PXHzxRDiLnjqNrRn2Xbsa,data/covers/techno/Underworld_5n192ghquuwEFORZEtNyLg.jpg
3ki4l5EPjggXrCv5orIed3,house,0RBnTX5xoVa1bDYt9Qbies,data/covers/house/Floorplan_3ki4l5EPjggXrCv5orIed3.jpg
6w3r74Xeo8op21Hi8sBfyI,jazz,7G1GBhoKtEPnP86X2PvEYO,data/covers/jazz/Nina_Simone_6w3r74Xeo8op21Hi8sBfyI.jpg
43goi7G5yXOoI7bLaowtpy,alternative_rock,4KWTAlx2RvbpseOGMEmROg,data/covers/alternative_rock/REM_43goi7G5yXOoI7bLaowtpy.jpg
2XnWFByM2PbMrMomxdbVzT,metal,5M52tdBnJaKSvOpJGz8mfZ,data/covers/metal/Black_Sabbath_2XnWFByM2PbMrMomxdbVzT.jpg
7lMs8PyOHkAMQd7Zzkmtyv,techno,19SmlbABtI4bXz864MLqOS,data/covers/techno/Carl_Cox_7lMs8PyOHkAMQd7Zzkmtyv.jpg
6TVWu9ENCNIWOEZ7oJi5GQ,jazz,4Ww5mwS7BWYjoZTUIrMHfC,data/covers/jazz/Charlie_Parker_6TVWu9ENCNIWOEZ7oJi5GQ.jpg
6tY8AKZdzFXhbRPbR0gB1K,techno,4mtHSXwIHihO6MWNq5Qoko,data/covers/techno/Squarepusher_6tY8AKZdzFXhbRPbR0gB1K.jpg
14HXTgGZdoukZIb0YlB0iK,classical,4kHtgiRnpmFIV5Tm4BIs8l,data/covers/classical/Sergei_Prokofiev_14HXTgGZdoukZIb0YlB0iK.jpg
3GjjkSZj2zkZt6S2uj7lEs,metal,7jxJ25p0pPjk0MStloN6o6,data/covers/metal/Blind_Guardian_3GjjkSZj2zkZt6S2uj7lEs.jpg
7C64t7mbCspEuu0NcyD8wH,house,5wJK4kQAkVGjqM9x46KQOC,data/covers/house/Solomun_7C64t7mbCspEuu0NcyD8wH.jpg
2BEVdrJb3VVOssqOkbouM7,techno,5zovXI5By2gUhdr7EByjLa,data/covers/techno/Monkey_Safari_2BEVdrJb3VVOssqOkbouM7.jpg
7sN6lCgPf1rbZYmA3edMKv,house,0cmWgDlu9CwTgxPhf403hb,data/covers/house/Bonobo_7sN6lCgPf1rbZYmA3edMKv.jpg
3kjHLu1pL7tdY88GFwEkl6,hiphop,7dGJo4pcD2V6oG8kP0tJRR,data/covers/hiphop/Eminem_3kjHLu1pL7tdY88GFwEkl6.jpg
37z6C0yEkeOzbIYR17kRqg,house,6pohviZSNRueSX7uNu63ZX,data/covers/house/Moodymann_37z6C0yEkeOzbIYR17kRqg.jpg
4EnNuo8fG7dMoxMefbApRY,alternative_rock,7jy3rLJdDQY21OgRLCZ9sD,data/covers/alternative_rock/Foo_Fighters_4EnNuo8fG7dMoxMefbApRY.jpg
2LrXMpljGBLM4MIrTe8qzc,reggae,6QHu71f8LLeT8n0GzfbYFc,data/covers/reggae/Gregory_Isaacs_2LrXMpljGBLM4MIrTe8qzc.jpg
6Fd9edAlRVM07noCsGCEgY,alternative_rock,4KWTAlx2RvbpseOGMEmROg,data/covers/alternative_rock/REM_6Fd9edAlRVM07noCsGCEgY.jpg
2o6keTFEuj0hwU81ispf68,jazz,4F7Q5NV6h5TSwCainz8S5A,data/covers/jazz/Duke_Ellington_2o6keTFEuj0hwU81ispf68.jpg
2QTMMjc4u72JCt3lVRQxjy,country,5vngPClqofybhPERIqQMYd,data/covers/country/George_Strait_2QTMMjc4u72JCt3lVRQxjy.jpg
0P1hdnE62qqoPJZYIZSZn2,indie_rock,3WaJSfKnzc65VDgmj2zU8B,data/covers/indie_rock/Interpol_0P1hdnE62qqoPJZYIZSZn2.jpg
1IVa98im1RfxYp6qeOIg2B,alternative_rock,5xUf6j4upBrXZPg6AI4MRK,data/covers/alternative_rock/Soundgarden_1IVa98im1RfxYp6qeOIg2B.jpg
1Wuce8cKuOB75DTkoeiPSY,classical,2ANtgfhQkKpsW6EYSDqldz,data/covers/classical/Gustav_Mahler_1Wuce8cKuOB75DTkoeiPSY.jpg
52NaVc6LFCFKWofNwDnpMN,reggae,2QsynagSdAqZj3U9HgDzjD,data/covers/reggae/Bob_Marley_and_The_Wailers_52NaVc6LFCFKWofNwDnpMN.jpg
7nOJc1YadkdJXhI9n76LE5,jazz,7G1GBhoKtEPnP86X2PvEYO,data/covers/jazz/Nina_Simone_7nOJc1YadkdJXhI9n76LE5.jpg
3anT3sq943fma4yCM5FhvG,indie_rock,1hzfo8twXdOegF3xireCYs,data/covers/indie_rock/Milky_Chance_3anT3sq943fma4yCM5FhvG.jpg
6ICrBzsbHVluGHP8wGK4Y3,alternative_rock,6olE6TJLqED3rqDCT0FyPh,data/covers/alternative_rock/Nirvana_6ICrBzsbHVluGHP8wGK4Y3.jpg
4vRbGMTJN701hCtl3A3uv2,jazz,0kbYTNQb4Pb1rPbbaF0pT4,data/covers/jazz/Miles_Davis_4vRbGMTJN701hCtl3A3uv2.jpg
1HrMmB5useeZ0F5lHrMvl0,alternative_rock,4Z8W4fKeB5YxbusRsdQVPb,data/covers/alternative_rock/Radiohead_1HrMmB5useeZ0F5lHrMvl0.jpg
0pO6zNCvdKFiDiMMqD1vEn,reggae,0oea1hwGMfUxZbLxJc1XUN,data/covers/reggae/Peter_Tosh_0pO6zNCvdKFiDiMMqD1vEn.jpg
65BW4DrtGI0MgVkg1xDB3d,alternative_rock,5UqTO8smerMvxHYA5xsXb6,data/covers/alternative_rock/Sonic_Youth_65BW4DrtGI0MgVkg1xDB3d.jpg
5LbHbwejgZXRZAgzVAjkhj,alternative_rock,64tNsm6TnZe2zpcMVMOoHL,data/covers/alternative_rock/Alice_in_Chains_5LbHbwejgZXRZAgzVAjkhj.jpg
1gmWnG5TeRj91Tdm2lpEvJ,alternative_rock,6Ghvu1VvMGScGpOUJBAHNH,data/covers/alternative_rock/Deftones_1gmWnG5TeRj91Tdm2lpEvJ.jpg
3XbChOKBtsjQUHtrsYdYs0,country,6kACVPfCOnqzgfEF5ryl0x,data/covers/country/Johnny_Cash_3XbChOKBtsjQUHtrsYdYs0.jpg
6BKZ0V0j3QLAlYyWi5Lp2G,techno,19SmlbABtI4bXz864MLqOS,data/covers/techno/Carl_Cox_6BKZ0V0j3QLAlYyWi5Lp2G.jpg
3Qku7ETlem9cOMrFUar69v,metal,14pVkFUHDL207LzLHtSA18,data/covers/metal/Pantera_3Qku7ETlem9cOMrFUar69v.jpg
7C2NaXDMLdZvJFJkf6OIxe,indie_rock,4EVpmkEwrLYEg6jIsiPMIb,data/covers/indie_rock/Fleet_Foxes_7C2NaXDMLdZvJFJkf6OIxe.jpg
5mGJloHxjO2igmx9XJKAeJ,indie_rock,0SwO7SWeDHJijQ3XNS7xEE,data/covers/indie_rock/MGMT_5mGJloHxjO2igmx9XJKAeJ.jpg
2EDW8OhiHdB2UtE6PCAxZD,hiphop,7hJcb9fa4alzcOq3EaNPoG,data/covers/hiphop/Snoop_Dogg_2EDW8OhiHdB2UtE6PCAxZD.jpg
6ohX7moZZnF1FwYrli1OJ6,alternative_rock,6olE6TJLqED3rqDCT0FyPh,data/covers/alternative_rock/Nirvana_6ohX7moZZnF1FwYrli1OJ6.jpg
4IBQvwIbtDluogvDe2qpaB,alternative_rock,7jy3rLJdDQY21OgRLCZ9sD,data/covers/alternative_rock/Foo_Fighters_4IBQvwIbtDluogvDe2qpaB.jpg
3dxSpSP9H4mzq77wQjHl10,jazz,1YzCsTRb22dQkh9lghPIrp,data/covers/jazz/Billie_Holiday_3dxSpSP9H4mzq77wQjHl10.jpg
1PJtQrmYNraIeTjapfuYcf,metal,3JFsVIxOn7STeilPICkkB2,data/covers/metal/Lamb_of_God_1PJtQrmYNraIeTjapfuYcf.jpg
3BO3qnsrk0GfBjLO1tWJwg,alternative_rock,4KWTAlx2RvbpseOGMEmROg,data/covers/alternative_rock/REM_3BO3qnsrk0GfBjLO1tWJwg.jpg
6IVkf5av5jnraZpLPszoZR,metal,6mdiAmATAx73kdxrNrnlao,data/covers/metal/Iron_Maiden_6IVkf5av5jnraZpLPszoZR.jpg
6E1vIbtD1nOoiQb3YDpIX1,classical,459INk8vcC0ebEef82WjIK,data/covers/classical/Edward_Elgar_6E1vIbtD1nOoiQb3YDpIX1.jpg
5R3xR3mMILWA0spLsm4BPS,reggae,0oea1hwGMfUxZbLxJc1XUN,data/covers/reggae/Peter_Tosh_5R3xR3mMILWA0spLsm4BPS.jpg
3Yhig5cJ0lcAEunDhXzHds,classical,2yzaWNFV3cxmcRZtwtr5WC,data/covers/classical/Clara_Schumann_3Yhig5cJ0lcAEunDhXzHds.jpg
3jHf5zZ8d5MQg03YyfTa2I,house,6pJY5At9SiMpAOBrw9YosS,data/covers/house/Folamour_3jHf5zZ8d5MQg03YyfTa2I.jpg
2AmHSmroi01mQ9yDUqyhuv,reggae,6UL7BodGc5iVmQGlMwHR0g,data/covers/reggae/Steel_Pulse_2AmHSmroi01mQ9yDUqyhuv.jpg
2WsyERRbw8aoxPdJSxYHeH,classical,459INk8vcC0ebEef82WjIK,data/covers/classical/Camille_Saint-Saens_2WsyERRbw8aoxPdJSxYHeH.jpg
7CPhbXAXvokdASYAh0vnpS,techno,3tSvlEzeDnVbQJBTkIA6nO,data/covers/techno/Christian_Loffler_7CPhbXAXvokdASYAh0vnpS.jpg
2eM5XCLaw3gTdfCAqCVE7O,jazz,19eLuQmk9aCobbVDHc6eek,data/covers/jazz/Louis_Armstrong_2eM5XCLaw3gTdfCAqCVE7O.jpg
4TlODo8qn02iNSs2O13asx,techno,1PSylklb2w06BAAHEtepqM,data/covers/techno/Surgeon_4TlODo8qn02iNSs2O13asx.jpg
0HsBuTvi6wWDj66sSbvA4H,hiphop,3nFkdlSjzX9mRTtwJOzDYB,data/covers/hiphop/JAY-Z_0HsBuTvi6wWDj66sSbvA4H.jpg
6PGTJG2ZK0EZUyWBt3GIe5,house,61lyPtntblHJvA7FMMhi7E,data/covers/house/Duke_Dumont_6PGTJG2ZK0EZUyWBt3GIe5.jpg
2QfGdHHkWY0zBlwnMtoj9H,alternative_rock,4KWTAlx2RvbpseOGMEmROg,data/covers/alternative_rock/REM_2QfGdHHkWY0zBlwnMtoj9H.jpg
2bZMttheG65UsRtwVxf8B9,house,3qMRvSHJpaRjGDkIeNMoGz,data/covers/house/Theo_Parrish_2bZMttheG65UsRtwVxf8B9.jpg
41XrkRQLSBThNGddZTKxiN,metal,5HFkc3t0HYETL4JeEbDB1v,data/covers/metal/Powerwolf_41XrkRQLSBThNGddZTKxiN.jpg
08ipn1MH7xqgoqhUbtvCTy,house,6nS5roXSAGhTGr34W6n7Et,data/covers/house/Disclosure_08ipn1MH7xqgoqhUbtvCTy.jpg
0fhmJYVhW0e4i33pCLPA5i,hiphop,6l3HvQ5sa6mXTsMTB19rO5,data/covers/hiphop/J_Cole_0fhmJYVhW0e4i33pCLPA5i.jpg
0z1VoxlXuqbKuXZm3ijbQP,classical,4LXxsm5BF85PWnQ1dUDAze,data/covers/classical/Carl_Orff_0z1VoxlXuqbKuXZm3ijbQP.jpg
37A8OxnuHRRRd8QJcwzEfg,reggae,4wLAjfeqAsV66AocWNcowA,data/covers/reggae/Buju_Banton_37A8OxnuHRRRd8QJcwzEfg.jpg
3gZcCAmhW40i8291oIkD7M,classical,2yzaWNFV3cxmcRZtwtr5WC,data/covers/classical/Clara_Schumann_3gZcCAmhW40i8291oIkD7M.jpg
5sY6UIQ32GqwMLAfSNEaXb,hiphop,4LLpKhyESsyAXpc4laK94U,data/covers/hiphop/Mac_Miller_5sY6UIQ32GqwMLAfSNEaXb.jpg
5kNJYMb1mTyoqKx1tBTt53,country,6roFdX1y5BYSbp60OTJWMd,data/covers/country/Tim_McGraw_5kNJYMb1mTyoqKx1tBTt53.jpg
2Q2TNZbr7SFFTsAoCbB9l2,classical,459INk8vcC0ebEef82WjIK,data/covers/classical/Edward_Elgar_2Q2TNZbr7SFFTsAoCbB9l2.jpg
6OFXDuvyxyla8faVWUvtDp,indie_rock,3WaJSfKnzc65VDgmj2zU8B,data/covers/indie_rock/Interpol_6OFXDuvyxyla8faVWUvtDp.jpg
6oerI6KLeX8ucQ9aibX1oV,jazz,1VEzN9lxvG6KPR3QQGsebR,data/covers/jazz/Sonny_Rollins_6oerI6KLeX8ucQ9aibX1oV.jpg
5LXANyFKc8Mn9Z1rvgTaZf,jazz,1VEzN9lxvG6KPR3QQGsebR,data/covers/jazz/Sonny_Rollins_5LXANyFKc8Mn9Z1rvgTaZf.jpg
2J1sv3XJ64qfSbIUSDmQph,reggae,5keeQyPKYRxUCKDMECTXG3,data/covers/reggae/Black_Uhuru_2J1sv3XJ64qfSbIUSDmQph.jpg
3RYkB0Uv1qOHSdgRySWJd0,indie_rock,2QoU3awHVdcHS8LrZEKvSM,data/covers/indie_rock/Wilco_3RYkB0Uv1qOHSdgRySWJd0.jpg
6rIbwG1uBrefHbnfZvDNJb,techno,3TXQ1ddouwQAI78hV4hXDj,data/covers/techno/Maceo_Plex_6rIbwG1uBrefHbnfZvDNJb.jpg
7EPGJTyG9MQ6gJWANmL4n3,metal,7jxJ25p0pPjk0MStloN6o6,data/covers/metal/Blind_Guardian_7EPGJTyG9MQ6gJWANmL4n3.jpg
0a4MASgg8wxOyUeoOZzuhc,indie_rock,0SwO7SWeDHJijQ3XNS7xEE,data/covers/indie_rock/MGMT_0a4MASgg8wxOyUeoOZzuhc.jpg
0ZnLsQVesK9T51EzJlib25,indie_rock,5hAhrnb0Ch4ODwWu4tsbpi,data/covers/indie_rock/Yo_La_Tengo_0ZnLsQVesK9T51EzJlib25.jpg
65O0PvzOhU8tqxCp00TwXU,jazz,5RzjqfPS0Bu4bUMkyNNDpn,data/covers/jazz/Dizzy_Gillespie_65O0PvzOhU8tqxCp00TwXU.jpg
6FJwU5sRNThNol3w2NDARx,techno,5TQaBSTOSypp7S4jfSnN3F,data/covers/techno/Sven_Vath_6FJwU5sRNThNol3w2NDARx.jpg
1Ysz5RF6nQJHdeEBufgu24,indie_rock,0YrtvWJMgSdVrk3SfNjTbx,data/covers/indie_rock/Death_Cab_for_Cutie_1Ysz5RF6nQJHdeEBufgu24.jpg
1VzmKgEG38fsUBZVe15wuF,metal,1Dvfqq39HxvCJ3GvfeIFuT,data/covers/metal/Mastodon_1VzmKgEG38fsUBZVe15wuF.jpg
1UByqmu9vBqPbwpKvkp3ym,jazz,0kbYTNQb4Pb1rPbbaF0pT4,data/covers/jazz/Miles_Davis_1UByqmu9vBqPbwpKvkp3ym.jpg
1sDKX6ntlEZx62oznlZQci,jazz,63ZJSdxmTX5wWRMoS1C5ph,data/covers/jazz/Joachim_Kuhn_1sDKX6ntlEZx62oznlZQci.jpg
1IwTlARBAG1aVi9uIBmZqm,country,4mxWe1mtYIYfP040G38yvS,data/covers/country/Alan_Jackson_1IwTlARBAG1aVi9uIBmZqm.jpg
3dFuEcl4rdwVFH3CWYgRPJ,country,5vngPClqofybhPERIqQMYd,data/covers/country/George_Strait_3dFuEcl4rdwVFH3CWYgRPJ.jpg
2oRgmBur1mrHAaAUxACkkV,alternative_rock,5FYfIAuN8mV5KgVtugwfc0,data/covers/alternative_rock/Revolverheld_2oRgmBur1mrHAaAUxACkkV.jpg
0sbLrd4onsuXXjd1f8uMzS,house,6wMr4zKPrrR0UVz08WtUWc,data/covers/house/Black_Coffee_0sbLrd4onsuXXjd1f8uMzS.jpg
6ixxTaomYhDBVdm6A4qmKo,jazz,3rxeQlsv0Sc2nyYaZ5W71T,data/covers/jazz/Chet_Baker_6ixxTaomYhDBVdm6A4qmKo.jpg
7MNrrItJpom6uMJWdT0XD8,alternative_rock,1w5Kfo2jwwIPruYS2UWh56,data/covers/alternative_rock/Pearl_Jam_7MNrrItJpom6uMJWdT0XD8.jpg
5HLoU4oijKdSIFOk2o7mYn,house,0cmWgDlu9CwTgxPhf403hb,data/covers/house/Bonobo_5HLoU4oijKdSIFOk2o7mYn.jpg
1wI9NGtQCnhyweuVACpXW4,country,4xFUf1FHVy696Q1JQZMTRj,data/covers/country/Carrie_Underwood_1wI9NGtQCnhyweuVACpXW4.jpg
4Z72dQCd2SdhKHAWTcUtK9,metal,5M52tdBnJaKSvOpJGz8mfZ,data/covers/metal/Black_Sabbath_4Z72dQCd2SdhKHAWTcUtK9.jpg
09sm6KIhz3TN5ucSec9zAr,house,0AkpPlFLnr0VQwZQeMGht0,data/covers/house/Modjo_09sm6KIhz3TN5ucSec9zAr.jpg
2N7hug3f9c5Wn9B0Ob9v2U,country,5W5bDNCqJ1jbCgTxDD0Cb3,data/covers/country/Willie_Nelson_2N7hug3f9c5Wn9B0Ob9v2U.jpg
7AzHSPo0djoJRwpnuHIyjm,jazz,0kbYTNQb4Pb1rPbbaF0pT4,data/covers/jazz/Miles_Davis_7AzHSPo0djoJRwpnuHIyjm.jpg
2xHHmfzza35KfhlgOOc3y4,house,6jOz2B9qeID4dLP1o8bFGf,data/covers/house/Crazy_P_2xHHmfzza35KfhlgOOc3y4.jpg
3iz5Pi64TjG74XdhISBbV2,hiphop,4lDiJcOJ2GLCK6p9q5BgfK,data/covers/hiphop/Kontra_K_3iz5Pi64TjG74XdhISBbV2.jpg
10Oqhoq2akSJnurJOPk8xT,alternative_rock,0L8ExT028jH3ddEcZwqJJ5,data/covers/alternative_rock/Red_Hot_Chili_Peppers_10Oqhoq2akSJnurJOPk8xT.jpg
5RFBQzHHbAa13ZsEzoCUH5,metal,3JysSUOyfVs1UQ0UaESheP,data/covers/metal/Anthrax_5RFBQzHHbAa13ZsEzoCUH5.jpg
6JuXZC4nTM9iFMeMA4KAbo,metal,5HFkc3t0HYETL4JeEbDB1v,data/covers/metal/Powerwolf_6JuXZC4nTM9iFMeMA4KAbo.jpg
0OHDiDMyxzWJfwtoeHNCf4,indie_rock,3inCNiUr4R6XQ3W43s9Aqi,data/covers/indie_rock/Pavement_0OHDiDMyxzWJfwtoeHNCf4.jpg
3QCq4xwC3SZp38Y2cBsHdI,metal,5M52tdBnJaKSvOpJGz8mfZ,data/covers/metal/Black_Sabbath_3QCq4xwC3SZp38Y2cBsHdI.jpg
2UZ62DB1jQEeK7WhdxNff2,house,6jOz2B9qeID4dLP1o8bFGf,data/covers/house/Crazy_P_2UZ62DB1jQEeK7WhdxNff2.jpg
4DGCvMqJxwiFCFowSIVz8v,jazz,5RzjqfPS0Bu4bUMkyNNDpn,data/covers/jazz/Dizzy_Gillespie_4DGCvMqJxwiFCFowSIVz8v.jpg
5TnNrkTu4KI0y0s09zUBOz,alternative_rock,5FYfIAuN8mV5KgVtugwfc0,data/covers/alternative_rock/Revolverheld_5TnNrkTu4KI0y0s09zUBOz.jpg
2jVxhH1xg6EIc87rGM1Ogt,indie_rock,26T3LtbuGT1Fu9m0eRq5X3,data/covers/indie_rock/Cage_the_Elephant_2jVxhH1xg6EIc87rGM1Ogt.jpg
2otdIzvVw3d3n2ely8bZgx,classical,0Kekt6CKSo0m5mivKcoH51,data/covers/classical/Sergei_Rachmaninoff_2otdIzvVw3d3n2ely8bZgx.jpg
6pwuKxMUkNg673KETsXPUV,hiphop,5K4W6rqBFWDnAN6FQUkS6x,data/covers/hiphop/Kanye_West_6pwuKxMUkNg673KETsXPUV.jpg
1deDXWKhHvy4aqzdSmVDZJ,classical,2qpchAUtJNY45rG7auwQgz,data/covers/classical/Max_Reger_1deDXWKhHvy4aqzdSmVDZJ.jpg
5NUH4GlFSKf4QnKsK8EQHL,jazz,0kbYTNQb4Pb1rPbbaF0pT4,data/covers/jazz/Miles_Davis_5NUH4GlFSKf4QnKsK8EQHL.jpg
0KN6ywMqgEOIHizMyPZjGL,techno,1PXHzxRDiLnjqNrRn2Xbsa,data/covers/techno/Underworld_0KN6ywMqgEOIHizMyPZjGL.jpg
0pqBn0iSw0xkQoO2sAaHAf,techno,3AhwIUus3pIaA3CvYBEtpy,data/covers/techno/Plastikman_0pqBn0iSw0xkQoO2sAaHAf.jpg
2JnXSoizDMfp2aTef53fct,classical,2ANtgfhQkKpsW6EYSDqldz,data/covers/classical/Gustav_Mahler_2JnXSoizDMfp2aTef53fct.jpg
3TymcPWXqsCRA5oSL0TkPU,metal,6mdiAmATAx73kdxrNrnlao,data/covers/metal/Iron_Maiden_3TymcPWXqsCRA5oSL0TkPU.jpg
0MJIpoyLk82gnqJumyVquK,alternative_rock,6Ghvu1VvMGScGpOUJBAHNH,data/covers/alternative_rock/Deftones_0MJIpoyLk82gnqJumyVquK.jpg
3kiOuajwT3UBDEiVQuw52J,reggae,1YdrZulwIjwmprgY7sH2d3,data/covers/reggae/Iriepathie_3kiOuajwT3UBDEiVQuw52J.jpg
27Gh3nRYlEQMqgublKeBPh,indie_rock,5hAhrnb0Ch4ODwWu4tsbpi,data/covers/indie_rock/Yo_La_Tengo_27Gh3nRYlEQMqgublKeBPh.jpg
5xnZl7sdxxIb4rkDcbD4IC,metal,1Dvfqq39HxvCJ3GvfeIFuT,data/covers/metal/Mastodon_5xnZl7sdxxIb4rkDcbD4IC.jpg
4vBvnlmaiyoEf04hLe5SLo,indie_rock,2cCUtGK9sDU2EoElnk0GNB,data/covers/indie_rock/The_National_4vBvnlmaiyoEf04hLe5SLo.jpg
59uaoonibMpTiQfdn50y3k,country,5vngPClqofybhPERIqQMYd,data/covers/country/George_Strait_59uaoonibMpTiQfdn50y3k.jpg
48lh8DY2GOeVtEbLHPVyod,metal,1Yox196W7bzVNZI7RBaPnf,data/covers/metal/Megadeth_48lh8DY2GOeVtEbLHPVyod.jpg
4otkd9As6YaxxEkIjXPiZ6,hiphop,7dGJo4pcD2V6oG8kP0tJRR,data/covers/hiphop/Eminem_4otkd9As6YaxxEkIjXPiZ6.jpg
1NJoamn2bFWoVbJKixjFpv,house,63yl9nDNrHpiAYGlNJxxjc,data/covers/house/Frankie_Knuckles_1NJoamn2bFWoVbJKixjFpv.jpg
5Tp9GNTvsi3tA4uJweMa17,classical,656RXuyw7CE0dtjdPgjJV6,data/covers/classical/Joseph_Haydn_5Tp9GNTvsi3tA4uJweMa17.jpg
3lmL0JbyMRSDwPZMD9fL3M,country,32vWCbZh0xZ4o9gkz4PsEU,data/covers/country/Dolly_Parton_3lmL0JbyMRSDwPZMD9fL3M.jpg
2lsM7Py65EOtlq8BgwkXCS,indie_rock,2cCUtGK9sDU2EoElnk0GNB,data/covers/indie_rock/The_National_2lsM7Py65EOtlq8BgwkXCS.jpg
0VIr9Gyc0xkTFfAf18iPRB,metal,2aaLAng2L2aWD2FClzwiep,data/covers/metal/Dream_Theater_0VIr9Gyc0xkTFfAf18iPRB.jpg
3v2oVtOuNOnqzARAdZBits,house,3j7teie3p6UnbA8nW51Trz,data/covers/house/Larry_Heard_3v2oVtOuNOnqzARAdZBits.jpg
68uIz7DtgDoPUFTKxdzL9t,alternative_rock,6olE6TJLqED3rqDCT0FyPh,data/covers/alternative_rock/Nirvana_68uIz7DtgDoPUFTKxdzL9t.jpg
5tEW32iyrRuYPQQ4bwUiCf,metal,2ye2Wgw4gimLv2eAKyk1NB,data/covers/metal/Metallica_5tEW32iyrRuYPQQ4bwUiCf.jpg
3UeSYkvpAJfXp97Os7Y1sK,indie_rock,2QoU3awHVdcHS8LrZEKvSM,data/covers/indie_rock/Wilco_3UeSYkvpAJfXp97Os7Y1sK.jpg
1GckkNpv8X6BclYXb4T7zC,techno,5TQaBSTOSypp7S4jfSnN3F,data/covers/techno/Sven_Vath_1GckkNpv8X6BclYXb4T7zC.jpg
0gnytka8TlMhMCM3GWtVAV,reggae,389zc5Rwe0MPcE6mSF4AjC,data/covers/reggae/Bunny_Wailer_0gnytka8TlMhMCM3GWtVAV.jpg
56ZBvhPkeFevZQw90wvxxb,house,0XfQBWgzisaS9ltDV9bXAS,data/covers/house/Honey_Dijon_56ZBvhPkeFevZQw90wvxxb.jpg
4Airn7Ncqp6dgWiSlX3Uyq,reggae,3VV18HyGcfLTqNjSjbROA1,data/covers/reggae/Morgan_Heritage_4Airn7Ncqp6dgWiSlX3Uyq.jpg
1QkOrPdjpdCvM30kjdbeUI,house,63yl9nDNrHpiAYGlNJxxjc,data/covers/house/Frankie_Knuckles_1QkOrPdjpdCvM30kjdbeUI.jpg
1sAKxljCkpeKWCnv1VMSDH,classical,3u1fWmwpwPOmMelTAo0Gb8,data/covers/classical/Paul_Hindemith_1sAKxljCkpeKWCnv1VMSDH.jpg
0oazOAAAPwwomnoXityFSl,country,2ptmyXoL7poH6Zq62h1QT9,data/covers/country/Merle_Haggard_0oazOAAAPwwomnoXityFSl.jpg
2lx0qyNEcAQ9y6NJrpXKjs,techno,6WH1V41LwGDGmlPUhSZLHO,data/covers/techno/Autechre_2lx0qyNEcAQ9y6NJrpXKjs.jpg
3Fbondj1sVlwzDSQcYNwrC,techno,4jGpKAmwvU263l0tUh4xKU,data/covers/techno/Joris_Voorn_3Fbondj1sVlwzDSQcYNwrC.jpg
6OrNcU5jsdamZvg4WZ2Hag,techno,21444lX8gpmOX36icLmbFI,data/covers/techno/Chris_Liebing_6OrNcU5jsdamZvg4WZ2Hag.jpg
5pnr4GOQkBuGuYPeiLw1T6,house,2mLA48B366zkELXYx7hcDN,data/covers/house/Peggy_Gou_5pnr4GOQkBuGuYPeiLw1T6.jpg
1zZtWZtxj8aOb8ZnpMesgL,house,3ebS2RuCq8QeLyndUDmgB5,data/covers/house/WizTheMc_1zZtWZtxj8aOb8ZnpMesgL.jpg
2OuSFMY8QJj39xhAbNwzuN,metal,5GLeyUhj8B8f5pJxqZllKl,data/covers/metal/Doro_2OuSFMY8QJj39xhAbNwzuN.jpg
0cTaflAQAHx4Z0ZmtchnvY,house,61lyPtntblHJvA7FMMhi7E,data/covers/house/Duke_Dumont_0cTaflAQAHx4Z0ZmtchnvY.jpg
7vd3wsbnHiZ2gESe1Hv7Vx,house,4lxMXxZW5ZWKrtBlMOIUuY,data/covers/house/Joey_Negro_7vd3wsbnHiZ2gESe1Hv7Vx.jpg
6t0H9hI4985J8y6HbWu6ta,indie_rock,2Jv5eshHtLycR6R8KQCdc4,data/covers/indie_rock/Grizzly_Bear_6t0H9hI4985J8y6HbWu6ta.jpg
7B3mimu6Z1z50IhZYixQpq,jazz,4F7Q5NV6h5TSwCainz8S5A,data/covers/jazz/Duke_Ellington_7B3mimu6Z1z50IhZYixQpq.jpg
1BKAoae82HzfQNcRgTEMKG,reggae,5WcGRaGsl0b9sul7jVdDgc,data/covers/reggae/Don_Carlos_1BKAoae82HzfQNcRgTEMKG.jpg
4ph5fInLoDTuZcEkYynbk3,country,1FClsNYBUoNFtGgzeG74dW,data/covers/country/Hank_Williams_4ph5fInLoDTuZcEkYynbk3.jpg
2YKQekIfxPZK0O2XKw6wr6,metal,1IQ2e1buppatiN1bxUVkrk,data/covers/metal/Slayer_2YKQekIfxPZK0O2XKw6wr6.jpg
2mcSVeKqmLjQnDck2Eijan,classical,4NJhFmfw43RLBLjQvxDuRS,data/covers/classical/Antonio_Vivaldi_2mcSVeKqmLjQnDck2Eijan.jpg
3ERAwHS5JgwZILMZUAKCfi,techno,4mtHSXwIHihO6MWNq5Qoko,data/covers/techno/Squarepusher_3ERAwHS5JgwZILMZUAKCfi.jpg
2STaDSv3RERwVbJ0AbxhM2,jazz,4F7Q5NV6h5TSwCainz8S5A,data/covers/jazz/Duke_Ellington_2STaDSv3RERwVbJ0AbxhM2.jpg
224OuhZ1LThmaYGhD8ikq6,house,6pohviZSNRueSX7uNu63ZX,data/covers/house/Moodymann_224OuhZ1LThmaYGhD8ikq6.jpg
2sMZaZAOPfTQhi5re2jkTr,classical,5aIqB5nVVvmFsvSdExz408,data/covers/classical/Modest_Mussorgsky_2sMZaZAOPfTQhi5re2jkTr.jpg
5qK8S5JRF8au6adIVtBsmk,alternative_rock,12Chz98pHFMPJEknJQMWvI,data/covers/alternative_rock/Muse_5qK8S5JRF8au6adIVtBsmk.jpg
0sLa6cWtRiIw2Sex91wLA0,classical,7jzR5qj8vFnSu5JHaXgFEr,data/covers/classical/Jean_Sibelius_0sLa6cWtRiIw2Sex91wLA0.jpg
2yqTeWduDd2Ri425ZxLtsw,alternative_rock,5FYfIAuN8mV5KgVtugwfc0,data/covers/alternative_rock/Revolverheld_2yqTeWduDd2Ri425ZxLtsw.jpg
40QTqOBBxCEIQlLNdSjFQB,hiphop,4V8LLVI7PbaPR0K2TGSxFF,data/covers/hiphop/Tyler_The_Creator_40QTqOBBxCEIQlLNdSjFQB.jpg
66JgXVu0AmcDnF3mCgf6Nd,reggae,6qfKnsgz1CwyqA7lTdieRJ,data/covers/reggae/Third_World_66JgXVu0AmcDnF3mCgf6Nd.jpg
4aoy2NnmDpWvjWi9taOHYe,metal,7jxJ25p0pPjk0MStloN6o6,data/covers/metal/Blind_Guardian_4aoy2NnmDpWvjWi9taOHYe.jpg
6G47ivFS3dkRYgC4u8UV19,classical,284mnx33IWcymQEpMxyfHl,data/covers/classical/Alexander_Borodin_6G47ivFS3dkRYgC4u8UV19.jpg
1Kc7TpYwJQ0mzVAssuWbB0,country,1UTPBmNbXNTittyMJrNkvw,data/covers/country/Blake_Shelton_1Kc7TpYwJQ0mzVAssuWbB0.jpg
5mur5M4oluEnFBxZsdUtzf,classical,459INk8vcC0ebEef82WjIK,data/covers/classical/Edward_Elgar_5mur5M4oluEnFBxZsdUtzf.jpg
53zpfea0HOctci16oWi2MN,reggae,6UL7BodGc5iVmQGlMwHR0g,data/covers/reggae/Steel_Pulse_53zpfea0HOctci16oWi2MN.jpg
0xtTojp4zfartyGtbFKN3v,indie_rock,4EVpmkEwrLYEg6jIsiPMIb,data/covers/indie_rock/Fleet_Foxes_0xtTojp4zfartyGtbFKN3v.jpg
4ChlCGT8tJgkGPX1FNpoMb,jazz,4gBdaOEelc50MG1QmlACtu,data/covers/jazz/Manfred_Schoof_4ChlCGT8tJgkGPX1FNpoMb.jpg
0RyCpIKlCV0kgEuzrmp73O,indie_rock,6FQqZYVfTNQ1pCqfkwVFEa,data/covers/indie_rock/Foals_0RyCpIKlCV0kgEuzrmp73O.jpg
6CHMRZ6vYXMvxRSC3acmFr,country,5W5bDNCqJ1jbCgTxDD0Cb3,data/covers/country/Willie_Nelson_6CHMRZ6vYXMvxRSC3acmFr.jpg
4bPT6Q8ppaSNppk1kbEbLl,alternative_rock,40Yq4vzPs9VNUrIBG5Jr2i,data/covers/alternative_rock/Smashing_Pumpkins_4bPT6Q8ppaSNppk1kbEbLl.jpg
0AlOMuWVK9TB5w1U9ROqLV,classical,2ANtgfhQkKpsW6EYSDqldz,data/covers/classical/Gustav_Mahler_0AlOMuWVK9TB5w1U9ROqLV.jpg
2ix8vWvvSp2Yo7rKMiWpkg,alternative_rock,4Z8W4fKeB5YxbusRsdQVPb,data/covers/alternative_rock/Radiohead_2ix8vWvvSp2Yo7rKMiWpkg.jpg
2o6CVmYrzG1BDGMztOf1Bh,reggae,6QHu71f8LLeT8n0GzfbYFc,data/covers/reggae/Gregory_Isaacs_2o6CVmYrzG1BDGMztOf1Bh.jpg
1NnYPSyTSUAn12jTjkDfWw,classical,2yzaWNFV3cxmcRZtwtr5WC,data/covers/classical/Clara_Schumann_1NnYPSyTSUAn12jTjkDfWw.jpg
6Unw8A3kdy8ZPj6MmlbA7E,indie_rock,56ZTgzPBDge0OvCGgMO3OY,data/covers/indie_rock/Beach_House_6Unw8A3kdy8ZPj6MmlbA7E.jpg
6atUww86VS6jDRGdBMdKP7,jazz,4PDpGtF16XpqvXxsrFwQnN,data/covers/jazz/Thelonious_Monk_6atUww86VS6jDRGdBMdKP7.jpg
0ZHwBlV4OAweXWwbUemkmT,indie_rock,2cCUtGK9sDU2EoElnk0GNB,data/covers/indie_rock/The_National_0ZHwBlV4OAweXWwbUemkmT.jpg
3pLdWdkj83EYfDN6H2N8MR,hiphop,2YZyLoL8N0Wb9xBt1NhZWg,data/covers/hiphop/Kendrick_Lamar_3pLdWdkj83EYfDN6H2N8MR.jpg
1i1RKQefnJUrTyD8bCw6jA,classical,7ie36YytMoKtPiL7tUvmoE,data/covers/classical/Duke_Ellington_1i1RKQefnJUrTyD8bCw6jA.jpg
3pzIwqrnLZsSXH3aKWxCV4,hiphop,4lDiJcOJ2GLCK6p9q5BgfK,data/covers/hiphop/Kontra_K_3pzIwqrnLZsSXH3aKWxCV4.jpg
3dw9k0UHKn25TfksiJuNGE,jazz,4PDpGtF16XpqvXxsrFwQnN,data/covers/jazz/Thelonious_Monk_3dw9k0UHKn25TfksiJuNGE.jpg
0BPXbUaN4QurwKsYWkUYf3,techno,4O71i7ke5iIBX6RNSFoZbS,data/covers/techno/Trentemoller_0BPXbUaN4QurwKsYWkUYf3.jpg
6MJk0mLIeBohyPzqetOHHv,house,26WKgv73kRHD0gEDKD1i8j,data/covers/house/Keinemusik_6MJk0mLIeBohyPzqetOHHv.jpg
46Ct4kRN1YwJ7NGyBNDAZV,reggae,2Y06xyHPovQ8DWLyVIpSJK,data/covers/reggae/Israel_Vibration_46Ct4kRN1YwJ7NGyBNDAZV.jpg
3AO4vXjxeUdvMio4WiEsTU,reggae,6UL7BodGc5iVmQGlMwHR0g,data/covers/reggae/Steel_Pulse_3AO4vXjxeUdvMio4WiEsTU.jpg
5wJUoyZacTMBavp5gdPCrt,jazz,4jXfFzeP66Zy67HM2mvIIF,data/covers/jazz/Bill_Evans_5wJUoyZacTMBavp5gdPCrt.jpg
0VB5ymCq0odyXi4YWuoNB0,country,5e4Dhzv426EvQe3aDb64jL,data/covers/country/Shania_Twain_0VB5ymCq0odyXi4YWuoNB0.jpg
3yTneaS0Z3xsAmCafaYjPw,metal,6mdiAmATAx73kdxrNrnlao,data/covers/metal/Iron_Maiden_3yTneaS0Z3xsAmCafaYjPw.jpg
57qhXJwUjUXPopcPkF87JV,reggae,6QHu71f8LLeT8n0GzfbYFc,data/covers/reggae/Gregory_Isaacs_57qhXJwUjUXPopcPkF87JV.jpg
3qrs17PzGbLWiw5E9Aq3qT,metal,3JysSUOyfVs1UQ0UaESheP,data/covers/metal/Anthrax_3qrs17PzGbLWiw5E9Aq3qT.jpg
5SnULfYyg9h0cXLdyTpCwY,jazz,2ZvrvbQNrHKwjT7qfGFFUW,data/covers/jazz/Herbie_Hancock_5SnULfYyg9h0cXLdyTpCwY.jpg
1KVGLuPtrMrLlyy4Je6df7,alternative_rock,6olE6TJLqED3rqDCT0FyPh,data/covers/alternative_rock/Nirvana_1KVGLuPtrMrLlyy4Je6df7.jpg
7JgOEJjQeIp0m0YQzccmN9,metal,6JW8wliOEwaDZ231ZY7cf4,data/covers/metal/Sepultura_7JgOEJjQeIp0m0YQzccmN9.jpg
6LVjt0qej8oy3dAQQn98EW,metal,6mdiAmATAx73kdxrNrnlao,data/covers/metal/Iron_Maiden_6LVjt0qej8oy3dAQQn98EW.jpg
382ObEPsp2rxGrnsizN5TX,house,4tZwfgrHOc3mvqYlEYSvVi,data/covers/house/Daft_Punk_382ObEPsp2rxGrnsizN5TX.jpg
1TGHTdiR7QolfRrIzjzY6Z,metal,1DFr97A9HnbV3SKTJFu62M,data/covers/metal/Motorhead_1TGHTdiR7QolfRrIzjzY6Z.jpg
30BLhkeaIgQ9EdvxnocCB6,indie_rock,1yAwtBaoHLEDWAnWR87hBT,data/covers/indie_rock/Modest_Mouse_30BLhkeaIgQ9EdvxnocCB6.jpg
6wdM2vf9gR6VfwYG0iktt1,jazz,73xPAo16RiiVu6X90p7UVb,data/covers/jazz/Rolf_Kuhn_6wdM2vf9gR6VfwYG0iktt1.jpg
2FBy6IPskJmTVYCApkJr4A,metal,7954VFaZClkL503srfV5PE,data/covers/metal/Running_Wild_2FBy6IPskJmTVYCApkJr4A.jpg
1YO73oo4pHgdlCzAFozJsl,metal,57ylwQTnFnIhJh4nu4rxCs,data/covers/metal/In_Flames_1YO73oo4pHgdlCzAFozJsl.jpg
0ptlfJfwGTy0Yvrk14JK1I,hiphop,3TVXtAsR1Inumwj472S9r4,data/covers/hiphop/Drake_0ptlfJfwGTy0Yvrk14JK1I.jpg
53Oa5Bu0UTU8o8qCTaHKoz,country,718COspgdWOnwOFpJHRZHS,data/covers/country/Luke_Combs_53Oa5Bu0UTU8o8qCTaHKoz.jpg
5aLK9kj1aXzh0K9vZHo6eY,techno,15e0X6NuMsVuHi7AZhcfyI,data/covers/techno/James_Holden_5aLK9kj1aXzh0K9vZHo6eY.jpg
07PbRvoHBeAgZqJqRsH6kk,classical,34MYamymtmnsmpwbqydd7I,data/covers/classical/Alexander_Borodin_07PbRvoHBeAgZqJqRsH6kk.jpg
6tAyJVt1Xrm2xDKsU8wB5B,jazz,3rxeQlsv0Sc2nyYaZ5W71T,data/covers/jazz/Chet_Baker_6tAyJVt1Xrm2xDKsU8wB5B.jpg
1J4BCMplEAUtudV168girU,classical,1385hLNbrnbCJGokfH2ac2,data/covers/classical/Franz_Liszt_1J4BCMplEAUtudV168girU.jpg
5VqjIthSRoXpQNWXBihM2l,classical,34MYamymtmnsmpwbqydd7I,data/covers/classical/Alexander_Borodin_5VqjIthSRoXpQNWXBihM2l.jpg
4jQVaMGuVhwlwu2xIZKHcZ,techno,5TQaBSTOSypp7S4jfSnN3F,data/covers/techno/Sven_Vath_4jQVaMGuVhwlwu2xIZKHcZ.jpg
22uZFivuxK480tS2Iq8LEH,reggae,389zc5Rwe0MPcE6mSF4AjC,data/covers/reggae/Bunny_Wailer_22uZFivuxK480tS2Iq8LEH.jpg
6ve6IFkbPcsbvSycMS8GKl,jazz,4jXfFzeP66Zy67HM2mvIIF,data/covers/jazz/Bill_Evans_6ve6IFkbPcsbvSycMS8GKl.jpg
6iCwPrhomEOOKwAcp3yh2p,metal,5GLeyUhj8B8f5pJxqZllKl,data/covers/metal/Doro_6iCwPrhomEOOKwAcp3yh2p.jpg
3U8FaNJ7XTrin6TNwDjuiA,techno,5akVqMzdZOdbMYbE4vNZWD,data/covers/techno/Plaid_3U8FaNJ7XTrin6TNwDjuiA.jpg
1I0TNtt1sBm2XgcX27VSpP,classical,6s1pCNXcbdtQJlsnM1hRIA,data/covers/classical/Dmitri_Shostakovich_1I0TNtt1sBm2XgcX27VSpP.jpg
4DAoOkaSqHB2JG5uGPMHbC,classical,2yzaWNFV3cxmcRZtwtr5WC,data/covers/classical/Clara_Schumann_4DAoOkaSqHB2JG5uGPMHbC.jpg
5kSj1oZ9XdQgg70xs3vyLr,country,2ptmyXoL7poH6Zq62h1QT9,data/covers/country/Merle_Haggard_5kSj1oZ9XdQgg70xs3vyLr.jpg
18s7KUeencxiAsv7ths3jK,reggae,0oea1hwGMfUxZbLxJc1XUN,data/covers/reggae/Peter_Tosh_18s7KUeencxiAsv7ths3jK.jpg
5rS3IKRZFEjZKtvxJLjO7i,techno,6OQOvP7RAdmAKVXXQqD0Se,data/covers/techno/Pan-Pot_5rS3IKRZFEjZKtvxJLjO7i.jpg
4SqT1VKTXPBButa3XevHTb,reggae,6QHu71f8LLeT8n0GzfbYFc,data/covers/reggae/Gregory_Isaacs_4SqT1VKTXPBButa3XevHTb.jpg
2fZWcwbfKryf2d24wQ4LXQ,house,37uLId6Z5ZXCx19vuruvv5,data/covers/house/Hot_Chip_2fZWcwbfKryf2d24wQ4LXQ.jpg
55FlVRhyc2GCbXrEuDgzLz,country,1FClsNYBUoNFtGgzeG74dW,data/covers/country/Hank_Williams_55FlVRhyc2GCbXrEuDgzLz.jpg
4OI9hKTm1QMRQunqHCfSSL,indie_rock,2cCUtGK9sDU2EoElnk0GNB,data/covers/indie_rock/The_National_4OI9hKTm1QMRQunqHCfSSL.jpg
1lrNGJv5aIKpx4bznJyHCF,hiphop,3Mcii5XWf6E0lrY3Uky4cA,data/covers/hiphop/Ice_Cube_1lrNGJv5aIKpx4bznJyHCF.jpg
2MFkBVEwfAyUQKpdhoDhW5,hiphop,3Mcii5XWf6E0lrY3Uky4cA,data/covers/hiphop/Ice_Cube_2MFkBVEwfAyUQKpdhoDhW5.jpg
1xz36Gipe1dJJ1UNiFJviJ,house,6wMr4zKPrrR0UVz08WtUWc,data/covers/house/Black_Coffee_1xz36Gipe1dJJ1UNiFJviJ.jpg
62QhexCYI7csbvJ1HBQEbP,reggae,6ZFv3wQwwWPiVDWhv0mjQK,data/covers/reggae/Toots_and_The_Maytals_62QhexCYI7csbvJ1HBQEbP.jpg
54Y471E7GNBSOXjZtqONId,hiphop,0Y5tJX1MQlPlqiwlOH1tJY,data/covers/hiphop/Travis_Scott_54Y471E7GNBSOXjZtqONId.jpg
3CCnGldVQ90c26aFATC1PW,hiphop,6l3HvQ5sa6mXTsMTB19rO5,data/covers/hiphop/J_Cole_3CCnGldVQ90c26aFATC1PW.jpg
0JIhXsgSIqDsHAPHXWa0Xg,classical,656RXuyw7CE0dtjdPgjJV6,data/covers/classical/Joseph_Haydn_0JIhXsgSIqDsHAPHXWa0Xg.jpg
5ZzupRXqPVC8P9h9SoLHVm,techno,19SmlbABtI4bXz864MLqOS,data/covers/techno/Carl_Cox_5ZzupRXqPVC8P9h9SoLHVm.jpg
5gv5WNU29rNno7avIxvDot,metal,1DFr97A9HnbV3SKTJFu62M,data/covers/metal/Motorhead_5gv5WNU29rNno7avIxvDot.jpg
6xvekB9NvsiM0zC7jl4xx0,reggae,5keeQyPKYRxUCKDMECTXG3,data/covers/reggae/Black_Uhuru_6xvekB9NvsiM0zC7jl4xx0.jpg
2T7DdrOvsqOqU9bGTkjBYu,house,4tZwfgrHOc3mvqYlEYSvVi,data/covers/house/Daft_Punk_2T7DdrOvsqOqU9bGTkjBYu.jpg
4GVE2VlOr32mscmOks9zY1,hiphop,4V8LLVI7PbaPR0K2TGSxFF,data/covers/hiphop/Tyler_The_Creator_4GVE2VlOr32mscmOks9zY1.jpg
79dL7FLiJFOO0EoehUHQBv,indie_rock,5INjqkS1o8h1imAzPqGZBb,data/covers/indie_rock/Tame_Impala_79dL7FLiJFOO0EoehUHQBv.jpg
1xDa7ThS9k1zJEZql4QnYS,house,7nqpEU6DCHkNtK1bYsyS3W,data/covers/house/Kerri_Chandler_1xDa7ThS9k1zJEZql4QnYS.jpg
6hRYTGSMlOgLU4KxcHFMJK,indie_rock,0YrtvWJMgSdVrk3SfNjTbx,data/covers/indie_rock/Death_Cab_for_Cutie_6hRYTGSMlOgLU4KxcHFMJK.jpg
3HtVrG7GQSj4a6We4xQTj2,techno,4mtHSXwIHihO6MWNq5Qoko,data/covers/techno/Squarepusher_3HtVrG7GQSj4a6We4xQTj2.jpg
2X5HaKvZ0FUiCqfei4NCO6,techno,3tSvlEzeDnVbQJBTkIA6nO,data/covers/techno/Christian_Loffler_2X5HaKvZ0FUiCqfei4NCO6.jpg
2sAQRlCg4qMWaWUgN28i9I,techno,3AhwIUus3pIaA3CvYBEtpy,data/covers/techno/Plastikman_2sAQRlCg4qMWaWUgN28i9I.jpg
2e8rOyMcK9LsUwZp6Wt5W0,hiphop,6ynopZPMBXcIGBI9M02Un5,data/covers/hiphop/Haftbefehl_2e8rOyMcK9LsUwZp6Wt5W0.jpg
6bZID6hhfiOoLYwAm3fliK,techno,6WH1V41LwGDGmlPUhSZLHO,data/covers/techno/Autechre_6bZID6hhfiOoLYwAm3fliK.jpg
3EwfQtjvyRAXsPWAKO5FDP,alternative_rock,3jOstUTkEu2JkjvRdBA5Gu,data/covers/alternative_rock/Weezer_3EwfQtjvyRAXsPWAKO5FDP.jpg
57kp2MmUvLQ5wUNgDHfPTh,reggae,2QsynagSdAqZj3U9HgDzjD,data/covers/reggae/Bob_Marley_and_The_Wailers_57kp2MmUvLQ5wUNgDHfPTh.jpg
0xRRqJIhWIU0WASStddsWK,hiphop,1qQLhymHXFPtP5U8KNKsm6,data/covers/hiphop/Apache_207_0xRRqJIhWIU0WASStddsWK.jpg
3f7nN2bvNTQzjaXlhwCfjJ,country,4tw2Lmn9tTPUv7Gy7mVPI4,data/covers/country/Kenny_Rogers_3f7nN2bvNTQzjaXlhwCfjJ.jpg
11q2C0jSRLoLELO7cyPWOx,house,0RBnTX5xoVa1bDYt9Qbies,data/covers/house/Floorplan_11q2C0jSRLoLELO7cyPWOx.jpg
5rNPGUwoYpYAa5ZCHzm06w,house,32wcuqRxZuBY5HbH1bWa8h,data/covers/house/Tube_and_Berger_5rNPGUwoYpYAa5ZCHzm06w.jpg
6SUzec8cWCUMhvdW3KbMYZ,indie_rock,4EVpmkEwrLYEg6jIsiPMIb,data/covers/indie_rock/Fleet_Foxes_6SUzec8cWCUMhvdW3KbMYZ.jpg
4FWvo9oS4gRgHtAwDwUjiO,hiphop,3nFkdlSjzX9mRTtwJOzDYB,data/covers/hiphop/JAY-Z_4FWvo9oS4gRgHtAwDwUjiO.jpg
3t8d7MkH1hAUbLaVGHaLct,techno,1sxHp39RqBEE01pgVqsdyP,data/covers/techno/Marcel_Dettmann_3t8d7MkH1hAUbLaVGHaLct.jpg
53jxZMsY2a15Yse2YXEJyD,house,6TshTCYwh9ySzOO6Jy4Ux2,data/covers/house/Maya_Jane_Coles_53jxZMsY2a15Yse2YXEJyD.jpg
6HbJlAnTRhWae1F3lEwGkv,indie_rock,3XHO7cRUPCLOr6jwp8vsx5,data/covers/indie_rock/Alt-J_6HbJlAnTRhWae1F3lEwGkv.jpg
1NPCjp8s7RPGujZdBjca90,country,1UTPBmNbXNTittyMJrNkvw,data/covers/country/Blake_Shelton_1NPCjp8s7RPGujZdBjca90.jpg
45PoiD0fgKLoAtC8oUVMMO,jazz,7MbjIv3XpMc2ciNcoWHFcS,data/covers/jazz/Michael_Wollny_45PoiD0fgKLoAtC8oUVMMO.jpg
6GshciducHDdLWxt0F3Ry7,metal,7jxJ25p0pPjk0MStloN6o6,data/covers/metal/Blind_Guardian_6GshciducHDdLWxt0F3Ry7.jpg
5iVsUH1RQbojywBR2SoVua,house,3qMRvSHJpaRjGDkIeNMoGz,data/covers/house/Theo_Parrish_5iVsUH1RQbojywBR2SoVua.jpg
1cJTfko0SGCCHftnKMUEHU,house,4lxMXxZW5ZWKrtBlMOIUuY,data/covers/house/Joey_Negro_1cJTfko0SGCCHftnKMUEHU.jpg
6kaqgSXCxlWv6ZzV5cDojP,indie_rock,4I2BJf80C0skQpp1sQmA0h,data/covers/indie_rock/Belle_and_Sebastian_6kaqgSXCxlWv6ZzV5cDojP.jpg
6YwpXnqqxbnOqCJLqrxyfb,hiphop,7hJcb9fa4alzcOq3EaNPoG,data/covers/hiphop/Snoop_Dogg_6YwpXnqqxbnOqCJLqrxyfb.jpg
2xkZV2Hl1Omi8rk2D7t5lN,indie_rock,0epOFNiUfyON9EYx7Tpr6V,data/covers/indie_rock/The_Strokes_2xkZV2Hl1Omi8rk2D7t5lN.jpg
2ZnyRPxsgNoGDuVLBMIk8v,reggae,5keeQyPKYRxUCKDMECTXG3,data/covers/reggae/Black_Uhuru_2ZnyRPxsgNoGDuVLBMIk8v.jpg
569uOmw1u07ydZbWj9X7LQ,reggae,2Y06xyHPovQ8DWLyVIpSJK,data/covers/reggae/Israel_Vibration_569uOmw1u07ydZbWj9X7LQ.jpg
7a7N3FOHQ8p76r62VNZ3EU,classical,1Uff91EOsvd99rtAupatMP,data/covers/classical/Sergei_Rachmaninoff_7a7N3FOHQ8p76r62VNZ3EU.jpg
4IVzBlgqcwEyX8oIyAQuy4,country,4tw2Lmn9tTPUv7Gy7mVPI4,data/covers/country/Kenny_Rogers_4IVzBlgqcwEyX8oIyAQuy4.jpg
05TwuwqwLCm1V0GimPcXrD,indie_rock,5hAhrnb0Ch4ODwWu4tsbpi,data/covers/indie_rock/Yo_La_Tengo_05TwuwqwLCm1V0GimPcXrD.jpg
2qwN15acAl3sm3Idce5vK9,alternative_rock,7jy3rLJdDQY21OgRLCZ9sD,data/covers/alternative_rock/Foo_Fighters_2qwN15acAl3sm3Idce5vK9.jpg
3QbWxiYTlTCLjHYgrgMCfU,house,4tZwfgrHOc3mvqYlEYSvVi,data/covers/house/Daft_Punk_3QbWxiYTlTCLjHYgrgMCfU.jpg
6tEOuMrJ6gsmZ2vB2P1NV7,house,0cmWgDlu9CwTgxPhf403hb,data/covers/house/Bonobo_6tEOuMrJ6gsmZ2vB2P1NV7.jpg
7xBJ2XXlDFfACXAnOE86t8,indie_rock,3kjuyTCjPG1WMFCiyc5IuB,data/covers/indie_rock/Arcade_Fire_7xBJ2XXlDFfACXAnOE86t8.jpg
4zNOYurXE672vR8oK410jt,reggae,0oea1hwGMfUxZbLxJc1XUN,data/covers/reggae/Peter_Tosh_4zNOYurXE672vR8oK410jt.jpg
0rvvkv9MNmAx7HSS6kYknL,hiphop,6ynopZPMBXcIGBI9M02Un5,data/covers/hiphop/Haftbefehl_0rvvkv9MNmAx7HSS6kYknL.jpg
22lPla08LErk0XHBkUWq5f,country,5vngPClqofybhPERIqQMYd,data/covers/country/George_Strait_22lPla08LErk0XHBkUWq5f.jpg
1EVFolgmcNPKMONxmH3m0j,country,6kACVPfCOnqzgfEF5ryl0x,data/covers/country/Johnny_Cash_1EVFolgmcNPKMONxmH3m0j.jpg
3vd7dqateXRTskHSU2CT0v,house,37YzpfBeFju8QRZ3g0Ha1Q,data/covers/house/DJ_Seinfeld_3vd7dqateXRTskHSU2CT0v.jpg
1oB4NSzkWBjfqAQvFky84U,techno,4mtHSXwIHihO6MWNq5Qoko,data/covers/techno/Squarepusher_1oB4NSzkWBjfqAQvFky84U.jpg
5q4Z8upqLLTcXUohabUqkR,country,5W5bDNCqJ1jbCgTxDD0Cb3,data/covers/country/Willie_Nelson_5q4Z8upqLLTcXUohabUqkR.jpg
23U0Wsas0gJMPDwkgZL7Hh,alternative_rock,5UqTO8smerMvxHYA5xsXb6,data/covers/alternative_rock/Sonic_Youth_23U0Wsas0gJMPDwkgZL7Hh.jpg
7uYTYAQsXBeVriJopyhpV9,techno,0KqSULB80ft2H3aFg6kJmN,data/covers/techno/I_Hate_Models_7uYTYAQsXBeVriJopyhpV9.jpg
7jFTBpRNQsKeLsr9VCnW7h,techno,5zovXI5By2gUhdr7EByjLa,data/covers/techno/Monkey_Safari_7jFTBpRNQsKeLsr9VCnW7h.jpg
4wp4aWWpoYfNcspimVAnel,alternative_rock,7jy3rLJdDQY21OgRLCZ9sD,data/covers/alternative_rock/Foo_Fighters_4wp4aWWpoYfNcspimVAnel.jpg
3fUJ4iWTYs3QMDx3YB1kUq,country,4tw2Lmn9tTPUv7Gy7mVPI4,data/covers/country/Kenny_Rogers_3fUJ4iWTYs3QMDx3YB1kUq.jpg
0q88tTqwCZL8bNyB5ukxj5,metal,7jxJ25p0pPjk0MStloN6o6,data/covers/metal/Blind_Guardian_0q88tTqwCZL8bNyB5ukxj5.jpg
4jEKedq9rWPV9OXuMkrZCa,hiphop,4V8LLVI7PbaPR0K2TGSxFF,data/covers/hiphop/Tyler_The_Creator_4jEKedq9rWPV9OXuMkrZCa.jpg
2Tyx5dLhHYkx6zeAdVaTzN,hiphop,4LLpKhyESsyAXpc4laK94U,data/covers/hiphop/Mac_Miller_2Tyx5dLhHYkx6zeAdVaTzN.jpg
0gDNj4H7FieXskNfF9Imhn,jazz,5V0MlUE1Bft0mbLlND7FJz,data/covers/jazz/Ella_Fitzgerald_0gDNj4H7FieXskNfF9Imhn.jpg
162eakeHR3XaiDd3svysPI,metal,57ylwQTnFnIhJh4nu4rxCs,data/covers/metal/In_Flames_162eakeHR3XaiDd3svysPI.jpg
0frnOYgalYEcCjDFMXk7Jh,reggae,2QsynagSdAqZj3U9HgDzjD,data/covers/reggae/Bob_Marley_and_The_Wailers_0frnOYgalYEcCjDFMXk7Jh.jpg
4sJuVKmdtSwFFpeE2FtHGv,jazz,5V0MlUE1Bft0mbLlND7FJz,data/covers/jazz/Ella_Fitzgerald_4sJuVKmdtSwFFpeE2FtHGv.jpg
3B5f174XScFJeRw91HhW4K,classical,2QOIawHpSlOwXDvSqQ9YJR,data/covers/classical/Antonio_Vivaldi_3B5f174XScFJeRw91HhW4K.jpg
7vbERTWUaoNzuZzVkkga5g,alternative_rock,1w5Kfo2jwwIPruYS2UWh56,data/covers/alternative_rock/Pearl_Jam_7vbERTWUaoNzuZzVkkga5g.jpg
4Tm0dXi3s3aSAqng2DACHr,indie_rock,4LG4Bs1Gadht7TCrMytQUO,data/covers/indie_rock/The_Shins_4Tm0dXi3s3aSAqng2DACHr.jpg
4EKt48wiPRaFfkSwtRE2bs,reggae,41ekW4MXG59xJMXR8dX1OG,data/covers/reggae/Alpha_Blondy_4EKt48wiPRaFfkSwtRE2bs.jpg
1LmRknhxOwXY9hpCm8QIbx,techno,1sxHp39RqBEE01pgVqsdyP,data/covers/techno/Marcel_Dettmann_1LmRknhxOwXY9hpCm8QIbx.jpg
1Cg0aRdurL72LWxg8xt39R,house,6pJY5At9SiMpAOBrw9YosS,data/covers/house/Folamour_1Cg0aRdurL72LWxg8xt39R.jpg
1XGQuXInbdlgJcrSJ5H2Ec,classical,2ANtgfhQkKpsW6EYSDqldz,data/covers/classical/Gustav_Mahler_1XGQuXInbdlgJcrSJ5H2Ec.jpg
5aFYNEb36jP356kpDLdvLh,techno,3TXQ1ddouwQAI78hV4hXDj,data/covers/techno/Maceo_Plex_5aFYNEb36jP356kpDLdvLh.jpg
4NhudMfmg58he4XRVDAahd,house,3ebS2RuCq8QeLyndUDmgB5,data/covers/house/WizTheMc_4NhudMfmg58he4XRVDAahd.jpg
4MdZim1PPTRJ1OtD5J8vaD,indie_rock,5hAhrnb0Ch4ODwWu4tsbpi,data/covers/indie_rock/Yo_La_Tengo_4MdZim1PPTRJ1OtD5J8vaD.jpg
3Sdmh1nf5iTisZ0blIX2pM,metal,6JW8wliOEwaDZ231ZY7cf4,data/covers/metal/Sepultura_3Sdmh1nf5iTisZ0blIX2pM.jpg
2yNaksHgeMQM9Quse463b5,indie_rock,0epOFNiUfyON9EYx7Tpr6V,data/covers/indie_rock/The_Strokes_2yNaksHgeMQM9Quse463b5.jpg
5LpbPYn0LHp2izKl8zsAxO,techno,6WH1V41LwGDGmlPUhSZLHO,data/covers/techno/Autechre_5LpbPYn0LHp2izKl8zsAxO.jpg
3DQueEd1Ft9PHWgovDzPKh,house,4oLeXFyACqeem2VImYeBFe,data/covers/house/Fred_again_3DQueEd1Ft9PHWgovDzPKh.jpg
2LyhJrocQGOxib6h7Ilpeq,classical,3u1fWmwpwPOmMelTAo0Gb8,data/covers/classical/Paul_Hindemith_2LyhJrocQGOxib6h7Ilpeq.jpg
5AsFm6eJVG3335fYjuC5kM,metal,1DFr97A9HnbV3SKTJFu62M,data/covers/metal/Motorhead_5AsFm6eJVG3335fYjuC5kM.jpg
2DYnxBqEpPcjQc0qPBdns9,reggae,41ekW4MXG59xJMXR8dX1OG,data/covers/reggae/Alpha_Blondy_2DYnxBqEpPcjQc0qPBdns9.jpg
7HfR8TYf8vFXJRHw16dKup,jazz,19eLuQmk9aCobbVDHc6eek,data/covers/jazz/Louis_Armstrong_7HfR8TYf8vFXJRHw16dKup.jpg
4qZxJ5v7fxjDIdzLDSUfQd,country,32vWCbZh0xZ4o9gkz4PsEU,data/covers/country/Dolly_Parton_4qZxJ5v7fxjDIdzLDSUfQd.jpg
2sAePf08xIp4tnDlMUCV8B,indie_rock,3kjuyTCjPG1WMFCiyc5IuB,data/covers/indie_rock/Arcade_Fire_2sAePf08xIp4tnDlMUCV8B.jpg
0KWdsVSAHBk1310FZfdEoE,jazz,4jXfFzeP66Zy67HM2mvIIF,data/covers/jazz/Bill_Evans_0KWdsVSAHBk1310FZfdEoE.jpg
5HeOz6InVkwkXkacIGgHRa,hiphop,4lDiJcOJ2GLCK6p9q5BgfK,data/covers/hiphop/Kontra_K_5HeOz6InVkwkXkacIGgHRa.jpg
25ZJZttsBFKPprUW1yINOb,classical,3MKCzCnpzw3TjUYs2v7vDA,data/covers/classical/Erik_Satie_25ZJZttsBFKPprUW1yINOb.jpg
5At8zb3djitRXkrKQ8Wo97,house,4sf3QZW8a3xZ14IGsOAzoy,data/covers/house/Cassius_5At8zb3djitRXkrKQ8Wo97.jpg
4z9UkNYW3T0EZzcGNjBsSz,house,6wMr4zKPrrR0UVz08WtUWc,data/covers/house/Black_Coffee_4z9UkNYW3T0EZzcGNjBsSz.jpg
0VBC5IHz4wNedZsjVz6J4m,house,7nqpEU6DCHkNtK1bYsyS3W,data/covers/house/Kerri_Chandler_0VBC5IHz4wNedZsjVz6J4m.jpg
0OcMap99vLEeGkBCfCwRwS,hiphop,5K4W6rqBFWDnAN6FQUkS6x,data/covers/hiphop/JAY-Z_0OcMap99vLEeGkBCfCwRwS.jpg
3xbWu3mLkkWZvgHtExIaKZ,hiphop,3Mcii5XWf6E0lrY3Uky4cA,data/covers/hiphop/Ice_Cube_3xbWu3mLkkWZvgHtExIaKZ.jpg
1GG6U2SSJPHO6XsFiBzxYv,hiphop,4V8LLVI7PbaPR0K2TGSxFF,data/covers/hiphop/Tyler_The_Creator_1GG6U2SSJPHO6XsFiBzxYv.jpg
1aLXmOrUcq242ZlFI3DEIe,reggae,2QsynagSdAqZj3U9HgDzjD,data/covers/reggae/Bob_Marley_and_The_Wailers_1aLXmOrUcq242ZlFI3DEIe.jpg
22kp2ITg084dSo1G8yEVBg,techno,3AhwIUus3pIaA3CvYBEtpy,data/covers/techno/Plastikman_22kp2ITg084dSo1G8yEVBg.jpg
3cjmxh58XDxJvviYskIxdd,alternative_rock,6RZUqkomCmb8zCRqc9eznB,data/covers/alternative_rock/Placebo_3cjmxh58XDxJvviYskIxdd.jpg
5IEoiwkThhRmSMBANhpxl2,indie_rock,7Ln80lUS6He07XvHI8qqHH,data/covers/indie_rock/Arctic_Monkeys_5IEoiwkThhRmSMBANhpxl2.jpg
56NHcZykLVLJHbY9ykFDCn,house,0XfQBWgzisaS9ltDV9bXAS,data/covers/house/Honey_Dijon_56NHcZykLVLJHbY9ykFDCn.jpg
65sHj9PvsbyD0uugGHjueN,alternative_rock,3jOstUTkEu2JkjvRdBA5Gu,data/covers/alternative_rock/Weezer_65sHj9PvsbyD0uugGHjueN.jpg
452IPDL8Jda2KREYxgob4b,reggae,6ZFv3wQwwWPiVDWhv0mjQK,data/covers/reggae/Toots_and_The_Maytals_452IPDL8Jda2KREYxgob4b.jpg
6dB6FwA4jOF8Z2EpZEfJCI,country,4tw2Lmn9tTPUv7Gy7mVPI4,data/covers/country/Kenny_Rogers_6dB6FwA4jOF8Z2EpZEfJCI.jpg
4FqEHLgdiMHXboXIztMkkO,indie_rock,5wD0owYApRtYmjPWavWKvb,data/covers/indie_rock/Giant_Rooks_4FqEHLgdiMHXboXIztMkkO.jpg
3Y15ToDQVsM7YZaTHfczpt,classical,4Fw8f0YbjBs9suGEwInPJe,data/covers/classical/Paul_Hindemith_3Y15ToDQVsM7YZaTHfczpt.jpg
5Q2bxgAVZCznArLzXvsXMO,techno,3AhwIUus3pIaA3CvYBEtpy,data/covers/techno/Richie_Hawtin_5Q2bxgAVZCznArLzXvsXMO.jpg
1kmAaiqkejXEX8TKRrN1aF,country,7wCjDgV6nqBsHguQXPAaIM,data/covers/country/Waylon_Jennings_1kmAaiqkejXEX8TKRrN1aF.jpg
4RAIZHAkdmzR8awlPKH7Xh,techno,3csPCeXsj2wezyvkRFzvmV,data/covers/techno/Orbital_4RAIZHAkdmzR8awlPKH7Xh.jpg
4SBBGeRaboOnypEhVFRw38,house,6pJY5At9SiMpAOBrw9YosS,data/covers/house/Folamour_4SBBGeRaboOnypEhVFRw38.jpg
1DNSmmRLfv97Yjq7MTFWng,indie_rock,5INjqkS1o8h1imAzPqGZBb,data/covers/indie_rock/Tame_Impala_1DNSmmRLfv97Yjq7MTFWng.jpg
1PHR5pvFvHyMXlYbKC0pe8,metal,1IQ2e1buppatiN1bxUVkrk,data/covers/metal/Slayer_1PHR5pvFvHyMXlYbKC0pe8.jpg
4ovfTX9oAMcIlt2HDIjim1,jazz,73xPAo16RiiVu6X90p7UVb,data/covers/jazz/Rolf_Kuhn_4ovfTX9oAMcIlt2HDIjim1.jpg
5wZtSIvijWCMc1vlPFqAyB,alternative_rock,0L8ExT028jH3ddEcZwqJJ5,data/covers/alternative_rock/Red_Hot_Chili_Peppers_5wZtSIvijWCMc1vlPFqAyB.jpg
4alcGHjstaALJHHiljfy3H,hiphop,2YZyLoL8N0Wb9xBt1NhZWg,data/covers/hiphop/Kendrick_Lamar_4alcGHjstaALJHHiljfy3H.jpg
6VpeTKdpRKXmj06EowQ6BG,reggae,0UmBaQJflaHddKtf1lrA6F,data/covers/reggae/Dennis_Brown_6VpeTKdpRKXmj06EowQ6BG.jpg
3dgyrgFjKReIkIEtEYq3Wy,jazz,1VEzN9lxvG6KPR3QQGsebR,data/covers/jazz/Sonny_Rollins_3dgyrgFjKReIkIEtEYq3Wy.jpg
5xHStEOG8PsbzNQb7LkxZU,hiphop,3nFkdlSjzX9mRTtwJOzDYB,data/covers/hiphop/JAY-Z_5xHStEOG8PsbzNQb7LkxZU.jpg
1cyyJp2x73H6a5buSo0SvR,techno,15e0X6NuMsVuHi7AZhcfyI,data/covers/techno/James_Holden_1cyyJp2x73H6a5buSo0SvR.jpg
2GROf0WKoP5Er2M9RXVNNs,indie_rock,7Ln80lUS6He07XvHI8qqHH,data/covers/indie_rock/Arctic_Monkeys_2GROf0WKoP5Er2M9RXVNNs.jpg
0S4s1FCxl8wwfEhq0HFHE7,reggae,41ekW4MXG59xJMXR8dX1OG,data/covers/reggae/Alpha_Blondy_0S4s1FCxl8wwfEhq0HFHE7.jpg
5rDHgJqsjnIgr7hjCswpL7,hiphop,3Mcii5XWf6E0lrY3Uky4cA,data/covers/hiphop/Ice_Cube_5rDHgJqsjnIgr7hjCswpL7.jpg
7fH2wNj52IMMUMUyLQbFsT,reggae,0UmBaQJflaHddKtf1lrA6F,data/covers/reggae/Gregory_Isaacs_7fH2wNj52IMMUMUyLQbFsT.jpg
54gexkFvg7FE3JcbntQViI,alternative_rock,4pejUc4iciQfgdX6OKulQn,data/covers/alternative_rock/Queens_of_the_Stone_Age_54gexkFvg7FE3JcbntQViI.jpg
74cQBDmkkzRBntR064f0SD,alternative_rock,0L8ExT028jH3ddEcZwqJJ5,data/covers/alternative_rock/Red_Hot_Chili_Peppers_74cQBDmkkzRBntR064f0SD.jpg
7cZmdPqio08yh494uS6cxj,jazz,3rxeQlsv0Sc2nyYaZ5W71T,data/covers/jazz/Chet_Baker_7cZmdPqio08yh494uS6cxj.jpg
4imHR7i42w8AIoVMCBrb8Y,reggae,5keeQyPKYRxUCKDMECTXG3,data/covers/reggae/Black_Uhuru_4imHR7i42w8AIoVMCBrb8Y.jpg
5IyIjKnGkQbYGVpWenblSe,country,0BvkDsjIUla7X0k6CSWh1I,data/covers/country/Luke_Bryan_5IyIjKnGkQbYGVpWenblSe.jpg
5A7qhg1w3J1GVoPPTChYCF,alternative_rock,6olE6TJLqED3rqDCT0FyPh,data/covers/alternative_rock/Nirvana_5A7qhg1w3J1GVoPPTChYCF.jpg
5NNdsAK4p5mYeAjveQem0M,indie_rock,2QoU3awHVdcHS8LrZEKvSM,data/covers/indie_rock/Wilco_5NNdsAK4p5mYeAjveQem0M.jpg
4vdF3OV2BEm6wg0d9TrpaU,jazz,4gBdaOEelc50MG1QmlACtu,data/covers/jazz/Manfred_Schoof_4vdF3OV2BEm6wg0d9TrpaU.jpg
4m9bFYicqIM94Ceyim3ULg,alternative_rock,6zvul52xwTWzilBZl6BUbT,data/covers/alternative_rock/Pixies_4m9bFYicqIM94Ceyim3ULg.jpg
2I9uemu47lxbbHhRpM0sah,classical,3MKCzCnpzw3TjUYs2v7vDA,data/covers/classical/Erik_Satie_2I9uemu47lxbbHhRpM0sah.jpg
17mS71JVgCCYLVdVcG0aUT,alternative_rock,4KWTAlx2RvbpseOGMEmROg,data/covers/alternative_rock/REM_17mS71JVgCCYLVdVcG0aUT.jpg
68GdYpUJxIbdQoLX6xf7OI,jazz,1dykPF2xtMuwNNEIKtr1Sj,data/covers/jazz/Wolfgang_Haffner_68GdYpUJxIbdQoLX6xf7OI.jpg
2NzGG3ochgTG3RzGSBTuzr,country,2ptmyXoL7poH6Zq62h1QT9,data/covers/country/Merle_Haggard_2NzGG3ochgTG3RzGSBTuzr.jpg
28bVqBO08O6jcgirj9Yj0l,country,32vWCbZh0xZ4o9gkz4PsEU,data/covers/country/Dolly_Parton_28bVqBO08O6jcgirj9Yj0l.jpg
0vEt6UkpYZOpKxVO7H7j9Y,indie_rock,41SQP16hv1TioVYqdckmxT,data/covers/indie_rock/Real_Estate_0vEt6UkpYZOpKxVO7H7j9Y.jpg
3j8Mg3DogmEVXNYrHbDWeX,techno,1oZmFNkGAT93yD1xX4vTRE,data/covers/techno/Nina_Kraviz_3j8Mg3DogmEVXNYrHbDWeX.jpg
5W5R6Hue6ar2W6fFE4r6uM,hiphop,3Mcii5XWf6E0lrY3Uky4cA,data/covers/hiphop/Ice_Cube_5W5R6Hue6ar2W6fFE4r6uM.jpg
7E0cMiSuhpyzXmyoU5Zzfe,metal,1DFr97A9HnbV3SKTJFu62M,data/covers/metal/Motorhead_7E0cMiSuhpyzXmyoU5Zzfe.jpg
1W04wu2W4OIcuiNc5AMB3y,indie_rock,5BvJzeQpmsdsFp4HGUYUEx,data/covers/indie_rock/Vampire_Weekend_1W04wu2W4OIcuiNc5AMB3y.jpg
7JXjtz0F7VWwAboPCoyg14,country,6roFdX1y5BYSbp60OTJWMd,data/covers/country/Tim_McGraw_7JXjtz0F7VWwAboPCoyg14.jpg
6AbVbnrKb5LHvpiFRBPtQT,classical,436sYg6CZhNefQJogaXeK0,data/covers/classical/Camille_Saint-Saens_6AbVbnrKb5LHvpiFRBPtQT.jpg
58NXIEYqmq5dQHg9nV9duM,alternative_rock,64tNsm6TnZe2zpcMVMOoHL,data/covers/alternative_rock/Alice_in_Chains_58NXIEYqmq5dQHg9nV9duM.jpg
4rIT7o85FQB2KfTMMT4Pj0,alternative_rock,6RZUqkomCmb8zCRqc9eznB,data/covers/alternative_rock/Placebo_4rIT7o85FQB2KfTMMT4Pj0.jpg
4Jn7ICuweRDMzz37hztARn,metal,3JysSUOyfVs1UQ0UaESheP,data/covers/metal/Anthrax_4Jn7ICuweRDMzz37hztARn.jpg
0Fn7ZS5hRA3kMZPaVo99u9,house,6pohviZSNRueSX7uNu63ZX,data/covers/house/Moodymann_0Fn7ZS5hRA3kMZPaVo99u9.jpg
3zw3zBAScCn2bb2PDWQMCl,classical,2wOqMjp9TyABvtHdOSOTUS,data/covers/classical/Joseph_Haydn_3zw3zBAScCn2bb2PDWQMCl.jpg
4eqmJXPtpy2oCxgKeCZfTQ,classical,2UqjDAXnDxejEyE0CzfUrZ,data/covers/classical/Edward_Elgar_4eqmJXPtpy2oCxgKeCZfTQ.jpg
4eJ3FvJzSKUNJQ4lVecA7J,jazz,1YzCsTRb22dQkh9lghPIrp,data/covers/jazz/Billie_Holiday_4eJ3FvJzSKUNJQ4lVecA7J.jpg
3jxraBzHEhpHj9qETZSPmE,reggae,3VV18HyGcfLTqNjSjbROA1,data/covers/reggae/Morgan_Heritage_3jxraBzHEhpHj9qETZSPmE.jpg
4o1KnoVpzXZceJxyjELEQB,alternative_rock,6Ghvu1VvMGScGpOUJBAHNH,data/covers/alternative_rock/Deftones_4o1KnoVpzXZceJxyjELEQB.jpg
2GoGbCicW0q7sycH0qWel3,jazz,19eLuQmk9aCobbVDHc6eek,data/covers/jazz/Louis_Armstrong_2GoGbCicW0q7sycH0qWel3.jpg
3QOXA8bqsml8CslUdgHXrW,indie_rock,2Jv5eshHtLycR6R8KQCdc4,data/covers/indie_rock/Grizzly_Bear_3QOXA8bqsml8CslUdgHXrW.jpg
6D1tydNOSP2pWcHlMexO49,hiphop,7hJcb9fa4alzcOq3EaNPoG,data/covers/hiphop/Snoop_Dogg_6D1tydNOSP2pWcHlMexO49.jpg
4y8XSDLhjtdl5abvql7JUm,house,1iZiG82D4w7FLHvOUUj4zW,data/covers/house/Super_Flu_4y8XSDLhjtdl5abvql7JUm.jpg
1bkN9nIkkCnXeG4yitVS1J,hiphop,2YZyLoL8N0Wb9xBt1NhZWg,data/covers/hiphop/Kendrick_Lamar_1bkN9nIkkCnXeG4yitVS1J.jpg
3G8aHNTU8XRhHDPdgto8D8,alternative_rock,1V3Nl0Y3EZwqP38KHws6vB,data/covers/alternative_rock/H-Blockx_3G8aHNTU8XRhHDPdgto8D8.jpg
6H16l0aclr4Ck2t8xGGX5x,hiphop,6ynopZPMBXcIGBI9M02Un5,data/covers/hiphop/Haftbefehl_6H16l0aclr4Ck2t8xGGX5x.jpg
39yycJHBG2dIjrRVXqyYFR,hiphop,4LLpKhyESsyAXpc4laK94U,data/covers/hiphop/Mac_Miller_39yycJHBG2dIjrRVXqyYFR.jpg
1VFrH2lUWZRDR4WhG8UvvE,reggae,2QsynagSdAqZj3U9HgDzjD,data/covers/reggae/Bob_Marley_and_The_Wailers_1VFrH2lUWZRDR4WhG8UvvE.jpg
1Sf8GsXG32t0jNrX11xqWx,hiphop,0Y5tJX1MQlPlqiwlOH1tJY,data/covers/hiphop/Travis_Scott_1Sf8GsXG32t0jNrX11xqWx.jpg
3sxJpkdsLs0F2D3cSsrYEB,metal,3JFsVIxOn7STeilPICkkB2,data/covers/metal/Lamb_of_God_3sxJpkdsLs0F2D3cSsrYEB.jpg
2QML6CksOvb8U9uKow63fy,reggae,6qfKnsgz1CwyqA7lTdieRJ,data/covers/reggae/Third_World_2QML6CksOvb8U9uKow63fy.jpg
5JLzcvxjnciQcXnprdBs3V,techno,2eIDAcLKnWc4D350YyzvgS,data/covers/techno/Jeff_Mills_5JLzcvxjnciQcXnprdBs3V.jpg
4nWouEZjo09ziipGXBW1c6,metal,7954VFaZClkL503srfV5PE,data/covers/metal/Running_Wild_4nWouEZjo09ziipGXBW1c6.jpg
4MH39TSKNijXly27EtMiLJ,jazz,1YzCsTRb22dQkh9lghPIrp,data/covers/jazz/Billie_Holiday_4MH39TSKNijXly27EtMiLJ.jpg
6pX5tzhTKDe1NgE4voQpaF,techno,6WH1V41LwGDGmlPUhSZLHO,data/covers/techno/Autechre_6pX5tzhTKDe1NgE4voQpaF.jpg
1OnkMYNWQw0Wrqz2QIIfJ8,classical,34MYamymtmnsmpwbqydd7I,data/covers/classical/Alexander_Borodin_1OnkMYNWQw0Wrqz2QIIfJ8.jpg
5cLkbqs0qo552lJvXH1JTH,techno,1GhPHrq36VKCY3ucVaZCfo,data/covers/techno/The_Chemical_Brothers_5cLkbqs0qo552lJvXH1JTH.jpg
7IDOU3byCWFcvpt1JI45cP,techno,3tSvlEzeDnVbQJBTkIA6nO,data/covers/techno/Christian_Loffler_7IDOU3byCWFcvpt1JI45cP.jpg
0SyEsGffJ9ZqvRkuVrzOlB,country,0BvkDsjIUla7X0k6CSWh1I,data/covers/country/Luke_Bryan_0SyEsGffJ9ZqvRkuVrzOlB.jpg
44RnWKv74pRS6AVT84FTQb,classical,2ANtgfhQkKpsW6EYSDqldz,data/covers/classical/Edward_Elgar_44RnWKv74pRS6AVT84FTQb.jpg
0JxBiJVEmzFJdbMwgLohC1,country,5vngPClqofybhPERIqQMYd,data/covers/country/George_Strait_0JxBiJVEmzFJdbMwgLohC1.jpg
2z8iibF0hCuBb9h9gYkuO7,indie_rock,3inCNiUr4R6XQ3W43s9Aqi,data/covers/indie_rock/Pavement_2z8iibF0hCuBb9h9gYkuO7.jpg
6lSOhe2lVDiEHE4AUNbMwl,jazz,19eLuQmk9aCobbVDHc6eek,data/covers/jazz/Ella_Fitzgerald_6lSOhe2lVDiEHE4AUNbMwl.jpg
0g9OwB4OZRBsds62X7VK3h,indie_rock,0YrtvWJMgSdVrk3SfNjTbx,data/covers/indie_rock/Death_Cab_for_Cutie_0g9OwB4OZRBsds62X7VK3h.jpg
3HIfNi3A7HHn8nNmiflOaA,jazz,3rxeQlsv0Sc2nyYaZ5W71T,data/covers/jazz/Chet_Baker_3HIfNi3A7HHn8nNmiflOaA.jpg
2FGOpJp7FPmtwjU94Y0rSb,reggae,3j7Sw80qzL2FJlryUhI3wG,data/covers/reggae/Shabba_Ranks_2FGOpJp7FPmtwjU94Y0rSb.jpg
69stw7RPrOIbfT927Qrk4F,reggae,3j7Sw80qzL2FJlryUhI3wG,data/covers/reggae/Shabba_Ranks_69stw7RPrOIbfT927Qrk4F.jpg
4LaRYkT4oy47wEuQgkLBul,alternative_rock,2d0hyoQ5ynDBnkvAbJKORj,data/covers/alternative_rock/Rage_Against_the_Machine_4LaRYkT4oy47wEuQgkLBul.jpg
5FP9keIJnlSCKnkdVOf623,hiphop,6l3HvQ5sa6mXTsMTB19rO5,data/covers/hiphop/J_Cole_5FP9keIJnlSCKnkdVOf623.jpg
7hzJ5rxhsKwGY4cNEEmrSA,metal,1IQ2e1buppatiN1bxUVkrk,data/covers/metal/Slayer_7hzJ5rxhsKwGY4cNEEmrSA.jpg
3C2uG8aJwuspcoKvbPBFbX,jazz,4jXfFzeP66Zy67HM2mvIIF,data/covers/jazz/Bill_Evans_3C2uG8aJwuspcoKvbPBFbX.jpg
3CAvWepoxL7CeqcYnwBOnv,jazz,7MbjIv3XpMc2ciNcoWHFcS,data/covers/jazz/Michael_Wollny_3CAvWepoxL7CeqcYnwBOnv.jpg
0LKOlxflzwKoZerUQLtSmJ,metal,5M52tdBnJaKSvOpJGz8mfZ,data/covers/metal/Black_Sabbath_0LKOlxflzwKoZerUQLtSmJ.jpg
7GoZNNb7Yl74fpk8Z6I2cv,hiphop,3nFkdlSjzX9mRTtwJOzDYB,data/covers/hiphop/JAY-Z_7GoZNNb7Yl74fpk8Z6I2cv.jpg
3DrgM5X3yX1JP1liNLAOHI,indie_rock,3kjuyTCjPG1WMFCiyc5IuB,data/covers/indie_rock/Arcade_Fire_3DrgM5X3yX1JP1liNLAOHI.jpg
4PEh2b38J4LJCfc7FzhtlK,metal,1DFr97A9HnbV3SKTJFu62M,data/covers/metal/Motorhead_4PEh2b38J4LJCfc7FzhtlK.jpg
6X4w3XifxQVXdKDgwgD7Wk,jazz,2hGh5VOeeqimQFxqXvfCUf,data/covers/jazz/John_Coltrane_6X4w3XifxQVXdKDgwgD7Wk.jpg
7tCnmn9QvojHgEDCWG6xXs,metal,57ylwQTnFnIhJh4nu4rxCs,data/covers/metal/In_Flames_7tCnmn9QvojHgEDCWG6xXs.jpg
20r762YmB5HeofjMCiPMLv,hiphop,5K4W6rqBFWDnAN6FQUkS6x,data/covers/hiphop/Kanye_West_20r762YmB5HeofjMCiPMLv.jpg
1OWVxa79HkgHGOX8qt9Vxf,hiphop,1ZwdS5xdxEREPySFridCfh,data/covers/hiphop/2Pac_1OWVxa79HkgHGOX8qt9Vxf.jpg
1PKL24mnakuCYCZkHgKgwJ,indie_rock,536BYVgOnRky0xjsPT96zl,data/covers/indie_rock/Two_Door_Cinema_Club_1PKL24mnakuCYCZkHgKgwJ.jpg
2k2m2GaoRsa0aDxo6Z2lEQ,metal,2tRsMl4eGxwoNabM08Dm4I,data/covers/metal/Judas_Priest_2k2m2GaoRsa0aDxo6Z2lEQ.jpg
5XzXkw96kKCXo8IJi7bha1,jazz,73xPAo16RiiVu6X90p7UVb,data/covers/jazz/Rolf_Kuhn_5XzXkw96kKCXo8IJi7bha1.jpg
78tXJfTs54x8GO5aq4rbVE,indie_rock,6pmxr66tMAePxzOLfjGNcX,data/covers/indie_rock/Beirut_78tXJfTs54x8GO5aq4rbVE.jpg
0XH7kbIXE40qi6FyLQlp87,classical,430byzy0c5bPn5opiu0SRd,data/covers/classical/Edward_Elgar_0XH7kbIXE40qi6FyLQlp87.jpg
1GWWErA3u49ANQoGygvziN,house,37uLId6Z5ZXCx19vuruvv5,data/covers/house/Hot_Chip_1GWWErA3u49ANQoGygvziN.jpg
6oHpXC25QR38ZDgpTqKiUz,reggae,5WcGRaGsl0b9sul7jVdDgc,data/covers/reggae/Don_Carlos_6oHpXC25QR38ZDgpTqKiUz.jpg
3aRkeXqWFdxFNumHJe0hDc,jazz,4jXfFzeP66Zy67HM2mvIIF,data/covers/jazz/Bill_Evans_3aRkeXqWFdxFNumHJe0hDc.jpg
49jjbHF29rJ1ARMIle6nZo,indie_rock,3WaJSfKnzc65VDgmj2zU8B,data/covers/indie_rock/Interpol_49jjbHF29rJ1ARMIle6nZo.jpg
32bJgeIOAFiNkucTCje5O5,indie_rock,56ZTgzPBDge0OvCGgMO3OY,data/covers/indie_rock/Beach_House_32bJgeIOAFiNkucTCje5O5.jpg
2yQ0gnJqaKIa9rufOe44Vn,house,4mncDFjVLUa3s025Tct3Ry,data/covers/house/Claptone_2yQ0gnJqaKIa9rufOe44Vn.jpg
3BVtphNjEG5djS7JKPhn7T,reggae,6UL7BodGc5iVmQGlMwHR0g,data/covers/reggae/Steel_Pulse_3BVtphNjEG5djS7JKPhn7T.jpg
7JAuECEqE5vWNqqpzcklS7,reggae,389zc5Rwe0MPcE6mSF4AjC,data/covers/reggae/Bunny_Wailer_7JAuECEqE5vWNqqpzcklS7.jpg
2mKWlVbOOubHmj6n2s2czx,classical,5aIqB5nVVvmFsvSdExz408,data/covers/classical/Johann_Sebastian_Bach_2mKWlVbOOubHmj6n2s2czx.jpg
1Trg5OuUpkNFLF21HdbOg6,country,0BvkDsjIUla7X0k6CSWh1I,data/covers/country/Luke_Bryan_1Trg5OuUpkNFLF21HdbOg6.jpg
0dLnnm4PjeyqM4CoHqo6DI,house,1gR0gsQYfi6joyO1dlp76N,data/covers/house/Justice_0dLnnm4PjeyqM4CoHqo6DI.jpg
1gdB9kn59KSAVG5VQcjdHi,metal,6mdiAmATAx73kdxrNrnlao,data/covers/metal/Iron_Maiden_1gdB9kn59KSAVG5VQcjdHi.jpg
1n8QZFcwx5aQ2LIIlj0iYe,metal,1Dvfqq39HxvCJ3GvfeIFuT,data/covers/metal/Mastodon_1n8QZFcwx5aQ2LIIlj0iYe.jpg
3C2MFZ2iHotUQOSBzdSvM7,indie_rock,5INjqkS1o8h1imAzPqGZBb,data/covers/indie_rock/Tame_Impala_3C2MFZ2iHotUQOSBzdSvM7.jpg
1V5YIHKqKdsQDdVQURKk02,house,3qMRvSHJpaRjGDkIeNMoGz,data/covers/house/Theo_Parrish_1V5YIHKqKdsQDdVQURKk02.jpg
3nwri7yZ49C9ZKx8Ku10pn,country,7wCjDgV6nqBsHguQXPAaIM,data/covers/country/Waylon_Jennings_3nwri7yZ49C9ZKx8Ku10pn.jpg
796C60OmYLvdokhHSfrnrE,techno,5zovXI5By2gUhdr7EByjLa,data/covers/techno/Monkey_Safari_796C60OmYLvdokhHSfrnrE.jpg
799I2k2TkWYZgot4HkSJXH,indie_rock,5wD0owYApRtYmjPWavWKvb,data/covers/indie_rock/Giant_Rooks_799I2k2TkWYZgot4HkSJXH.jpg
41GuZcammIkupMPKH2OJ6I,hiphop,0Y5tJX1MQlPlqiwlOH1tJY,data/covers/hiphop/Travis_Scott_41GuZcammIkupMPKH2OJ6I.jpg
5jVU78xvmaqPWJV7HaZqqj,alternative_rock,12Chz98pHFMPJEknJQMWvI,data/covers/alternative_rock/Muse_5jVU78xvmaqPWJV7HaZqqj.jpg
6l1ZSwtU3tTfRrk4Xreiew,alternative_rock,4KWTAlx2RvbpseOGMEmROg,data/covers/alternative_rock/REM_6l1ZSwtU3tTfRrk4Xreiew.jpg
4p354VnC5N2sxacZpZgRPn,jazz,73xPAo16RiiVu6X90p7UVb,data/covers/jazz/Rolf_Kuhn_4p354VnC5N2sxacZpZgRPn.jpg
7v8PSSbB0vEmUVOGtjrGnh,reggae,41ekW4MXG59xJMXR8dX1OG,data/covers/reggae/Alpha_Blondy_7v8PSSbB0vEmUVOGtjrGnh.jpg
0j5ordW5EZlElgcED0p1JH,alternative_rock,2d0hyoQ5ynDBnkvAbJKORj,data/covers/alternative_rock/Rage_Against_the_Machine_0j5ordW5EZlElgcED0p1JH.jpg
5mvHTVy1iUIkAflIufoOpj,indie_rock,1yAwtBaoHLEDWAnWR87hBT,data/covers/indie_rock/Modest_Mouse_5mvHTVy1iUIkAflIufoOpj.jpg
6ZNoVc15w0AyCOkwNhxHjW,house,6wMr4zKPrrR0UVz08WtUWc,data/covers/house/Black_Coffee_6ZNoVc15w0AyCOkwNhxHjW.jpg
17HvkzvYLbhUiAq0UDqo1h,techno,5ipQlfnpRCtyOuhYqvPvQ8,data/covers/techno/Robert_Hood_17HvkzvYLbhUiAq0UDqo1h.jpg
7ub0oIH6wQJN5amS2FanXk,indie_rock,2QoU3awHVdcHS8LrZEKvSM,data/covers/indie_rock/Wilco_7ub0oIH6wQJN5amS2FanXk.jpg
6mm1Skz3JE6AXneya9Nyiv,indie_rock,0SwO7SWeDHJijQ3XNS7xEE,data/covers/indie_rock/MGMT_6mm1Skz3JE6AXneya9Nyiv.jpg
1HWNpcD8bvszEk4AtFnhY5,metal,3JysSUOyfVs1UQ0UaESheP,data/covers/metal/Anthrax_1HWNpcD8bvszEk4AtFnhY5.jpg
77Lae5VorRCNpgZFMW8yRO,techno,6kBDZFXuLrZgHnvmPu9NsG,data/covers/techno/Aphex_Twin_77Lae5VorRCNpgZFMW8yRO.jpg
4HpnRcfCzdsQo4lbRVgVBY,classical,4kHtgiRnpmFIV5Tm4BIs8l,data/covers/classical/Sergei_Prokofiev_4HpnRcfCzdsQo4lbRVgVBY.jpg
33Se3F8OJKVPXKq5AHOS8N,house,3qMRvSHJpaRjGDkIeNMoGz,data/covers/house/Theo_Parrish_33Se3F8OJKVPXKq5AHOS8N.jpg
2SZZihZiCsFo87NKxDfxlH,techno,6kBDZFXuLrZgHnvmPu9NsG,data/covers/techno/Aphex_Twin_2SZZihZiCsFo87NKxDfxlH.jpg
18iQ8iJsyp1LE9GioAfRVH,country,7wCjDgV6nqBsHguQXPAaIM,data/covers/country/Waylon_Jennings_18iQ8iJsyp1LE9GioAfRVH.jpg
5Wp0EJVppOLDIlaOLUQZXU,alternative_rock,4KWTAlx2RvbpseOGMEmROg,data/covers/alternative_rock/REM_5Wp0EJVppOLDIlaOLUQZXU.jpg
0t6vaUf3Qgf9DjDW5hm2ii,techno,2eIDAcLKnWc4D350YyzvgS,data/covers/techno/Jeff_Mills_0t6vaUf3Qgf9DjDW5hm2ii.jpg
7zg9ZSOQtYLjWnvSawflg6,hiphop,5me0Irg2ANcsgc93uaYrpb,data/covers/hiphop/The_Notorious_BIG_7zg9ZSOQtYLjWnvSawflg6.jpg
6YqaN9XimQq9onWnfXtibD,classical,2qpchAUtJNY45rG7auwQgz,data/covers/classical/Max_Reger_6YqaN9XimQq9onWnfXtibD.jpg
6LnmachbDcHJ2Q5zZnoBrv,alternative_rock,5FYfIAuN8mV5KgVtugwfc0,data/covers/alternative_rock/Revolverheld_6LnmachbDcHJ2Q5zZnoBrv.jpg
2ClZ9xWAYg1BH8zkR96dJo,house,4oLeXFyACqeem2VImYeBFe,data/covers/house/Fred_again_2ClZ9xWAYg1BH8zkR96dJo.jpg
17Jk6yk8UbNOgInqXDCUVO,jazz,73xPAo16RiiVu6X90p7UVb,data/covers/jazz/Rolf_Kuhn_17Jk6yk8UbNOgInqXDCUVO.jpg
4pywjOUh4t2m2QvMV8KRw1,reggae,6qfKnsgz1CwyqA7lTdieRJ,data/covers/reggae/Third_World_4pywjOUh4t2m2QvMV8KRw1.jpg
40CAHj7j28GUQmTKo5Ai71,jazz,4jXfFzeP66Zy67HM2mvIIF,data/covers/jazz/Bill_Evans_40CAHj7j28GUQmTKo5Ai71.jpg
4Ap8ue6rJEhhxcMOGNrQlm,house,3qMRvSHJpaRjGDkIeNMoGz,data/covers/house/Theo_Parrish_4Ap8ue6rJEhhxcMOGNrQlm.jpg
3LaJpJFSY3cmLFEHJl2z6E,indie_rock,5hAhrnb0Ch4ODwWu4tsbpi,data/covers/indie_rock/Yo_La_Tengo_3LaJpJFSY3cmLFEHJl2z6E.jpg
2zTpilXCWDFTXvZ0nWZuUS,techno,5akVqMzdZOdbMYbE4vNZWD,data/covers/techno/Plaid_2zTpilXCWDFTXvZ0nWZuUS.jpg
4mYnwRs3nCds1vIZn6oMFd,house,0RBnTX5xoVa1bDYt9Qbies,data/covers/house/Floorplan_4mYnwRs3nCds1vIZn6oMFd.jpg
6ofEQubaL265rIW6WnCU8y,alternative_rock,4Z8W4fKeB5YxbusRsdQVPb,data/covers/alternative_rock/Radiohead_6ofEQubaL265rIW6WnCU8y.jpg
2b1eij1R1tHppx4M5ZZTrF,house,6pJY5At9SiMpAOBrw9YosS,data/covers/house/Folamour_2b1eij1R1tHppx4M5ZZTrF.jpg
1D4fI3BbLIJL1aNhGztjUK,alternative_rock,1w5Kfo2jwwIPruYS2UWh56,data/covers/alternative_rock/Pearl_Jam_1D4fI3BbLIJL1aNhGztjUK.jpg
600BVck2XflTAsEo0KhIfm,indie_rock,56ZTgzPBDge0OvCGgMO3OY,data/covers/indie_rock/Beach_House_600BVck2XflTAsEo0KhIfm.jpg
5C40IE0VAEHNZJcpwUxoNY,techno,1GhPHrq36VKCY3ucVaZCfo,data/covers/techno/The_Chemical_Brothers_5C40IE0VAEHNZJcpwUxoNY.jpg
0yO8HSwzcU5iU1xQXuLKs2,house,3qMRvSHJpaRjGDkIeNMoGz,data/covers/house/Theo_Parrish_0yO8HSwzcU5iU1xQXuLKs2.jpg
7zURSbIVZ5vl3NIKkrVRvl,hiphop,1ZwdS5xdxEREPySFridCfh,data/covers/hiphop/2Pac_7zURSbIVZ5vl3NIKkrVRvl.jpg
3na24PKpM5Bh0xwvIcpPms,house,6pJY5At9SiMpAOBrw9YosS,data/covers/house/Folamour_3na24PKpM5Bh0xwvIcpPms.jpg
3zIrVMrwfJh0pTK9qVtTev,house,6jOz2B9qeID4dLP1o8bFGf,data/covers/house/Crazy_P_3zIrVMrwfJh0pTK9qVtTev.jpg
1Dsbv2HTqGfZ6rSE3maf3C,classical,6s1pCNXcbdtQJlsnM1hRIA,data/covers/classical/Dmitri_Shostakovich_1Dsbv2HTqGfZ6rSE3maf3C.jpg
6DN7GcZF1HywzrkGN6Eeqk,hiphop,7dGJo4pcD2V6oG8kP0tJRR,data/covers/hiphop/Eminem_6DN7GcZF1HywzrkGN6Eeqk.jpg
0EIXc1Tel5YgccztKXCaLe,reggae,3VV18HyGcfLTqNjSjbROA1,data/covers/reggae/Morgan_Heritage_0EIXc1Tel5YgccztKXCaLe.jpg
5vqHeXkFzPlMQRa76EHx1q,reggae,5WcGRaGsl0b9sul7jVdDgc,data/covers/reggae/Don_Carlos_5vqHeXkFzPlMQRa76EHx1q.jpg
15VpRFtPtfGZ0RJSlnxZPx,reggae,6qaKS0nzGP4hfjl4aFZmEU,data/covers/reggae/Burning_Spear_15VpRFtPtfGZ0RJSlnxZPx.jpg
3A2fZrIyCHutH5BYQjfvId,jazz,19eLuQmk9aCobbVDHc6eek,data/covers/jazz/Louis_Armstrong_3A2fZrIyCHutH5BYQjfvId.jpg
2ANFIaCb53iam0MBkFFoxY,hiphop,4LLpKhyESsyAXpc4laK94U,data/covers/hiphop/Mac_Miller_2ANFIaCb53iam0MBkFFoxY.jpg
4MyzEybeVnXybxuvZhZI3q,techno,5ipQlfnpRCtyOuhYqvPvQ8,data/covers/techno/Robert_Hood_4MyzEybeVnXybxuvZhZI3q.jpg
1XKT456HjHTeUw56O9HQEe,country,70kkdajctXSbqSMJbQO424,data/covers/country/Kacey_Musgraves_1XKT456HjHTeUw56O9HQEe.jpg
47A1S28mO1RWQEeHnmW0Pz,reggae,5WcGRaGsl0b9sul7jVdDgc,data/covers/reggae/Don_Carlos_47A1S28mO1RWQEeHnmW0Pz.jpg
5TC9oSol9ZQwXQk8XcsD7i,alternative_rock,2DaxqgrOhkeH0fpeiQq2f4,data/covers/alternative_rock/Oasis_5TC9oSol9ZQwXQk8XcsD7i.jpg
1jHC0GAW4eK9ZGa0OblnzU,classical,17hR0sYHpx7VYTMRfFUOmY,data/covers/classical/Camille_Saint-Saens_1jHC0GAW4eK9ZGa0OblnzU.jpg
5B1IW4X9Dc54UBMxdO8dsA,classical,17hR0sYHpx7VYTMRfFUOmY,data/covers/classical/Edward_Elgar_5B1IW4X9Dc54UBMxdO8dsA.jpg
4P0deMCvQm7mXiay5Wslp7,reggae,6qfKnsgz1CwyqA7lTdieRJ,data/covers/reggae/Third_World_4P0deMCvQm7mXiay5Wslp7.jpg
4lB6VBbvMHJTh36Mlocqpw,jazz,19eLuQmk9aCobbVDHc6eek,data/covers/jazz/Louis_Armstrong_4lB6VBbvMHJTh36Mlocqpw.jpg
78iX7tMceN0FsnmabAtlOC,hiphop,1ZwdS5xdxEREPySFridCfh,data/covers/hiphop/2Pac_78iX7tMceN0FsnmabAtlOC.jpg
4T8xTIfqXUcwHR4JJinbBx,country,4mxWe1mtYIYfP040G38yvS,data/covers/country/Alan_Jackson_4T8xTIfqXUcwHR4JJinbBx.jpg
1Dh27pjT3IEdiRG9Se5uQn,alternative_rock,12Chz98pHFMPJEknJQMWvI,data/covers/alternative_rock/Muse_1Dh27pjT3IEdiRG9Se5uQn.jpg
4qyARW3GKKRUT55UnBw6Ym,reggae,3rJ3m1tM6vUgiWLjfV8sRf,data/covers/reggae/Jimmy_Cliff_4qyARW3GKKRUT55UnBw6Ym.jpg
7LhEJGta4uIPtAMC5AQm5n,jazz,63ZJSdxmTX5wWRMoS1C5ph,data/covers/jazz/Joachim_Kuhn_7LhEJGta4uIPtAMC5AQm5n.jpg
71YPrvk0AIeyWKXqf7ZzVz,house,6wMr4zKPrrR0UVz08WtUWc,data/covers/house/Black_Coffee_71YPrvk0AIeyWKXqf7ZzVz.jpg
1zQ6F8gMagKcPL4SoA80cx,alternative_rock,7jy3rLJdDQY21OgRLCZ9sD,data/covers/alternative_rock/Foo_Fighters_1zQ6F8gMagKcPL4SoA80cx.jpg
35tPAHyEIv5OcFf5q3BQSe,jazz,4Ww5mwS7BWYjoZTUIrMHfC,data/covers/jazz/Charlie_Parker_35tPAHyEIv5OcFf5q3BQSe.jpg
6u4KYeXKoHUP8CBUZxYrsx,jazz,4Ww5mwS7BWYjoZTUIrMHfC,data/covers/jazz/Charlie_Parker_6u4KYeXKoHUP8CBUZxYrsx.jpg
0TN1RhdD9aNMBDDBvp9xIl,jazz,63ZJSdxmTX5wWRMoS1C5ph,data/covers/jazz/Joachim_Kuhn_0TN1RhdD9aNMBDDBvp9xIl.jpg
4JmphteFDt5gNZbgraR9Dc,country,1UTPBmNbXNTittyMJrNkvw,data/covers/country/Blake_Shelton_4JmphteFDt5gNZbgraR9Dc.jpg
2q1yFtPevPCNlp06WDzfFc,techno,5zovXI5By2gUhdr7EByjLa,data/covers/techno/Monkey_Safari_2q1yFtPevPCNlp06WDzfFc.jpg
7l7Q2sLrLHTasxTvqm5VxN,metal,5M52tdBnJaKSvOpJGz8mfZ,data/covers/metal/Black_Sabbath_7l7Q2sLrLHTasxTvqm5VxN.jpg
79fKra4fmUcktHD2BlUk8e,hiphop,1ZwdS5xdxEREPySFridCfh,data/covers/hiphop/2Pac_79fKra4fmUcktHD2BlUk8e.jpg
4FtTVWbQrzbgppwycFSHFa,house,6pohviZSNRueSX7uNu63ZX,data/covers/house/Moodymann_4FtTVWbQrzbgppwycFSHFa.jpg
3mFU7Nnazc6KLzoLgzxpPo,reggae,0UmBaQJflaHddKtf1lrA6F,data/covers/reggae/Dennis_Brown_3mFU7Nnazc6KLzoLgzxpPo.jpg
3LbLpd77kdLBlTcb74vPCL,jazz,3kUKwTJdH8FuWzF8p6Dg9E,data/covers/jazz/Dave_Brubeck_3LbLpd77kdLBlTcb74vPCL.jpg
4Ximzrnksqi1ZttRAXbge6,metal,5GLeyUhj8B8f5pJxqZllKl,data/covers/metal/Doro_4Ximzrnksqi1ZttRAXbge6.jpg
0EQxCQA72TvrOu2YF6nxJy,jazz,5RzjqfPS0Bu4bUMkyNNDpn,data/covers/jazz/Dizzy_Gillespie_0EQxCQA72TvrOu2YF6nxJy.jpg
1IF8NvtrKDycavQgwFMmMQ,hiphop,5me0Irg2ANcsgc93uaYrpb,data/covers/hiphop/The_Notorious_BIG_1IF8NvtrKDycavQgwFMmMQ.jpg
7o14zVcXSRk7clV6QCEdOD,indie_rock,3inCNiUr4R6XQ3W43s9Aqi,data/covers/indie_rock/Pavement_7o14zVcXSRk7clV6QCEdOD.jpg
2qfx8n5K7sctwEmoJ4uyEG,classical,34MYamymtmnsmpwbqydd7I,data/covers/classical/Alexander_Borodin_2qfx8n5K7sctwEmoJ4uyEG.jpg
6wp1us3xBnYz5qldxrZXRf,house,6nS5roXSAGhTGr34W6n7Et,data/covers/house/Disclosure_6wp1us3xBnYz5qldxrZXRf.jpg
50yFYgKdwJANZ5O9MIbMkg,hiphop,55Aa2cqylxrFIXC767Z865,data/covers/hiphop/Lil_Wayne_50yFYgKdwJANZ5O9MIbMkg.jpg
7aqMMzs8IIm3wZDE1ENjVo,reggae,6qaKS0nzGP4hfjl4aFZmEU,data/covers/reggae/Burning_Spear_7aqMMzs8IIm3wZDE1ENjVo.jpg
2M1uYuTbWE57TuKNIfDDxa,metal,7jxJ25p0pPjk0MStloN6o6,data/covers/metal/Blind_Guardian_2M1uYuTbWE57TuKNIfDDxa.jpg
7w5COkBSsfMksBbXnDVog2,techno,4O71i7ke5iIBX6RNSFoZbS,data/covers/techno/Trentemoller_7w5COkBSsfMksBbXnDVog2.jpg
4CRClipJtb28FA0rwXw0QK,reggae,0UmBaQJflaHddKtf1lrA6F,data/covers/reggae/Dennis_Brown_4CRClipJtb28FA0rwXw0QK.jpg
03srSIJshSQQOh2vJ3uVZi,alternative_rock,4pejUc4iciQfgdX6OKulQn,data/covers/alternative_rock/Queens_of_the_Stone_Age_03srSIJshSQQOh2vJ3uVZi.jpg
4D9GygCWZnsM3qD7xZpzDO,house,4mncDFjVLUa3s025Tct3Ry,data/covers/house/Claptone_4D9GygCWZnsM3qD7xZpzDO.jpg
6qWsegjTEfvRTsKFzhlFPs,techno,6WH1V41LwGDGmlPUhSZLHO,data/covers/techno/Autechre_6qWsegjTEfvRTsKFzhlFPs.jpg
4rI0G1GF1vtMB92jUsUr6U,house,3hwmrS8MSceZwnZYvZFf97,data/covers/house/Move_D_4rI0G1GF1vtMB92jUsUr6U.jpg
5EIVoKtfgnSc0nPzJS6lzy,alternative_rock,12Chz98pHFMPJEknJQMWvI,data/covers/alternative_rock/Muse_5EIVoKtfgnSc0nPzJS6lzy.jpg
3KbC2PqMhUfvCiMXqU2Kbp,reggae,6ZFv3wQwwWPiVDWhv0mjQK,data/covers/reggae/Toots_and_The_Maytals_3KbC2PqMhUfvCiMXqU2Kbp.jpg
0PawBkA4uILorWxCznhj8U,classical,5wTAi7QkpP6kp8a54lmTOq,data/covers/classical/Johannes_Brahms_0PawBkA4uILorWxCznhj8U.jpg
186HTycU1jAk9PociChcpO,house,3h11MHQeCrcsUgRRijI1zL,data/covers/house/Mark_Knight_186HTycU1jAk9PociChcpO.jpg
1Il7FeqE0654j2koP0iPrk,reggae,6QHu71f8LLeT8n0GzfbYFc,data/covers/reggae/Gregory_Isaacs_1Il7FeqE0654j2koP0iPrk.jpg
6E7NTZkQWnxZhfKwDwsMaq,indie_rock,3XHO7cRUPCLOr6jwp8vsx5,data/covers/indie_rock/Alt-J_6E7NTZkQWnxZhfKwDwsMaq.jpg
65bVa55LFhY4PLx0kg8LjW,indie_rock,56ZTgzPBDge0OvCGgMO3OY,data/covers/indie_rock/Beach_House_65bVa55LFhY4PLx0kg8LjW.jpg
47BiFcV59TQi2s9SkBo2pb,hiphop,7dGJo4pcD2V6oG8kP0tJRR,data/covers/hiphop/Eminem_47BiFcV59TQi2s9SkBo2pb.jpg
17Tz1co5AEuvo9HS0FNlOG,techno,1PSylklb2w06BAAHEtepqM,data/covers/techno/Surgeon_17Tz1co5AEuvo9HS0FNlOG.jpg
0d7mWb6RQzGhVE30gFLFTt,reggae,6qaKS0nzGP4hfjl4aFZmEU,data/covers/reggae/Burning_Spear_0d7mWb6RQzGhVE30gFLFTt.jpg
0xwLrIUVkdrHSOnirqBdOA,house,47UDvjDVedKddLfGWk3keI,data/covers/house/Robag_Wruhme_0xwLrIUVkdrHSOnirqBdOA.jpg
4FadyDiKQqyxZEhU6qQDDX,house,6jOz2B9qeID4dLP1o8bFGf,data/covers/house/Crazy_P_4FadyDiKQqyxZEhU6qQDDX.jpg
3WQpmFc7GonmzN40EjbbKY,techno,1PXHzxRDiLnjqNrRn2Xbsa,data/covers/techno/Underworld_3WQpmFc7GonmzN40EjbbKY.jpg
50A9Yv2SPJByoZIDO5WVzG,country,32vWCbZh0xZ4o9gkz4PsEU,data/covers/country/Dolly_Parton_50A9Yv2SPJByoZIDO5WVzG.jpg
4DkSAOFnWkgrXske8pzELq,country,0BvkDsjIUla7X0k6CSWh1I,data/covers/country/Luke_Bryan_4DkSAOFnWkgrXske8pzELq.jpg
5TnsMeSpZmRgCadWe07nDU,reggae,6ZFv3wQwwWPiVDWhv0mjQK,data/covers/reggae/Toots_and_The_Maytals_5TnsMeSpZmRgCadWe07nDU.jpg
1ZkGNUz1un0b3Z7EsJl3ci,hiphop,5K4W6rqBFWDnAN6FQUkS6x,data/covers/hiphop/Kanye_West_1ZkGNUz1un0b3Z7EsJl3ci.jpg
7dqpveMVcWgbzqYrOdkFTD,hiphop,3TVXtAsR1Inumwj472S9r4,data/covers/hiphop/Drake_7dqpveMVcWgbzqYrOdkFTD.jpg
1vKKXLwobiiv6911TVUjua,jazz,4jXfFzeP66Zy67HM2mvIIF,data/covers/jazz/Bill_Evans_1vKKXLwobiiv6911TVUjua.jpg
4HiZ6Elj4ZkMZok4UavBwJ,alternative_rock,1V3Nl0Y3EZwqP38KHws6vB,data/covers/alternative_rock/H-Blockx_4HiZ6Elj4ZkMZok4UavBwJ.jpg
4LdquqwQoyu1pE6Vq8PIha,metal,14pVkFUHDL207LzLHtSA18,data/covers/metal/Pantera_4LdquqwQoyu1pE6Vq8PIha.jpg
2owWAe2Sg7kh14s1JzR67u,country,4xFUf1FHVy696Q1JQZMTRj,data/covers/country/Carrie_Underwood_2owWAe2Sg7kh14s1JzR67u.jpg
3194Mf7OpqJqCGJpv9lRFB,techno,5akVqMzdZOdbMYbE4vNZWD,data/covers/techno/Plaid_3194Mf7OpqJqCGJpv9lRFB.jpg
4JxOfBX202GZ9fp2HpE9h6,reggae,6qaKS0nzGP4hfjl4aFZmEU,data/covers/reggae/Burning_Spear_4JxOfBX202GZ9fp2HpE9h6.jpg
7pVXZRWm7SXnKmoU84NsxG,techno,1sxHp39RqBEE01pgVqsdyP,data/covers/techno/Marcel_Dettmann_7pVXZRWm7SXnKmoU84NsxG.jpg
3hcfv1mlUhJRU6tYhSaSLE,classical,2yzaWNFV3cxmcRZtwtr5WC,data/covers/classical/Clara_Schumann_3hcfv1mlUhJRU6tYhSaSLE.jpg
6KMkuqIwKkwUhUYRPL6dUc,alternative_rock,7jy3rLJdDQY21OgRLCZ9sD,data/covers/alternative_rock/Foo_Fighters_6KMkuqIwKkwUhUYRPL6dUc.jpg
32LqvxhcnEGwQgWLK24dGk,jazz,4F7Q5NV6h5TSwCainz8S5A,data/covers/jazz/Duke_Ellington_32LqvxhcnEGwQgWLK24dGk.jpg
6pbjN1NOnAmpBrvrDB5Ccb,classical,656RXuyw7CE0dtjdPgjJV6,data/covers/classical/Joseph_Haydn_6pbjN1NOnAmpBrvrDB5Ccb.jpg
6dECrOGkeOBQKweHYip6r6,jazz,0kbYTNQb4Pb1rPbbaF0pT4,data/covers/jazz/Charlie_Parker_6dECrOGkeOBQKweHYip6r6.jpg
2HTbQ0RHwukKVXAlTmCZP2,hiphop,5me0Irg2ANcsgc93uaYrpb,data/covers/hiphop/The_Notorious_BIG_2HTbQ0RHwukKVXAlTmCZP2.jpg
0RIfXMHvRpLqHsZ0FZE3mS,metal,2tRsMl4eGxwoNabM08Dm4I,data/covers/metal/Judas_Priest_0RIfXMHvRpLqHsZ0FZE3mS.jpg
0n3fBF4vz0JzQPHK97NPkC,house,6wMr4zKPrrR0UVz08WtUWc,data/covers/house/Black_Coffee_0n3fBF4vz0JzQPHK97NPkC.jpg
5ZAgaqdu1Gh7GR23qZSIWU,jazz,2ZvrvbQNrHKwjT7qfGFFUW,data/covers/jazz/Herbie_Hancock_5ZAgaqdu1Gh7GR23qZSIWU.jpg
3x1FNI9nOuF5lYWaENqA3I,reggae,389zc5Rwe0MPcE6mSF4AjC,data/covers/reggae/Bunny_Wailer_3x1FNI9nOuF5lYWaENqA3I.jpg
49icjQSG89VxWFjwp9UERk,house,7nqpEU6DCHkNtK1bYsyS3W,data/covers/house/Kerri_Chandler_49icjQSG89VxWFjwp9UERk.jpg
2nkto6YNI4rUYTLqEwWJ3o,hiphop,4V8LLVI7PbaPR0K2TGSxFF,data/covers/hiphop/Tyler_The_Creator_2nkto6YNI4rUYTLqEwWJ3o.jpg
3f0jyDlsZqk7WRjOJspDff,alternative_rock,5UqTO8smerMvxHYA5xsXb6,data/covers/alternative_rock/Sonic_Youth_3f0jyDlsZqk7WRjOJspDff.jpg
5MUiqH86VtEvtVIY1loBDi,country,5e4Dhzv426EvQe3aDb64jL,data/covers/country/Shania_Twain_5MUiqH86VtEvtVIY1loBDi.jpg
0GmSoGXZQH67fjPenXVwhD,country,4tw2Lmn9tTPUv7Gy7mVPI4,data/covers/country/Kenny_Rogers_0GmSoGXZQH67fjPenXVwhD.jpg
6Si7gWvgXKnHwl1CORi05a,metal,5M52tdBnJaKSvOpJGz8mfZ,data/covers/metal/Black_Sabbath_6Si7gWvgXKnHwl1CORi05a.jpg
0XPSPS5hGn40SHymecrsPz,reggae,3VV18HyGcfLTqNjSjbROA1,data/covers/reggae/Morgan_Heritage_0XPSPS5hGn40SHymecrsPz.jpg
1HP4nD2t6Fvbw8IcVlpfb8,house,37uLId6Z5ZXCx19vuruvv5,data/covers/house/Hot_Chip_1HP4nD2t6Fvbw8IcVlpfb8.jpg
30Perjew8HyGkdSmqguYyg,alternative_rock,0L8ExT028jH3ddEcZwqJJ5,data/covers/alternative_rock/Red_Hot_Chili_Peppers_30Perjew8HyGkdSmqguYyg.jpg
74E19vt4CK4rHhIzw1hBAC,house,5Igpc9iLZ3YGtKeYfSrrOE,data/covers/house/Chris_Lake_74E19vt4CK4rHhIzw1hBAC.jpg
3VpOvUwS3lk7BHMaCQII6o,techno,2eIDAcLKnWc4D350YyzvgS,data/covers/techno/Jeff_Mills_3VpOvUwS3lk7BHMaCQII6o.jpg
7gmxXGdeWxLeryBPEqOK23,reggae,2Y06xyHPovQ8DWLyVIpSJK,data/covers/reggae/Israel_Vibration_7gmxXGdeWxLeryBPEqOK23.jpg
4jAy3CFRNjgZNIC6WoGv2g,techno,5TQaBSTOSypp7S4jfSnN3F,data/covers/techno/Sven_Vath_4jAy3CFRNjgZNIC6WoGv2g.jpg
4WKtQwODUcfAZveyFqsuAp,classical,5wTAi7QkpP6kp8a54lmTOq,data/covers/classical/Johannes_Brahms_4WKtQwODUcfAZveyFqsuAp.jpg
5DVmXtb5RwDQjuQkydYZwl,alternative_rock,5UqTO8smerMvxHYA5xsXb6,data/covers/alternative_rock/Sonic_Youth_5DVmXtb5RwDQjuQkydYZwl.jpg
1NiChbFoAksbJOBqvlh4Lw,techno,19SmlbABtI4bXz864MLqOS,data/covers/techno/Carl_Cox_1NiChbFoAksbJOBqvlh4Lw.jpg
5PYGidkeVmVIR28raiG5RY,reggae,389zc5Rwe0MPcE6mSF4AjC,data/covers/reggae/Bunny_Wailer_5PYGidkeVmVIR28raiG5RY.jpg
34leStU1anAKH5RsU607zz,hiphop,3nFkdlSjzX9mRTtwJOzDYB,data/covers/hiphop/JAY-Z_34leStU1anAKH5RsU607zz.jpg
73aMJeM4IVVCxTPGowhQ9Q,techno,5ipQlfnpRCtyOuhYqvPvQ8,data/covers/techno/Robert_Hood_73aMJeM4IVVCxTPGowhQ9Q.jpg
5OdRhr4aotXEXEnH6N2eRv,jazz,2hGh5VOeeqimQFxqXvfCUf,data/covers/jazz/John_Coltrane_5OdRhr4aotXEXEnH6N2eRv.jpg
2tm3Ht61kqqRZtIYsBjxEj,hiphop,1G9G7WwrXka3Z1r7aIDjI7,data/covers/hiphop/OutKast_2tm3Ht61kqqRZtIYsBjxEj.jpg
4Sb67WEPsYgQxd7GItaAtI,alternative_rock,7jy3rLJdDQY21OgRLCZ9sD,data/covers/alternative_rock/Foo_Fighters_4Sb67WEPsYgQxd7GItaAtI.jpg
6B5r9RGdvo8WryuFEZkwXz,alternative_rock,6zvul52xwTWzilBZl6BUbT,data/covers/alternative_rock/Pixies_6B5r9RGdvo8WryuFEZkwXz.jpg
4NnxZrUt4vpQb1SpNFIivD,country,32vWCbZh0xZ4o9gkz4PsEU,data/covers/country/Dolly_Parton_4NnxZrUt4vpQb1SpNFIivD.jpg
1Ca4KUdT9FA0eDfw7QeqPj,metal,6JW8wliOEwaDZ231ZY7cf4,data/covers/metal/Sepultura_1Ca4KUdT9FA0eDfw7QeqPj.jpg
3uIx4pdT3EB6ecuP8CbnJO,metal,2aaLAng2L2aWD2FClzwiep,data/covers/metal/Dream_Theater_3uIx4pdT3EB6ecuP8CbnJO.jpg
3r5anb6pt6x7BQFxmwbTah,jazz,63ZJSdxmTX5wWRMoS1C5ph,data/covers/jazz/Joachim_Kuhn_3r5anb6pt6x7BQFxmwbTah.jpg
0SFtIrRytNI4kcf93Tbhdf,house,4oLeXFyACqeem2VImYeBFe,data/covers/house/Fred_again_0SFtIrRytNI4kcf93Tbhdf.jpg
4vsgu1w2ObQgvtRZ2c8xNR,reggae,5keeQyPKYRxUCKDMECTXG3,data/covers/reggae/Black_Uhuru_4vsgu1w2ObQgvtRZ2c8xNR.jpg
3BOohMtenz95XRilpUr5Yn,jazz,4PDpGtF16XpqvXxsrFwQnN,data/covers/jazz/Thelonious_Monk_3BOohMtenz95XRilpUr5Yn.jpg
5J4ZOg6xMpwTJ2lyWnEAOe,classical,17hR0sYHpx7VYTMRfFUOmY,data/covers/classical/Camille_Saint-Saens_5J4ZOg6xMpwTJ2lyWnEAOe.jpg
5AfgJ4mjGvANakNjGrKGgy,alternative_rock,4KWTAlx2RvbpseOGMEmROg,data/covers/alternative_rock/REM_5AfgJ4mjGvANakNjGrKGgy.jpg
0wnaUYW25dVLAzk41fp1Ez,country,0BvkDsjIUla7X0k6CSWh1I,data/covers/country/Luke_Bryan_0wnaUYW25dVLAzk41fp1Ez.jpg
7v6FNgLDS8KmaWA1amUtqe,indie_rock,7Ln80lUS6He07XvHI8qqHH,data/covers/indie_rock/Arctic_Monkeys_7v6FNgLDS8KmaWA1amUtqe.jpg
2QBJCHNMYQC1cyhSXW0ygV,country,4mxWe1mtYIYfP040G38yvS,data/covers/country/Alan_Jackson_2QBJCHNMYQC1cyhSXW0ygV.jpg
2zl60YaCa1o8pYnRNM8UrT,metal,7954VFaZClkL503srfV5PE,data/covers/metal/Running_Wild_2zl60YaCa1o8pYnRNM8UrT.jpg
2I83TyCZHqum9rms0sSntQ,jazz,3kUKwTJdH8FuWzF8p6Dg9E,data/covers/jazz/Dave_Brubeck_2I83TyCZHqum9rms0sSntQ.jpg
5MuqdPyyS0YAIEuHBsljqY,classical,2qpchAUtJNY45rG7auwQgz,data/covers/classical/Max_Reger_5MuqdPyyS0YAIEuHBsljqY.jpg
6v2yLFO3w9DsosPugJsbF6,hiphop,6ynopZPMBXcIGBI9M02Un5,data/covers/hiphop/Haftbefehl_6v2yLFO3w9DsosPugJsbF6.jpg
174WH3ZdscTIktntFfXyz8,techno,2LmP2eHIAmprDBQfi4jiBC,data/covers/techno/Donato_Dozzy_174WH3ZdscTIktntFfXyz8.jpg
5uLB6ONw5NOYUNaKlnH7S1,hiphop,4LLpKhyESsyAXpc4laK94U,data/covers/hiphop/Mac_Miller_5uLB6ONw5NOYUNaKlnH7S1.jpg
5dpaxVXET01VAgivwwUac6,alternative_rock,3jOstUTkEu2JkjvRdBA5Gu,data/covers/alternative_rock/Weezer_5dpaxVXET01VAgivwwUac6.jpg
2bVYeA0BEb0Rtj94ECaahK,metal,0ybFZ2Ab08V8hueghSXm6E,data/covers/metal/Opeth_2bVYeA0BEb0Rtj94ECaahK.jpg
6o0Q1w66dQuxGN5irjo6UG,reggae,2Y06xyHPovQ8DWLyVIpSJK,data/covers/reggae/Israel_Vibration_6o0Q1w66dQuxGN5irjo6UG.jpg
67NWKDCBG6wUQYxUY9YBrd,classical,5wTAi7QkpP6kp8a54lmTOq,data/covers/classical/Johannes_Brahms_67NWKDCBG6wUQYxUY9YBrd.jpg
2Q0J0DwJZ2T3SguS08HLBf,country,6roFdX1y5BYSbp60OTJWMd,data/covers/country/Tim_McGraw_2Q0J0DwJZ2T3SguS08HLBf.jpg
2xuT10LdKZD15ZFOoYV4NG,classical,3u1fWmwpwPOmMelTAo0Gb8,data/covers/classical/Paul_Hindemith_2xuT10LdKZD15ZFOoYV4NG.jpg
0GmzyqnV8buHDmWsTMSqb0,reggae,5keeQyPKYRxUCKDMECTXG3,data/covers/reggae/Black_Uhuru_0GmzyqnV8buHDmWsTMSqb0.jpg
6T71vnDgOAjNwWykv0cVl4,metal,3JysSUOyfVs1UQ0UaESheP,data/covers/metal/Anthrax_6T71vnDgOAjNwWykv0cVl4.jpg
2GXoU6gpOlx1oZ0DkNgrUM,indie_rock,2cCUtGK9sDU2EoElnk0GNB,data/covers/indie_rock/The_National_2GXoU6gpOlx1oZ0DkNgrUM.jpg
3U9TW9thOm1cyLBD0NEy3s,metal,0ybFZ2Ab08V8hueghSXm6E,data/covers/metal/Opeth_3U9TW9thOm1cyLBD0NEy3s.jpg
7F0dkkAqwrmclRH8KP2QmW,house,6nS5roXSAGhTGr34W6n7Et,data/covers/house/Disclosure_7F0dkkAqwrmclRH8KP2QmW.jpg
16OVlXWsTKjUkhkPxkgUVa,country,70kkdajctXSbqSMJbQO424,data/covers/country/Kacey_Musgraves_16OVlXWsTKjUkhkPxkgUVa.jpg
1QDH4iOtD5cK2fVU6h4pG2,jazz,1VEzN9lxvG6KPR3QQGsebR,data/covers/jazz/Sonny_Rollins_1QDH4iOtD5cK2fVU6h4pG2.jpg
186GkI7x4pAAlOTNWWvoWS,classical,2qpchAUtJNY45rG7auwQgz,data/covers/classical/Max_Reger_186GkI7x4pAAlOTNWWvoWS.jpg
41solTO3bJJh1OTzBF1GUo,house,1gR0gsQYfi6joyO1dlp76N,data/covers/house/Justice_41solTO3bJJh1OTzBF1GUo.jpg
73ZntI5YFxfpXvu9WCCkUA,jazz,7G1GBhoKtEPnP86X2PvEYO,data/covers/jazz/Nina_Simone_73ZntI5YFxfpXvu9WCCkUA.jpg
33po06WFZ2nUJWQmirk2hp,house,4lxMXxZW5ZWKrtBlMOIUuY,data/covers/house/Joey_Negro_33po06WFZ2nUJWQmirk2hp.jpg
2AoS2OI3y6wHDeZ5KfSw13,techno,15e0X6NuMsVuHi7AZhcfyI,data/covers/techno/James_Holden_2AoS2OI3y6wHDeZ5KfSw13.jpg
3JtCkuSat0REgBESmGdt27,reggae,389zc5Rwe0MPcE6mSF4AjC,data/covers/reggae/Bunny_Wailer_3JtCkuSat0REgBESmGdt27.jpg
7EzEvS7pwLw8IaZ3iJKeLB,jazz,4PDpGtF16XpqvXxsrFwQnN,data/covers/jazz/Thelonious_Monk_7EzEvS7pwLw8IaZ3iJKeLB.jpg
2lSR7loXeSy2yiWXizAvQJ,jazz,63ZJSdxmTX5wWRMoS1C5ph,data/covers/jazz/Joachim_Kuhn_2lSR7loXeSy2yiWXizAvQJ.jpg
4HxP17nKQuzZpzIVq0wu3L,metal,1DFr97A9HnbV3SKTJFu62M,data/covers/metal/Motorhead_4HxP17nKQuzZpzIVq0wu3L.jpg
2LdlfTE6xqf2Ez8LPAFZSy,hiphop,55Aa2cqylxrFIXC767Z865,data/covers/hiphop/Lil_Wayne_2LdlfTE6xqf2Ez8LPAFZSy.jpg
5knDzIdZe7WBEtr3kBL9OY,house,4lxMXxZW5ZWKrtBlMOIUuY,data/covers/house/Joey_Negro_5knDzIdZe7WBEtr3kBL9OY.jpg
4FCoFSNIFhK36holxHWCnc,alternative_rock,64tNsm6TnZe2zpcMVMOoHL,data/covers/alternative_rock/Alice_in_Chains_4FCoFSNIFhK36holxHWCnc.jpg
18wJdUiN48IhlurfC4E1mA,jazz,2ZvrvbQNrHKwjT7qfGFFUW,data/covers/jazz/Herbie_Hancock_18wJdUiN48IhlurfC4E1mA.jpg
0pc3SCF7IIhPkp0xYoRauq,jazz,3rxeQlsv0Sc2nyYaZ5W71T,data/covers/jazz/Chet_Baker_0pc3SCF7IIhPkp0xYoRauq.jpg
0eFHYz8NmK75zSplL5qlfM,alternative_rock,12Chz98pHFMPJEknJQMWvI,data/covers/alternative_rock/Muse_0eFHYz8NmK75zSplL5qlfM.jpg
2M9E6uD6mYqRFTjqcaVzzC,reggae,2QsynagSdAqZj3U9HgDzjD,data/covers/reggae/Bob_Marley_and_The_Wailers_2M9E6uD6mYqRFTjqcaVzzC.jpg
6iKqPv9C5oU29LR82N8lJf,indie_rock,1yAwtBaoHLEDWAnWR87hBT,data/covers/indie_rock/Modest_Mouse_6iKqPv9C5oU29LR82N8lJf.jpg
6J14qQebvTgPyMScjwshrP,reggae,2Y06xyHPovQ8DWLyVIpSJK,data/covers/reggae/Israel_Vibration_6J14qQebvTgPyMScjwshrP.jpg
00c7nZRNKDJjp7jdoEfB0Z,jazz,4PDpGtF16XpqvXxsrFwQnN,data/covers/jazz/Thelonious_Monk_00c7nZRNKDJjp7jdoEfB0Z.jpg
2yBT9p4xgUwqN4Nis9NkGY,country,32vWCbZh0xZ4o9gkz4PsEU,data/covers/country/Dolly_Parton_2yBT9p4xgUwqN4Nis9NkGY.jpg
01z2s72phWU6sHlz9rF8zO,techno,4jGpKAmwvU263l0tUh4xKU,data/covers/techno/Joris_Voorn_01z2s72phWU6sHlz9rF8zO.jpg
4q3SkZWPYJtKno1RbnrjL4,country,4xFUf1FHVy696Q1JQZMTRj,data/covers/country/Carrie_Underwood_4q3SkZWPYJtKno1RbnrjL4.jpg
0MyKKkGyacUCR7lWoxEIBc,reggae,2QsynagSdAqZj3U9HgDzjD,data/covers/reggae/Bob_Marley_and_The_Wailers_0MyKKkGyacUCR7lWoxEIBc.jpg
3ALthL9fEWggZRgRklZeEf,metal,1Yox196W7bzVNZI7RBaPnf,data/covers/metal/Megadeth_3ALthL9fEWggZRgRklZeEf.jpg
6NFP57KI9KUmE5tTU29xWi,reggae,6QHu71f8LLeT8n0GzfbYFc,data/covers/reggae/Gregory_Isaacs_6NFP57KI9KUmE5tTU29xWi.jpg
1IqQ6UX3hzJLVXtRmui4w3,metal,57ylwQTnFnIhJh4nu4rxCs,data/covers/metal/In_Flames_1IqQ6UX3hzJLVXtRmui4w3.jpg
4bGVj7yZ8KvSN4zA3mbua8,hiphop,3nFkdlSjzX9mRTtwJOzDYB,data/covers/hiphop/JAY-Z_4bGVj7yZ8KvSN4zA3mbua8.jpg
1XkGORuUX2QGOEIL4EbJKm,indie_rock,7Ln80lUS6He07XvHI8qqHH,data/covers/indie_rock/Arctic_Monkeys_1XkGORuUX2QGOEIL4EbJKm.jpg
2ZHpou5hrpOrtyQPr5Emz2,techno,1PSylklb2w06BAAHEtepqM,data/covers/techno/Surgeon_2ZHpou5hrpOrtyQPr5Emz2.jpg
5H5Pm87tI6EAnrtIBVP4Zx,house,0XfQBWgzisaS9ltDV9bXAS,data/covers/house/Honey_Dijon_5H5Pm87tI6EAnrtIBVP4Zx.jpg
46UATSxBu7t5rgzb5s4UFd,metal,3JysSUOyfVs1UQ0UaESheP,data/covers/metal/Anthrax_46UATSxBu7t5rgzb5s4UFd.jpg
418IYElTJziJTcSaxJy2PA,jazz,2ZvrvbQNrHKwjT7qfGFFUW,data/covers/jazz/Herbie_Hancock_418IYElTJziJTcSaxJy2PA.jpg
2afemLgvqLd6K6r0wlpxis,classical,2yzaWNFV3cxmcRZtwtr5WC,data/covers/classical/Clara_Schumann_2afemLgvqLd6K6r0wlpxis.jpg
4Eylq3E1dTyHWfsp9ZYlSQ,metal,0GDGKpJFhVpcjIGF8N6Ewt,data/covers/metal/Gojira_4Eylq3E1dTyHWfsp9ZYlSQ.jpg
2dS99m3T1KFseI62HtLWe8,techno,3tSvlEzeDnVbQJBTkIA6nO,data/covers/techno/Christian_Loffler_2dS99m3T1KFseI62HtLWe8.jpg
5mzoI3VH0ZWk1pLFR6RoYy,alternative_rock,4Z8W4fKeB5YxbusRsdQVPb,data/covers/alternative_rock/Radiohead_5mzoI3VH0ZWk1pLFR6RoYy.jpg
13LIP9MnZ0DR2CWQLGQgp7,reggae,3j7Sw80qzL2FJlryUhI3wG,data/covers/reggae/Shabba_Ranks_13LIP9MnZ0DR2CWQLGQgp7.jpg
5wKXfInna4rPKYVhdiSgQA,house,1Ma3pJzPIrAyYPNRkp3SUF,data/covers/house/Ross_from_Friends_5wKXfInna4rPKYVhdiSgQA.jpg
5cGGbqp1MwjYQkoQx89ZLn,techno,2eIDAcLKnWc4D350YyzvgS,data/covers/techno/Jeff_Mills_5cGGbqp1MwjYQkoQx89ZLn.jpg
4puIIbtVV70tew9msnAEUY,alternative_rock,64tNsm6TnZe2zpcMVMOoHL,data/covers/alternative_rock/Alice_in_Chains_4puIIbtVV70tew9msnAEUY.jpg
2v0qtFkR6fpnoQcL96jr7y,jazz,4jXfFzeP66Zy67HM2mvIIF,data/covers/jazz/Bill_Evans_2v0qtFkR6fpnoQcL96jr7y.jpg
0GxMH1Xgx3pMzN37aoTGaJ,jazz,5RzjqfPS0Bu4bUMkyNNDpn,data/covers/jazz/Dizzy_Gillespie_0GxMH1Xgx3pMzN37aoTGaJ.jpg
1jK9Kh2x66s2Mf2Oo73v6x,reggae,4wLAjfeqAsV66AocWNcowA,data/covers/reggae/Buju_Banton_1jK9Kh2x66s2Mf2Oo73v6x.jpg
5lnQLEUiVDkLbFJHXHQu9m,alternative_rock,7jy3rLJdDQY21OgRLCZ9sD,data/covers/alternative_rock/Foo_Fighters_5lnQLEUiVDkLbFJHXHQu9m.jpg
3sQqPVx2z81dhKGPpCpMJY,classical,284mnx33IWcymQEpMxyfHl,data/covers/classical/Modest_Mussorgsky_3sQqPVx2z81dhKGPpCpMJY.jpg
5vkqYmiPBYLaalcmjujWxK,alternative_rock,4Z8W4fKeB5YxbusRsdQVPb,data/covers/alternative_rock/Radiohead_5vkqYmiPBYLaalcmjujWxK.jpg
0CHjX36DTba3HeiB4bcEJZ,techno,4O71i7ke5iIBX6RNSFoZbS,data/covers/techno/Trentemoller_0CHjX36DTba3HeiB4bcEJZ.jpg
1QYq1fGyMvbGtvEla84FtC,techno,1PXHzxRDiLnjqNrRn2Xbsa,data/covers/techno/Underworld_1QYq1fGyMvbGtvEla84FtC.jpg
1IKCcM2Z9JUMr4u7tHNIsm,techno,1PXHzxRDiLnjqNrRn2Xbsa,data/covers/techno/Underworld_1IKCcM2Z9JUMr4u7tHNIsm.jpg
5Da9zM2Amcdsa5zpn6YK0R,techno,6OQOvP7RAdmAKVXXQqD0Se,data/covers/techno/Pan-Pot_5Da9zM2Amcdsa5zpn6YK0R.jpg
2wE0CGNyOFi0niOY5wzBtD,techno,4O71i7ke5iIBX6RNSFoZbS,data/covers/techno/Trentemoller_2wE0CGNyOFi0niOY5wzBtD.jpg
45Ae5UMjDuXNXot7PvJCjr,reggae,389zc5Rwe0MPcE6mSF4AjC,data/covers/reggae/Bunny_Wailer_45Ae5UMjDuXNXot7PvJCjr.jpg
6qoOx2xlsHJUzmPY3V2ljL,classical,5zyNXVd952fWOjkdGHCvPd,data/covers/classical/Bela_Bartok_6qoOx2xlsHJUzmPY3V2ljL.jpg
2obZe0VX40C3BL9FNmDjP7,techno,1UL813H5aj3e8ekE5RqWqc,data/covers/techno/Tale_of_Us_2obZe0VX40C3BL9FNmDjP7.jpg
3x24N61gArmLKWhlqm08Yt,reggae,4wLAjfeqAsV66AocWNcowA,data/covers/reggae/Buju_Banton_3x24N61gArmLKWhlqm08Yt.jpg
7HmKKICxLFJvHvhRf0zyQU,house,6jOz2B9qeID4dLP1o8bFGf,data/covers/house/Crazy_P_7HmKKICxLFJvHvhRf0zyQU.jpg
209DGneW2ISlqt58uukCVr,classical,7ie36YytMoKtPiL7tUvmoE,data/covers/classical/Alexander_Borodin_209DGneW2ISlqt58uukCVr.jpg
5hBLIA2KYKkHLJWWS1K1tq,house,5oJvmyeWzyeahRtjup3Oys,data/covers/house/AVAION_5hBLIA2KYKkHLJWWS1K1tq.jpg
5K06DaAoP6OUQNKSVLB6zI,alternative_rock,6zvul52xwTWzilBZl6BUbT,data/covers/alternative_rock/Pixies_5K06DaAoP6OUQNKSVLB6zI.jpg
1XBSWrYw6TUVAVSOz2GVs4,jazz,5RzjqfPS0Bu4bUMkyNNDpn,data/covers/jazz/Dizzy_Gillespie_1XBSWrYw6TUVAVSOz2GVs4.jpg
4tONbLJ7RoZ1qOHSaAFHlM,techno,4O71i7ke5iIBX6RNSFoZbS,data/covers/techno/Trentemoller_4tONbLJ7RoZ1qOHSaAFHlM.jpg
4rN6MzVB56k3SURMzebh2v,reggae,6qaKS0nzGP4hfjl4aFZmEU,data/covers/reggae/Burning_Spear_4rN6MzVB56k3SURMzebh2v.jpg
4IrSj4zF1RlodgkiGH19fo,reggae,2Y06xyHPovQ8DWLyVIpSJK,data/covers/reggae/Israel_Vibration_4IrSj4zF1RlodgkiGH19fo.jpg
5m1RkwKeU7MV0Ni6PH2lPy,house,0cmWgDlu9CwTgxPhf403hb,data/covers/house/Bonobo_5m1RkwKeU7MV0Ni6PH2lPy.jpg
6KgJXCxFOhqdBvMPuT0YaJ,jazz,5V0MlUE1Bft0mbLlND7FJz,data/covers/jazz/Ella_Fitzgerald_6KgJXCxFOhqdBvMPuT0YaJ.jpg
7EJ0OT5ZqybXxcYRa6mccM,indie_rock,4LEiUm1SRbFMgfqnQTwUbQ,data/covers/indie_rock/Bon_Iver_7EJ0OT5ZqybXxcYRa6mccM.jpg
3iMHrV9yCWcX2SEbl0SDtp,jazz,4gBdaOEelc50MG1QmlACtu,data/covers/jazz/Manfred_Schoof_3iMHrV9yCWcX2SEbl0SDtp.jpg
5Mc6uebYtKnRc5I7bjlNB6,indie_rock,2cCUtGK9sDU2EoElnk0GNB,data/covers/indie_rock/The_National_5Mc6uebYtKnRc5I7bjlNB6.jpg
7cJopRRNPyae5s1AfQnTvB,jazz,63ZJSdxmTX5wWRMoS1C5ph,data/covers/jazz/Joachim_Kuhn_7cJopRRNPyae5s1AfQnTvB.jpg
0FjHy5dCyVROqDUl6f2VTK,techno,1GhPHrq36VKCY3ucVaZCfo,data/covers/techno/The_Chemical_Brothers_0FjHy5dCyVROqDUl6f2VTK.jpg
462OQfZJK25B1SAE9jOuv3,house,3hwmrS8MSceZwnZYvZFf97,data/covers/house/Move_D_462OQfZJK25B1SAE9jOuv3.jpg
14BFEPRu1ERewCV8dhRQ6R,house,2mLA48B366zkELXYx7hcDN,data/covers/house/Peggy_Gou_14BFEPRu1ERewCV8dhRQ6R.jpg
0UKCFUDo5hCdAB4b6tPqQe,country,32vWCbZh0xZ4o9gkz4PsEU,data/covers/country/Dolly_Parton_0UKCFUDo5hCdAB4b6tPqQe.jpg
0R86MoRhg0gqxxBaDcUCKg,metal,7954VFaZClkL503srfV5PE,data/covers/metal/Running_Wild_0R86MoRhg0gqxxBaDcUCKg.jpg
6lHEbj0b4iTgz7DRWXo2av,jazz,1YzCsTRb22dQkh9lghPIrp,data/covers/jazz/Billie_Holiday_6lHEbj0b4iTgz7DRWXo2av.jpg
4ltq9CMOO5mfLkcDOpXYXF,alternative_rock,2DaxqgrOhkeH0fpeiQq2f4,data/covers/alternative_rock/Oasis_4ltq9CMOO5mfLkcDOpXYXF.jpg
46sews77v3EoXe6PzYmYdD,house,0dRiUTGvNV17AMIULRYsvn,data/covers/house/Mr_Fingers_46sews77v3EoXe6PzYmYdD.jpg
3qcAM4UXwuJJFD0xS9aNVe,classical,7ie36YytMoKtPiL7tUvmoE,data/covers/classical/Igor_Stravinsky_3qcAM4UXwuJJFD0xS9aNVe.jpg
0ftmKj5CIkEvw5Gquuf3K3,jazz,19eLuQmk9aCobbVDHc6eek,data/covers/jazz/Louis_Armstrong_0ftmKj5CIkEvw5Gquuf3K3.jpg
0B8IU9w8Dk2d8isQVpfc3g,metal,7954VFaZClkL503srfV5PE,data/covers/metal/Running_Wild_0B8IU9w8Dk2d8isQVpfc3g.jpg
00LS6GJwb5ZPTKS8NMAT8x,alternative_rock,5xUf6j4upBrXZPg6AI4MRK,data/covers/alternative_rock/Soundgarden_00LS6GJwb5ZPTKS8NMAT8x.jpg
7CBK26TFXHyt2l6NQcXIsq,indie_rock,6FQqZYVfTNQ1pCqfkwVFEa,data/covers/indie_rock/Foals_7CBK26TFXHyt2l6NQcXIsq.jpg
4IZMkzDTnkcPIe29IbJDrt,classical,17hR0sYHpx7VYTMRfFUOmY,data/covers/classical/Maurice_Ravel_4IZMkzDTnkcPIe29IbJDrt.jpg
1BNjypcP3A4KDkkUEwAEkL,metal,7jxJ25p0pPjk0MStloN6o6,data/covers/metal/Blind_Guardian_1BNjypcP3A4KDkkUEwAEkL.jpg
0quxU2moUfE6HGgrMg79PP,metal,57ylwQTnFnIhJh4nu4rxCs,data/covers/metal/In_Flames_0quxU2moUfE6HGgrMg79PP.jpg
34yu5063EpoaKKir1m0q9e,house,4VNQWV2y1E97Eqo2D5UTjx,data/covers/house/Gorgon_City_34yu5063EpoaKKir1m0q9e.jpg
28RAkQaNK5zLoGexzHodd3,country,1FClsNYBUoNFtGgzeG74dW,data/covers/country/Hank_Williams_28RAkQaNK5zLoGexzHodd3.jpg
30ly6F6Xl0TKmyBCU50Khv,alternative_rock,7jy3rLJdDQY21OgRLCZ9sD,data/covers/alternative_rock/Foo_Fighters_30ly6F6Xl0TKmyBCU50Khv.jpg
5yssg2eFopmzstxvyFbrBT,techno,3tSvlEzeDnVbQJBTkIA6nO,data/covers/techno/Christian_Loffler_5yssg2eFopmzstxvyFbrBT.jpg
34IArbyPZ3ZHtFETOmsqL7,hiphop,3q7HBObVc0L8jNeTe5Gofh,data/covers/hiphop/50_Cent_34IArbyPZ3ZHtFETOmsqL7.jpg
5eA0qtE7Yu29XiMlwoby2G,alternative_rock,6olE6TJLqED3rqDCT0FyPh,data/covers/alternative_rock/Nirvana_5eA0qtE7Yu29XiMlwoby2G.jpg
4XYA69iFOf2AvQ3wFc16GM,techno,1oXiuCd5F0DcnmXH5KaM6N,data/covers/techno/Kollektiv_Turmstrasse_4XYA69iFOf2AvQ3wFc16GM.jpg
1PadLnQYelMqqSlPbSEWZ1,metal,1Dvfqq39HxvCJ3GvfeIFuT,data/covers/metal/Mastodon_1PadLnQYelMqqSlPbSEWZ1.jpg
7lObP1GanG65wToWzufQtq,metal,1Dvfqq39HxvCJ3GvfeIFuT,data/covers/metal/Mastodon_7lObP1GanG65wToWzufQtq.jpg
4wTgu0ne0ihggsMbAOGX8x,house,0XfQBWgzisaS9ltDV9bXAS,data/covers/house/Honey_Dijon_4wTgu0ne0ihggsMbAOGX8x.jpg
0sefL4h6EEVWqKTrJqalLg,house,63yl9nDNrHpiAYGlNJxxjc,data/covers/house/Frankie_Knuckles_0sefL4h6EEVWqKTrJqalLg.jpg
1WrOEWePcPW4jfRKpimL1g,indie_rock,4I2BJf80C0skQpp1sQmA0h,data/covers/indie_rock/Belle_and_Sebastian_1WrOEWePcPW4jfRKpimL1g.jpg
6yBjTvDwgiB2aU2UuNmZyd,alternative_rock,2DaxqgrOhkeH0fpeiQq2f4,data/covers/alternative_rock/Oasis_6yBjTvDwgiB2aU2UuNmZyd.jpg
0RCNOerISwGo5S99e0oPzt,house,7nqpEU6DCHkNtK1bYsyS3W,data/covers/house/Kerri_Chandler_0RCNOerISwGo5S99e0oPzt.jpg
5GCjSTO49p9xx0I223rXo6,house,4VNQWV2y1E97Eqo2D5UTjx,data/covers/house/Gorgon_City_5GCjSTO49p9xx0I223rXo6.jpg
0o7l96vdlQZNJWq7gxdi9i,jazz,1VEzN9lxvG6KPR3QQGsebR,data/covers/jazz/Sonny_Rollins_0o7l96vdlQZNJWq7gxdi9i.jpg
2xZSrcBmvMw9Y8hac6xU7L,house,1HBjj22wzbscIZ9sEb5dyf,data/covers/house/Jonas_Blue_2xZSrcBmvMw9Y8hac6xU7L.jpg
1MeVBxlOhB79Ihb6r63FKa,techno,5zovXI5By2gUhdr7EByjLa,data/covers/techno/Monkey_Safari_1MeVBxlOhB79Ihb6r63FKa.jpg
0y8QALAKoZAOSuotQjyj1t,reggae,5keeQyPKYRxUCKDMECTXG3,data/covers/reggae/Black_Uhuru_0y8QALAKoZAOSuotQjyj1t.jpg
0sGxLK0kQ2BntttzYGIJc1,jazz,1VEzN9lxvG6KPR3QQGsebR,data/covers/jazz/Sonny_Rollins_0sGxLK0kQ2BntttzYGIJc1.jpg
4uIwRds3EZkNLzDG936Sgw,house,4lxMXxZW5ZWKrtBlMOIUuY,data/covers/house/Joey_Negro_4uIwRds3EZkNLzDG936Sgw.jpg
6oAVVDRw6IfC2uHghD8c17,techno,15e0X6NuMsVuHi7AZhcfyI,data/covers/techno/James_Holden_6oAVVDRw6IfC2uHghD8c17.jpg
6EcwBTnLWzOhmzMtV2E6kk,reggae,6ZFv3wQwwWPiVDWhv0mjQK,data/covers/reggae/Toots_and_The_Maytals_6EcwBTnLWzOhmzMtV2E6kk.jpg
6MJicAndHlReqBgfw8nMyO,classical,2wOqMjp9TyABvtHdOSOTUS,data/covers/classical/Erik_Satie_6MJicAndHlReqBgfw8nMyO.jpg
35bKt6TLADU51iQ6Z3Of5S,country,4tw2Lmn9tTPUv7Gy7mVPI4,data/covers/country/Kenny_Rogers_35bKt6TLADU51iQ6Z3Of5S.jpg
113jlSont8YoYWj2yIEqny,techno,1PSylklb2w06BAAHEtepqM,data/covers/techno/Surgeon_113jlSont8YoYWj2yIEqny.jpg
7AOWw68DEPnDmTpquZw8bG,alternative_rock,1w5Kfo2jwwIPruYS2UWh56,data/covers/alternative_rock/Pearl_Jam_7AOWw68DEPnDmTpquZw8bG.jpg
0HvgNW4nyOlfTFbL3ZbWjh,classical,459INk8vcC0ebEef82WjIK,data/covers/classical/Maurice_Ravel_0HvgNW4nyOlfTFbL3ZbWjh.jpg
1P1k0VL2WAraMix5pgIb6B,techno,1PSylklb2w06BAAHEtepqM,data/covers/techno/Surgeon_1P1k0VL2WAraMix5pgIb6B.jpg
2ea5ulbNoPchyAh3ku8Dce,jazz,3kUKwTJdH8FuWzF8p6Dg9E,data/covers/jazz/Dave_Brubeck_2ea5ulbNoPchyAh3ku8Dce.jpg
2UTIduUJwlZLDNpllpG4Kr,indie_rock,2QoU3awHVdcHS8LrZEKvSM,data/covers/indie_rock/Wilco_2UTIduUJwlZLDNpllpG4Kr.jpg
3yNAfcLl7YxaMiUJT4GLDd,reggae,0oea1hwGMfUxZbLxJc1XUN,data/covers/reggae/Peter_Tosh_3yNAfcLl7YxaMiUJT4GLDd.jpg
3VOHZpVXcjwtBK4N6Xtok8,house,0dRiUTGvNV17AMIULRYsvn,data/covers/house/Mr_Fingers_3VOHZpVXcjwtBK4N6Xtok8.jpg
44myoe2TKVeLrIhfcN7xVK,metal,6mdiAmATAx73kdxrNrnlao,data/covers/metal/Iron_Maiden_44myoe2TKVeLrIhfcN7xVK.jpg
06ZXBD1JxteY8mdS02B1NO,classical,7ie36YytMoKtPiL7tUvmoE,data/covers/classical/Bela_Bartok_06ZXBD1JxteY8mdS02B1NO.jpg
3wYCD8GliA0Jy7LbrfeOHk,techno,5zovXI5By2gUhdr7EByjLa,data/covers/techno/Monkey_Safari_3wYCD8GliA0Jy7LbrfeOHk.jpg
1To7kv722A8SpZF789MZy7,alternative_rock,6olE6TJLqED3rqDCT0FyPh,data/covers/alternative_rock/Nirvana_1To7kv722A8SpZF789MZy7.jpg
151pnDeuZ5aoWVoNzLzquH,reggae,41ekW4MXG59xJMXR8dX1OG,data/covers/reggae/Alpha_Blondy_151pnDeuZ5aoWVoNzLzquH.jpg
1KpDi7nizptcBm7WrCAWnq,reggae,3j7Sw80qzL2FJlryUhI3wG,data/covers/reggae/Shabba_Ranks_1KpDi7nizptcBm7WrCAWnq.jpg
7zyeXBemQOEAiDWjeaFvcI,hiphop,3nDNDLcZuSto4k9u4AbcLB,data/covers/hiphop/Marteria_7zyeXBemQOEAiDWjeaFvcI.jpg
6aRm0HbA6MhQAe9Jwq1xWc,metal,5HFkc3t0HYETL4JeEbDB1v,data/covers/metal/Powerwolf_6aRm0HbA6MhQAe9Jwq1xWc.jpg
2eprpJCYbCbPZRKVGIEJxZ,alternative_rock,7jy3rLJdDQY21OgRLCZ9sD,data/covers/alternative_rock/Foo_Fighters_2eprpJCYbCbPZRKVGIEJxZ.jpg
4HAf6ayYq0hCXmw00yqiYo,classical,7y97mc3bZRFXzT2szRM4L4,data/covers/classical/Frederic_Chopin_4HAf6ayYq0hCXmw00yqiYo.jpg
7dW6HqoV94WdVHE101VVad,reggae,5WcGRaGsl0b9sul7jVdDgc,data/covers/reggae/Don_Carlos_7dW6HqoV94WdVHE101VVad.jpg
7CSoBGjKrHNGedsBxg0l0d,metal,57ylwQTnFnIhJh4nu4rxCs,data/covers/metal/In_Flames_7CSoBGjKrHNGedsBxg0l0d.jpg
4kaCrosmqvvrPUEAwcnC3s,hiphop,3q7HBObVc0L8jNeTe5Gofh,data/covers/hiphop/50_Cent_4kaCrosmqvvrPUEAwcnC3s.jpg
1fO13XO7GjFNni70YWjFIP,indie_rock,23xqmJEN3oVxwzqtNIyR5m,data/covers/indie_rock/AnnenMayKantereit_1fO13XO7GjFNni70YWjFIP.jpg
0hUboecvlTrD0goMcxNtrB,house,47UDvjDVedKddLfGWk3keI,data/covers/house/Robag_Wruhme_0hUboecvlTrD0goMcxNtrB.jpg
4RpYikb9MJ61xx1hYslDRA,jazz,4Ww5mwS7BWYjoZTUIrMHfC,data/covers/jazz/Charlie_Parker_4RpYikb9MJ61xx1hYslDRA.jpg
0xm857GmucHMPdq4TWvRZs,classical,7ie36YytMoKtPiL7tUvmoE,data/covers/classical/Duke_Ellington_0xm857GmucHMPdq4TWvRZs.jpg
566osTxDsfrtdBxPDMGufx,alternative_rock,4Z8W4fKeB5YxbusRsdQVPb,data/covers/alternative_rock/Radiohead_566osTxDsfrtdBxPDMGufx.jpg
4Is3XZYpVDmda45V81MO5b,indie_rock,4I2BJf80C0skQpp1sQmA0h,data/covers/indie_rock/Belle_and_Sebastian_4Is3XZYpVDmda45V81MO5b.jpg
058No4Kiz8r284NwzBSBC2,house,49gaZqfow2v8EEQmjGyEIw,data/covers/house/Todd_Terje_058No4Kiz8r284NwzBSBC2.jpg
48Q9AkNGWuhtutg55ekM8l,techno,2LmP2eHIAmprDBQfi4jiBC,data/covers/techno/Donato_Dozzy_48Q9AkNGWuhtutg55ekM8l.jpg
0faovS4aAotIqAoWKlD1pU,classical,4Fw8f0YbjBs9suGEwInPJe,data/covers/classical/Heinrich_Schutz_0faovS4aAotIqAoWKlD1pU.jpg
2WBXvIfpIybjK1RSZKakrR,alternative_rock,3jOstUTkEu2JkjvRdBA5Gu,data/covers/alternative_rock/Weezer_2WBXvIfpIybjK1RSZKakrR.jpg
1RuYprt6Qlqu286h1f4dzZ,alternative_rock,1w5Kfo2jwwIPruYS2UWh56,data/covers/alternative_rock/Pearl_Jam_1RuYprt6Qlqu286h1f4dzZ.jpg
05tJhGl52X4zGe0ySlcBk6,alternative_rock,4pejUc4iciQfgdX6OKulQn,data/covers/alternative_rock/Queens_of_the_Stone_Age_05tJhGl52X4zGe0ySlcBk6.jpg
1f2Q8urIhVZiuPSiNLcQG6,metal,0ybFZ2Ab08V8hueghSXm6E,data/covers/metal/Opeth_1f2Q8urIhVZiuPSiNLcQG6.jpg
6euvQ7SVxZ3ku3BI7awq3y,reggae,4wLAjfeqAsV66AocWNcowA,data/covers/reggae/Buju_Banton_6euvQ7SVxZ3ku3BI7awq3y.jpg
2uwqCETgOIwfA5BhuB1GGE,metal,7jxJ25p0pPjk0MStloN6o6,data/covers/metal/Blind_Guardian_2uwqCETgOIwfA5BhuB1GGE.jpg
0p9pgw6smsn47SzsHQXWPh,house,3qMRvSHJpaRjGDkIeNMoGz,data/covers/house/Theo_Parrish_0p9pgw6smsn47SzsHQXWPh.jpg
0D0MqHQ5ug0IPnxR0QdFXm,hiphop,1ZwdS5xdxEREPySFridCfh,data/covers/hiphop/2Pac_0D0MqHQ5ug0IPnxR0QdFXm.jpg
29Pzih2FxOrRq8EZxZ3K7S,jazz,5V0MlUE1Bft0mbLlND7FJz,data/covers/jazz/Ella_Fitzgerald_29Pzih2FxOrRq8EZxZ3K7S.jpg
55NleCFUH8QxQlpcE2dIyW,metal,2aaLAng2L2aWD2FClzwiep,data/covers/metal/Dream_Theater_55NleCFUH8QxQlpcE2dIyW.jpg
2alySadx70cVPH0YC9QHFM,metal,2tRsMl4eGxwoNabM08Dm4I,data/covers/metal/Judas_Priest_2alySadx70cVPH0YC9QHFM.jpg
0q1YbH7gLkklLFxNBLRKHD,indie_rock,1xU878Z1QtBldR7ru9owdU,data/covers/indie_rock/Phoenix_0q1YbH7gLkklLFxNBLRKHD.jpg
2j7LHh4IcOyD5AQZZVZgjc,jazz,2ZvrvbQNrHKwjT7qfGFFUW,data/covers/jazz/Herbie_Hancock_2j7LHh4IcOyD5AQZZVZgjc.jpg
1Hz6OvbYJR0s2AWS1EvO6c,indie_rock,4LG4Bs1Gadht7TCrMytQUO,data/covers/indie_rock/The_Shins_1Hz6OvbYJR0s2AWS1EvO6c.jpg
1oItq6ehmSQqokFAoz6YRp,reggae,6UL7BodGc5iVmQGlMwHR0g,data/covers/reggae/Steel_Pulse_1oItq6ehmSQqokFAoz6YRp.jpg
201nAW1V2QI2jDbGci7K3g,house,0dRiUTGvNV17AMIULRYsvn,data/covers/house/Mr_Fingers_201nAW1V2QI2jDbGci7K3g.jpg
2oYI2J7TMZPGvjSMRfVfDR,jazz,2hGh5VOeeqimQFxqXvfCUf,data/covers/jazz/John_Coltrane_2oYI2J7TMZPGvjSMRfVfDR.jpg
4QIZtPbEAQTu1smtYyDHXz,alternative_rock,3jOstUTkEu2JkjvRdBA5Gu,data/covers/alternative_rock/Weezer_4QIZtPbEAQTu1smtYyDHXz.jpg
1m13hLMfFKvwZdNvJg6fcp,jazz,3kUKwTJdH8FuWzF8p6Dg9E,data/covers/jazz/Dave_Brubeck_1m13hLMfFKvwZdNvJg6fcp.jpg
5lMU8AcLuY1BvJW0mijQ23,house,6jOz2B9qeID4dLP1o8bFGf,data/covers/house/Crazy_P_5lMU8AcLuY1BvJW0mijQ23.jpg
1wYaaOlrRv5VV2aMw9asx4,alternative_rock,6RZUqkomCmb8zCRqc9eznB,data/covers/alternative_rock/Placebo_1wYaaOlrRv5VV2aMw9asx4.jpg
71W9z9hP84oB6zVmQdRrXW,techno,2eIDAcLKnWc4D350YyzvgS,data/covers/techno/Jeff_Mills_71W9z9hP84oB6zVmQdRrXW.jpg
0U28P0QVB1QRxpqp5IHOlH,hiphop,4V8LLVI7PbaPR0K2TGSxFF,data/covers/hiphop/Tyler_The_Creator_0U28P0QVB1QRxpqp5IHOlH.jpg
48zQUhbYLOlVtUVWgQUP3R,metal,1Yox196W7bzVNZI7RBaPnf,data/covers/metal/Megadeth_48zQUhbYLOlVtUVWgQUP3R.jpg
12rTdEhRhwPpV0XJvZW9u1,metal,2tRsMl4eGxwoNabM08Dm4I,data/covers/metal/Judas_Priest_12rTdEhRhwPpV0XJvZW9u1.jpg
0gkUcpkyW2SXN49Yktkf6F,indie_rock,3kjuyTCjPG1WMFCiyc5IuB,data/covers/indie_rock/Arcade_Fire_0gkUcpkyW2SXN49Yktkf6F.jpg
4Pw9MrOdWg49FLPL4BFqVg,alternative_rock,1V3Nl0Y3EZwqP38KHws6vB,data/covers/alternative_rock/H-Blockx_4Pw9MrOdWg49FLPL4BFqVg.jpg
4eoB0NlHD1fentI8ZbXBv5,metal,2tRsMl4eGxwoNabM08Dm4I,data/covers/metal/Judas_Priest_4eoB0NlHD1fentI8ZbXBv5.jpg
0HKpzK9ZoJ0oVA43E5gewM,metal,2ye2Wgw4gimLv2eAKyk1NB,data/covers/metal/Metallica_0HKpzK9ZoJ0oVA43E5gewM.jpg
0ymMJI1K9LLyTGkiZ7iiiB,classical,2p0UyoPfYfI76PCStuXfOP,data/covers/classical/Franz_Schubert_0ymMJI1K9LLyTGkiZ7iiiB.jpg
2t3dociTSaDTmqIlN21rmC,metal,5HFkc3t0HYETL4JeEbDB1v,data/covers/metal/Powerwolf_2t3dociTSaDTmqIlN21rmC.jpg
4VKhC1dO9LPiKc1N7TJHRx,country,6roFdX1y5BYSbp60OTJWMd,data/covers/country/Tim_McGraw_4VKhC1dO9LPiKc1N7TJHRx.jpg
7gpblNxStuPCUouPvlyf2i,techno,6kBDZFXuLrZgHnvmPu9NsG,data/covers/techno/Aphex_Twin_7gpblNxStuPCUouPvlyf2i.jpg
61Q9MPH2cf3CbuLt53hJvW,techno,2nq2BeSbzExGAv3Y4HgUf7,data/covers/techno/Stephan_Bodzin_61Q9MPH2cf3CbuLt53hJvW.jpg
31v9CTxIr3CWmc6EKgge20,country,5W5bDNCqJ1jbCgTxDD0Cb3,data/covers/country/Willie_Nelson_31v9CTxIr3CWmc6EKgge20.jpg
3ilXDEG0xiajK8AbqboeJz,alternative_rock,7jy3rLJdDQY21OgRLCZ9sD,data/covers/alternative_rock/Foo_Fighters_3ilXDEG0xiajK8AbqboeJz.jpg
5uFVcDXgJkgmzjLfYi7Wrx,classical,2yzaWNFV3cxmcRZtwtr5WC,data/covers/classical/Clara_Schumann_5uFVcDXgJkgmzjLfYi7Wrx.jpg
5k9w7NXES6AJYYddjDVBsR,metal,3JFsVIxOn7STeilPICkkB2,data/covers/metal/Lamb_of_God_5k9w7NXES6AJYYddjDVBsR.jpg
44TzM9HNKi898wWhkH8FNu,reggae,4wLAjfeqAsV66AocWNcowA,data/covers/reggae/Buju_Banton_44TzM9HNKi898wWhkH8FNu.jpg
5ZRKni8wHfmYd466mTYU3m,metal,5M52tdBnJaKSvOpJGz8mfZ,data/covers/metal/Black_Sabbath_5ZRKni8wHfmYd466mTYU3m.jpg
31wRVrTfonpur6rpM8wZ84,techno,7GoFQNOTX0suC6Tn59qx8n,data/covers/techno/Plastikman_31wRVrTfonpur6rpM8wZ84.jpg
5ZSutAkOkxqNok6aFCqafk,house,5wJK4kQAkVGjqM9x46KQOC,data/covers/house/Solomun_5ZSutAkOkxqNok6aFCqafk.jpg
0veMfwPekRVWazQ0YVGLPa,techno,2nq2BeSbzExGAv3Y4HgUf7,data/covers/techno/Stephan_Bodzin_0veMfwPekRVWazQ0YVGLPa.jpg
3dRmm4T0bCUIw4L1lphVYj,techno,3AhwIUus3pIaA3CvYBEtpy,data/covers/techno/Plastikman_3dRmm4T0bCUIw4L1lphVYj.jpg
5HwzpaqYOZABPnmvl5JYFX,country,4xFUf1FHVy696Q1JQZMTRj,data/covers/country/Carrie_Underwood_5HwzpaqYOZABPnmvl5JYFX.jpg
0S9D5NIDp2YXhYwlvuJzqx,country,718COspgdWOnwOFpJHRZHS,data/covers/country/Luke_Combs_0S9D5NIDp2YXhYwlvuJzqx.jpg
1U3qu4gDfohAqFrmpLT11l,metal,6mdiAmATAx73kdxrNrnlao,data/covers/metal/Iron_Maiden_1U3qu4gDfohAqFrmpLT11l.jpg
5zj0qH4lKPQOotmWkE3ECb,techno,2nq2BeSbzExGAv3Y4HgUf7,data/covers/techno/Stephan_Bodzin_5zj0qH4lKPQOotmWkE3ECb.jpg
1FcjzYQkch4Drl1C8rMs19,jazz,5RzjqfPS0Bu4bUMkyNNDpn,data/covers/jazz/Dizzy_Gillespie_1FcjzYQkch4Drl1C8rMs19.jpg
1fQP14KigA58xjlYNf4Uac,metal,1Yox196W7bzVNZI7RBaPnf,data/covers/metal/Megadeth_1fQP14KigA58xjlYNf4Uac.jpg
4XkWqozX4Uqc0qwncCVZxi,jazz,2ZvrvbQNrHKwjT7qfGFFUW,data/covers/jazz/Herbie_Hancock_4XkWqozX4Uqc0qwncCVZxi.jpg
0mP7hw2ndbkJZwa2amXhng,jazz,5RzjqfPS0Bu4bUMkyNNDpn,data/covers/jazz/Dizzy_Gillespie_0mP7hw2ndbkJZwa2amXhng.jpg
6LtpScBbF8waA0d0WGg9qN,country,20TQiCeGRaVxHewzPwZOal,data/covers/country/Angie_Gold_6LtpScBbF8waA0d0WGg9qN.jpg
4g9B6VXmdHhmqYhVHIXsbc,house,37uLId6Z5ZXCx19vuruvv5,data/covers/house/Hot_Chip_4g9B6VXmdHhmqYhVHIXsbc.jpg
4H7cyDUNbrpQagFPfwjJsE,indie_rock,3TNt4aUIxgfy9aoaft5Jj2,data/covers/indie_rock/Yeah_Yeah_Yeahs_4H7cyDUNbrpQagFPfwjJsE.jpg
60w6ZTomh9ovMzci53QX4j,reggae,6ZFv3wQwwWPiVDWhv0mjQK,data/covers/reggae/Toots_and_The_Maytals_60w6ZTomh9ovMzci53QX4j.jpg
2Ek1q2haOnxVqhvVKqMvJe,hiphop,5K4W6rqBFWDnAN6FQUkS6x,data/covers/hiphop/Kanye_West_2Ek1q2haOnxVqhvVKqMvJe.jpg
35JdscYb3MwYsb0pBer6t1,reggae,0UmBaQJflaHddKtf1lrA6F,data/covers/reggae/Gregory_Isaacs_35JdscYb3MwYsb0pBer6t1.jpg
18ACIuiPrMJMkRPtNL9G7h,alternative_rock,2DaxqgrOhkeH0fpeiQq2f4,data/covers/alternative_rock/Oasis_18ACIuiPrMJMkRPtNL9G7h.jpg
3y8394LKwBOw0NyXPkH5wS,techno,3AhwIUus3pIaA3CvYBEtpy,data/covers/techno/Plastikman_3y8394LKwBOw0NyXPkH5wS.jpg
5bl9lKdqTK6JysVgcf2G7c,techno,2eIDAcLKnWc4D350YyzvgS,data/covers/techno/Jeff_Mills_5bl9lKdqTK6JysVgcf2G7c.jpg
2vwn4KyufYWpTGPz5cZc9U,house,7nqpEU6DCHkNtK1bYsyS3W,data/covers/house/Kerri_Chandler_2vwn4KyufYWpTGPz5cZc9U.jpg
75nbZvjME9F7wHeVMnKDLv,alternative_rock,5xUf6j4upBrXZPg6AI4MRK,data/covers/alternative_rock/Soundgarden_75nbZvjME9F7wHeVMnKDLv.jpg
2tV8MeptqoxJcuwQbh6Khr,indie_rock,4LEiUm1SRbFMgfqnQTwUbQ,data/covers/indie_rock/Bon_Iver_2tV8MeptqoxJcuwQbh6Khr.jpg
3eBdYYK6219bELd0YzRgTu,techno,19SmlbABtI4bXz864MLqOS,data/covers/techno/Carl_Cox_3eBdYYK6219bELd0YzRgTu.jpg
6uvpwPD6J3TZWcxVFdpq2e,reggae,3j7Sw80qzL2FJlryUhI3wG,data/covers/reggae/Shabba_Ranks_6uvpwPD6J3TZWcxVFdpq2e.jpg
24bw7vxy5R6p8lffKu3ql4,jazz,19eLuQmk9aCobbVDHc6eek,data/covers/jazz/Louis_Armstrong_24bw7vxy5R6p8lffKu3ql4.jpg
0PSTqZ8cInMb1Wr68Uqdwp,alternative_rock,4pejUc4iciQfgdX6OKulQn,data/covers/alternative_rock/Queens_of_the_Stone_Age_0PSTqZ8cInMb1Wr68Uqdwp.jpg
2toHnQWm3IbSocaWGYi9J4,alternative_rock,6RZUqkomCmb8zCRqc9eznB,data/covers/alternative_rock/Placebo_2toHnQWm3IbSocaWGYi9J4.jpg
6RqR43MTl1GNKrDSXIerP2,house,3j7teie3p6UnbA8nW51Trz,data/covers/house/Larry_Heard_6RqR43MTl1GNKrDSXIerP2.jpg
7mSLUr29zAYgGMAatXnWVy,country,7yLO4Ygbcf4YvYkcPupU9h,data/covers/country/Achim_Petry_7mSLUr29zAYgGMAatXnWVy.jpg
7mmLCufyg6RutRe6DWz6en,metal,1DFr97A9HnbV3SKTJFu62M,data/covers/metal/Motorhead_7mmLCufyg6RutRe6DWz6en.jpg
6GupLKo0sruoLNQZZ8MFTW,house,240wlM8vDrf6S4zCyzGj2W,data/covers/house/CamelPhat_6GupLKo0sruoLNQZZ8MFTW.jpg
5NAhCxOzX8Uav1c7oU6m7p,house,6TshTCYwh9ySzOO6Jy4Ux2,data/covers/house/Maya_Jane_Coles_5NAhCxOzX8Uav1c7oU6m7p.jpg
4odEMh1B3bNvNAwIvsjsmU,metal,1DFr97A9HnbV3SKTJFu62M,data/covers/metal/Motorhead_4odEMh1B3bNvNAwIvsjsmU.jpg
3P17levwUPzmFfLYdAK3A7,alternative_rock,4Z8W4fKeB5YxbusRsdQVPb,data/covers/alternative_rock/Radiohead_3P17levwUPzmFfLYdAK3A7.jpg
3h8MIsu4fQWvXrYucVaKKd,alternative_rock,5UqTO8smerMvxHYA5xsXb6,data/covers/alternative_rock/Sonic_Youth_3h8MIsu4fQWvXrYucVaKKd.jpg
2brwuyGZ2lLqWnBX6U4MQT,indie_rock,3kjuyTCjPG1WMFCiyc5IuB,data/covers/indie_rock/Arcade_Fire_2brwuyGZ2lLqWnBX6U4MQT.jpg
1t2M4YmH8x9Tplcxq08H5l,metal,2tRsMl4eGxwoNabM08Dm4I,data/covers/metal/Judas_Priest_1t2M4YmH8x9Tplcxq08H5l.jpg
6z4ibHIGBC2lrfnw0DVkvT,alternative_rock,1V3Nl0Y3EZwqP38KHws6vB,data/covers/alternative_rock/H-Blockx_6z4ibHIGBC2lrfnw0DVkvT.jpg
2eFSxvxOTCXFeg0uR5uA3p,hiphop,3nDNDLcZuSto4k9u4AbcLB,data/covers/hiphop/Marteria_2eFSxvxOTCXFeg0uR5uA3p.jpg
74QPd1WqK8kTsVNtHdBzJ8,metal,0ybFZ2Ab08V8hueghSXm6E,data/covers/metal/Opeth_74QPd1WqK8kTsVNtHdBzJ8.jpg
0DBKh3SUXyAuB0MSl3W8Gz,techno,2zJJIWKT0LiwdxcwW9RajQ,data/covers/techno/Dax_J_0DBKh3SUXyAuB0MSl3W8Gz.jpg
1Om5FVKUu8ymu92UHCMSpt,jazz,3rxeQlsv0Sc2nyYaZ5W71T,data/covers/jazz/Chet_Baker_1Om5FVKUu8ymu92UHCMSpt.jpg
5XmhHMj5LZLWo32aA6ntKE,indie_rock,4LG4Bs1Gadht7TCrMytQUO,data/covers/indie_rock/The_Shins_5XmhHMj5LZLWo32aA6ntKE.jpg
1qbZzUcWSqSuVKko4eTTcF,reggae,5keeQyPKYRxUCKDMECTXG3,data/covers/reggae/Black_Uhuru_1qbZzUcWSqSuVKko4eTTcF.jpg
4W7BVZrJ7Up7hqV8qM3s5g,classical,4LXxsm5BF85PWnQ1dUDAze,data/covers/classical/Carl_Orff_4W7BVZrJ7Up7hqV8qM3s5g.jpg
4zpN41aGAYPWX3dzE19rH7,indie_rock,26T3LtbuGT1Fu9m0eRq5X3,data/covers/indie_rock/Cage_the_Elephant_4zpN41aGAYPWX3dzE19rH7.jpg
0lw68yx3MhKflWFqCsGkIs,alternative_rock,12Chz98pHFMPJEknJQMWvI,data/covers/alternative_rock/Muse_0lw68yx3MhKflWFqCsGkIs.jpg
2H9FvGzeO4I72Vp8TUdjz3,house,6jOz2B9qeID4dLP1o8bFGf,data/covers/house/Crazy_P_2H9FvGzeO4I72Vp8TUdjz3.jpg
6YmaONHpjSkhAiKhLakdFM,jazz,2hGh5VOeeqimQFxqXvfCUf,data/covers/jazz/John_Coltrane_6YmaONHpjSkhAiKhLakdFM.jpg
6JRaPcrT3cMBEmkgSqEPhI,house,4tZwfgrHOc3mvqYlEYSvVi,data/covers/house/Daft_Punk_6JRaPcrT3cMBEmkgSqEPhI.jpg
7AleWm3WG8Ko8AJjfaa3oW,jazz,2hGh5VOeeqimQFxqXvfCUf,data/covers/jazz/John_Coltrane_7AleWm3WG8Ko8AJjfaa3oW.jpg
4eNfxVeoSIEU90AHwRw10x,techno,6WH1V41LwGDGmlPUhSZLHO,data/covers/techno/Autechre_4eNfxVeoSIEU90AHwRw10x.jpg
6eMDYYqusiE28W797x0ArK,country,5W5bDNCqJ1jbCgTxDD0Cb3,data/covers/country/Willie_Nelson_6eMDYYqusiE28W797x0ArK.jpg
2dQanJSHTuwiNBw725IAVQ,country,6roFdX1y5BYSbp60OTJWMd,data/covers/country/Tim_McGraw_2dQanJSHTuwiNBw725IAVQ.jpg
4riDt0IRAsYm3EfmUUPDYb,country,6roFdX1y5BYSbp60OTJWMd,data/covers/country/Tim_McGraw_4riDt0IRAsYm3EfmUUPDYb.jpg
7hT7TsR7zxd30zTJRvtwD0,alternative_rock,1V3Nl0Y3EZwqP38KHws6vB,data/covers/alternative_rock/H-Blockx_7hT7TsR7zxd30zTJRvtwD0.jpg
0k0sWVuUrp5YGC1RDUeJzm,house,4sf3QZW8a3xZ14IGsOAzoy,data/covers/house/Cassius_0k0sWVuUrp5YGC1RDUeJzm.jpg
0YO1jsKIjc53uqC2AShPAI,jazz,0kbYTNQb4Pb1rPbbaF0pT4,data/covers/jazz/Miles_Davis_0YO1jsKIjc53uqC2AShPAI.jpg
5G5rgQHzdQnw32SI0WjIo5,hiphop,3q7HBObVc0L8jNeTe5Gofh,data/covers/hiphop/50_Cent_5G5rgQHzdQnw32SI0WjIo5.jpg
6OOvjudSwHdF9tAd6XwY6l,reggae,41ekW4MXG59xJMXR8dX1OG,data/covers/reggae/Alpha_Blondy_6OOvjudSwHdF9tAd6XwY6l.jpg
3tcD16YG96pBRgGI1aS6Kd,techno,4mtHSXwIHihO6MWNq5Qoko,data/covers/techno/Squarepusher_3tcD16YG96pBRgGI1aS6Kd.jpg
3U2Nj6eoEgISZWr6t9WFZV,country,7wCjDgV6nqBsHguQXPAaIM,data/covers/country/Waylon_Jennings_3U2Nj6eoEgISZWr6t9WFZV.jpg
1L19OH3VWoIcMhZuq70F1u,metal,3JysSUOyfVs1UQ0UaESheP,data/covers/metal/Anthrax_1L19OH3VWoIcMhZuq70F1u.jpg
3PwlEsW83hixGSSKGWODnJ,metal,5GLeyUhj8B8f5pJxqZllKl,data/covers/metal/Doro_3PwlEsW83hixGSSKGWODnJ.jpg
116jxyxBO4bxzBHOYTMJVk,reggae,6qfKnsgz1CwyqA7lTdieRJ,data/covers/reggae/Third_World_116jxyxBO4bxzBHOYTMJVk.jpg
1h5jSwgEiUDx58MiBFVTgV,reggae,6UL7BodGc5iVmQGlMwHR0g,data/covers/reggae/Steel_Pulse_1h5jSwgEiUDx58MiBFVTgV.jpg
5cGHqITuI0okDuweOwyRFR,country,5vngPClqofybhPERIqQMYd,data/covers/country/George_Strait_5cGHqITuI0okDuweOwyRFR.jpg
7fCDX5XelfivOTrnPrcgsr,metal,7jxJ25p0pPjk0MStloN6o6,data/covers/metal/Blind_Guardian_7fCDX5XelfivOTrnPrcgsr.jpg
0Oq3mWfexhsjUh0aNNBB5u,hiphop,2YZyLoL8N0Wb9xBt1NhZWg,data/covers/hiphop/Kendrick_Lamar_0Oq3mWfexhsjUh0aNNBB5u.jpg
5zDqo50KERwnv3vlFE4y99,country,5e4Dhzv426EvQe3aDb64jL,data/covers/country/Shania_Twain_5zDqo50KERwnv3vlFE4y99.jpg
6iVOwFVjFRoQPgj8GUwSsi,alternative_rock,2d0hyoQ5ynDBnkvAbJKORj,data/covers/alternative_rock/Rage_Against_the_Machine_6iVOwFVjFRoQPgj8GUwSsi.jpg
1LQZp37z82iTVxillq6K59,indie_rock,3TNt4aUIxgfy9aoaft5Jj2,data/covers/indie_rock/Yeah_Yeah_Yeahs_1LQZp37z82iTVxillq6K59.jpg
5aGo0ZXmsCooA4b3J0n0iQ,metal,0GDGKpJFhVpcjIGF8N6Ewt,data/covers/metal/Gojira_5aGo0ZXmsCooA4b3J0n0iQ.jpg
0juRs0SBLjTbMjfgfi16Dl,classical,459INk8vcC0ebEef82WjIK,data/covers/classical/Erik_Satie_0juRs0SBLjTbMjfgfi16Dl.jpg
3zhOW5DedpxAxddYJ18qiI,indie_rock,23xqmJEN3oVxwzqtNIyR5m,data/covers/indie_rock/AnnenMayKantereit_3zhOW5DedpxAxddYJ18qiI.jpg
1pzqLzklCYlwzXW0DsdWC9,reggae,5keeQyPKYRxUCKDMECTXG3,data/covers/reggae/Black_Uhuru_1pzqLzklCYlwzXW0DsdWC9.jpg
74Wn2DIhVl6RlGHCAvrh21,metal,2aaLAng2L2aWD2FClzwiep,data/covers/metal/Dream_Theater_74Wn2DIhVl6RlGHCAvrh21.jpg
2yHalL21jJLLym1hS5gDwe,metal,3JysSUOyfVs1UQ0UaESheP,data/covers/metal/Anthrax_2yHalL21jJLLym1hS5gDwe.jpg
6HqGJkwzb44R93uYERsAFD,country,2ptmyXoL7poH6Zq62h1QT9,data/covers/country/Merle_Haggard_6HqGJkwzb44R93uYERsAFD.jpg
33XW4U6cWv8gXy6jWOOVyP,country,7wCjDgV6nqBsHguQXPAaIM,data/covers/country/Waylon_Jennings_33XW4U6cWv8gXy6jWOOVyP.jpg
1VLKFGaQoKLvxzIWQxLKZI,hiphop,4lDiJcOJ2GLCK6p9q5BgfK,data/covers/hiphop/Kontra_K_1VLKFGaQoKLvxzIWQxLKZI.jpg
5sMK7vkPd3CZF0fTny80gj,house,6wMr4zKPrrR0UVz08WtUWc,data/covers/house/Black_Coffee_5sMK7vkPd3CZF0fTny80gj.jpg
4l8VtXdog2RC65BdpER9gh,jazz,1YzCsTRb22dQkh9lghPIrp,data/covers/jazz/Billie_Holiday_4l8VtXdog2RC65BdpER9gh.jpg
0jBnkN5IkQ9ZetMISmu5Sj,reggae,41ekW4MXG59xJMXR8dX1OG,data/covers/reggae/Alpha_Blondy_0jBnkN5IkQ9ZetMISmu5Sj.jpg
1xAF8OSjPwrpUvaTSbCFWi,country,1UTPBmNbXNTittyMJrNkvw,data/covers/country/Blake_Shelton_1xAF8OSjPwrpUvaTSbCFWi.jpg
3Ihjt36B8ffmJWQurXsa3c,alternative_rock,6zvul52xwTWzilBZl6BUbT,data/covers/alternative_rock/Pixies_3Ihjt36B8ffmJWQurXsa3c.jpg
1cAujZxQJDEhqXK0EBBNtr,country,4tw2Lmn9tTPUv7Gy7mVPI4,data/covers/country/Kenny_Rogers_1cAujZxQJDEhqXK0EBBNtr.jpg
6k1icnUbF3aMZM4P2yokMe,hiphop,3nFkdlSjzX9mRTtwJOzDYB,data/covers/hiphop/JAY-Z_6k1icnUbF3aMZM4P2yokMe.jpg
3ZAZAoBng8rApHtLUfDFrh,country,4tw2Lmn9tTPUv7Gy7mVPI4,data/covers/country/Kenny_Rogers_3ZAZAoBng8rApHtLUfDFrh.jpg
4lXpdWFX4FpD1y6POQjZwy,techno,2nq2BeSbzExGAv3Y4HgUf7,data/covers/techno/Stephan_Bodzin_4lXpdWFX4FpD1y6POQjZwy.jpg
0DpR46aG5jiQlhZskcWt3U,jazz,19eLuQmk9aCobbVDHc6eek,data/covers/jazz/Louis_Armstrong_0DpR46aG5jiQlhZskcWt3U.jpg
7MDsvCR0EE39k31kPbgojR,indie_rock,3inCNiUr4R6XQ3W43s9Aqi,data/covers/indie_rock/Pavement_7MDsvCR0EE39k31kPbgojR.jpg
6kcZ35GY84A3FBIcIKVqTW,country,4YLtscXsxbVgi031ovDDdh,data/covers/country/Chris_Stapleton_6kcZ35GY84A3FBIcIKVqTW.jpg
2Kk1IljLW54MfRQYhPV846,jazz,3rxeQlsv0Sc2nyYaZ5W71T,data/covers/jazz/Chet_Baker_2Kk1IljLW54MfRQYhPV846.jpg
6fay9e7IPkcaelB70hd7v3,house,6nS5roXSAGhTGr34W6n7Et,data/covers/house/Disclosure_6fay9e7IPkcaelB70hd7v3.jpg
5fTtxvwGPfCWslRzNbZOD9,jazz,1VEzN9lxvG6KPR3QQGsebR,data/covers/jazz/Sonny_Rollins_5fTtxvwGPfCWslRzNbZOD9.jpg
5PWn0llSl0y4RSVuVwwrjZ,techno,5ipQlfnpRCtyOuhYqvPvQ8,data/covers/techno/Robert_Hood_5PWn0llSl0y4RSVuVwwrjZ.jpg
4V20jDGmb503OktddzKfRH,reggae,5keeQyPKYRxUCKDMECTXG3,data/covers/reggae/Black_Uhuru_4V20jDGmb503OktddzKfRH.jpg
5KoTyeAeZOGE4lRz9cTndl,classical,6s1pCNXcbdtQJlsnM1hRIA,data/covers/classical/Dmitri_Shostakovich_5KoTyeAeZOGE4lRz9cTndl.jpg
7sKVcvyDGR6M5iVfOFJUIE,house,4admDxmnri5Zco0xYrJ0ji,data/covers/house/Jamie_Jones_7sKVcvyDGR6M5iVfOFJUIE.jpg
0DeCtNnAxRV9e6tbOLSbuq,hiphop,3nDNDLcZuSto4k9u4AbcLB,data/covers/hiphop/Marteria_0DeCtNnAxRV9e6tbOLSbuq.jpg
4BAcf6luvrLcpkgWsaW3hv,techno,5ipQlfnpRCtyOuhYqvPvQ8,data/covers/techno/Robert_Hood_4BAcf6luvrLcpkgWsaW3hv.jpg
2jl2XQN5Z0iZPn5thGy9jS,techno,1sxHp39RqBEE01pgVqsdyP,data/covers/techno/Marcel_Dettmann_2jl2XQN5Z0iZPn5thGy9jS.jpg
1hv6BR1NZCPSkiZUS2pruA,alternative_rock,40Yq4vzPs9VNUrIBG5Jr2i,data/covers/alternative_rock/Smashing_Pumpkins_1hv6BR1NZCPSkiZUS2pruA.jpg
6ZB8qaR9JNuS0Q0bG1nbcH,indie_rock,3kjuyTCjPG1WMFCiyc5IuB,data/covers/indie_rock/Arcade_Fire_6ZB8qaR9JNuS0Q0bG1nbcH.jpg
495XmSceYgaGVwy2GWAaip,house,3ebS2RuCq8QeLyndUDmgB5,data/covers/house/WizTheMc_495XmSceYgaGVwy2GWAaip.jpg
2WqHN90AQgk95Str6hWCt9,country,0BvkDsjIUla7X0k6CSWh1I,data/covers/country/Luke_Bryan_2WqHN90AQgk95Str6hWCt9.jpg
4QAnUyDKKyyEUkSrUHdFV5,classical,2UqjDAXnDxejEyE0CzfUrZ,data/covers/classical/Robert_Schumann_4QAnUyDKKyyEUkSrUHdFV5.jpg
2cyPixuhzJiiOzTClfodlN,metal,1Dvfqq39HxvCJ3GvfeIFuT,data/covers/metal/Mastodon_2cyPixuhzJiiOzTClfodlN.jpg
2eTxZYoqIv4MoLqwh73qvo,indie_rock,56ZTgzPBDge0OvCGgMO3OY,data/covers/indie_rock/Beach_House_2eTxZYoqIv4MoLqwh73qvo.jpg
5aI0bwD4XS3UGMP4Kx4wNl,metal,3JFsVIxOn7STeilPICkkB2,data/covers/metal/Lamb_of_God_5aI0bwD4XS3UGMP4Kx4wNl.jpg
6BbbmZRlsXUEIPibMKwetU,country,2ptmyXoL7poH6Zq62h1QT9,data/covers/country/Merle_Haggard_6BbbmZRlsXUEIPibMKwetU.jpg
3Z15B9bbxGXA6QJAa6kJMR,techno,1PXHzxRDiLnjqNrRn2Xbsa,data/covers/techno/Underworld_3Z15B9bbxGXA6QJAa6kJMR.jpg
2eia0myWFgoHuttJytCxgX,alternative_rock,2d0hyoQ5ynDBnkvAbJKORj,data/covers/alternative_rock/Rage_Against_the_Machine_2eia0myWFgoHuttJytCxgX.jpg
7JYoM56uZHzQLfy2dmn6VX,house,5wJK4kQAkVGjqM9x46KQOC,data/covers/house/Solomun_7JYoM56uZHzQLfy2dmn6VX.jpg
1VDnvADu41lopq08AvaTGG,techno,2zJJIWKT0LiwdxcwW9RajQ,data/covers/techno/Dax_J_1VDnvADu41lopq08AvaTGG.jpg
2Sn6VvGj9iJXeOscejbIWu,hiphop,6ynopZPMBXcIGBI9M02Un5,data/covers/hiphop/Haftbefehl_2Sn6VvGj9iJXeOscejbIWu.jpg
1QAxXyvTjs9FK4cWXx8DYM,techno,6WH1V41LwGDGmlPUhSZLHO,data/covers/techno/Autechre_1QAxXyvTjs9FK4cWXx8DYM.jpg
5LUJemyMzTC0KxSGKnamOd,techno,1PXHzxRDiLnjqNrRn2Xbsa,data/covers/techno/Underworld_5LUJemyMzTC0KxSGKnamOd.jpg
0RdEilBBna50FQ2VtEmUEa,techno,4jGpKAmwvU263l0tUh4xKU,data/covers/techno/Joris_Voorn_0RdEilBBna50FQ2VtEmUEa.jpg
1DvBf2E2OgU8HAjgInLT6H,alternative_rock,3jOstUTkEu2JkjvRdBA5Gu,data/covers/alternative_rock/Weezer_1DvBf2E2OgU8HAjgInLT6H.jpg
5jrwZleuoWBbH4AAg752qG,jazz,1YzCsTRb22dQkh9lghPIrp,data/covers/jazz/Billie_Holiday_5jrwZleuoWBbH4AAg752qG.jpg
7dU9MbmRJaTX7JJzAd5bqL,indie_rock,5hAhrnb0Ch4ODwWu4tsbpi,data/covers/indie_rock/Yo_La_Tengo_7dU9MbmRJaTX7JJzAd5bqL.jpg
1LMnbEm3AWMHaNTImdkW2G,classical,656RXuyw7CE0dtjdPgjJV6,data/covers/classical/Joseph_Haydn_1LMnbEm3AWMHaNTImdkW2G.jpg
3pPyHBRk2RvmNn4Cg1Asv6,alternative_rock,4KWTAlx2RvbpseOGMEmROg,data/covers/alternative_rock/REM_3pPyHBRk2RvmNn4Cg1Asv6.jpg
0dTrQGVqVQrQ1XYpXDsqBl,country,6kACVPfCOnqzgfEF5ryl0x,data/covers/country/Johnny_Cash_0dTrQGVqVQrQ1XYpXDsqBl.jpg
3AMx69w417iJttC13DmkW6,metal,7954VFaZClkL503srfV5PE,data/covers/metal/Running_Wild_3AMx69w417iJttC13DmkW6.jpg
3VcGwRasSIkWfFJjADQsIa,jazz,2hGh5VOeeqimQFxqXvfCUf,data/covers/jazz/John_Coltrane_3VcGwRasSIkWfFJjADQsIa.jpg
0w4g3UozYbp6rppoQwQehJ,techno,1GhPHrq36VKCY3ucVaZCfo,data/covers/techno/The_Chemical_Brothers_0w4g3UozYbp6rppoQwQehJ.jpg
3oE4P7j6kbJM1P7JDUEnVm,techno,5TQaBSTOSypp7S4jfSnN3F,data/covers/techno/Sven_Vath_3oE4P7j6kbJM1P7JDUEnVm.jpg
2C2TWPu5a5gusC7b3kk3Nn,classical,3u1fWmwpwPOmMelTAo0Gb8,data/covers/classical/Paul_Hindemith_2C2TWPu5a5gusC7b3kk3Nn.jpg
0Mn9h3Lg32vlWhy5l07NHy,jazz,4Ww5mwS7BWYjoZTUIrMHfC,data/covers/jazz/Charlie_Parker_0Mn9h3Lg32vlWhy5l07NHy.jpg
5x3oczsn7WLy0EMUoYNXPR,hiphop,4LLpKhyESsyAXpc4laK94U,data/covers/hiphop/Mac_Miller_5x3oczsn7WLy0EMUoYNXPR.jpg
6NlK09HVhTPd26O7Fjmx3n,metal,5M52tdBnJaKSvOpJGz8mfZ,data/covers/metal/Black_Sabbath_6NlK09HVhTPd26O7Fjmx3n.jpg
1uFL8idnNTz0CdvLYyCGBC,techno,6WH1V41LwGDGmlPUhSZLHO,data/covers/techno/Autechre_1uFL8idnNTz0CdvLYyCGBC.jpg
3J9P845yuZgfvHjORh2E6D,country,32vWCbZh0xZ4o9gkz4PsEU,data/covers/country/Dolly_Parton_3J9P845yuZgfvHjORh2E6D.jpg
5JqOdmlRx9McZapE9UlURS,jazz,4Ww5mwS7BWYjoZTUIrMHfC,data/covers/jazz/Charlie_Parker_5JqOdmlRx9McZapE9UlURS.jpg
0v5QUbAfwz2mdPzT5tkLa0,classical,2UqjDAXnDxejEyE0CzfUrZ,data/covers/classical/Robert_Schumann_0v5QUbAfwz2mdPzT5tkLa0.jpg
4iDlWF1RUW79BGk9jC6OJ7,classical,656RXuyw7CE0dtjdPgjJV6,data/covers/classical/Joseph_Haydn_4iDlWF1RUW79BGk9jC6OJ7.jpg
7LDueRYGp7d4y7cczhwKS3,reggae,6qaKS0nzGP4hfjl4aFZmEU,data/covers/reggae/Burning_Spear_7LDueRYGp7d4y7cczhwKS3.jpg
3He45LN1ftbT01OqPuum7S,reggae,6ZFv3wQwwWPiVDWhv0mjQK,data/covers/reggae/Toots_and_The_Maytals_3He45LN1ftbT01OqPuum7S.jpg
6RcaRLFeo2csyfKWAf5hba,house,6jOz2B9qeID4dLP1o8bFGf,data/covers/house/Crazy_P_6RcaRLFeo2csyfKWAf5hba.jpg
4XFRfSN2dx5mKaZwMaTad0,metal,2aaLAng2L2aWD2FClzwiep,data/covers/metal/Dream_Theater_4XFRfSN2dx5mKaZwMaTad0.jpg
3r4dG6bUfL4jasKeo50kLE,house,4VNQWV2y1E97Eqo2D5UTjx,data/covers/house/Gorgon_City_3r4dG6bUfL4jasKeo50kLE.jpg
1tfrh7jInz0lgBamg12OFj,house,4VNQWV2y1E97Eqo2D5UTjx,data/covers/house/Gorgon_City_1tfrh7jInz0lgBamg12OFj.jpg
2fxpPZnUQrYgjax8z9t4UB,reggae,3rJ3m1tM6vUgiWLjfV8sRf,data/covers/reggae/Jimmy_Cliff_2fxpPZnUQrYgjax8z9t4UB.jpg
6dxfv0ZqZqgkr47hgLcZ1r,metal,1Dvfqq39HxvCJ3GvfeIFuT,data/covers/metal/Mastodon_6dxfv0ZqZqgkr47hgLcZ1r.jpg
7re8T0K3s8v3S3xeiQcOYi,indie_rock,2cCUtGK9sDU2EoElnk0GNB,data/covers/indie_rock/The_National_7re8T0K3s8v3S3xeiQcOYi.jpg
7f6xPqyaolTiziKf5R5Z0c,country,70kkdajctXSbqSMJbQO424,data/covers/country/Kacey_Musgraves_7f6xPqyaolTiziKf5R5Z0c.jpg
6CjCW4jVic7gvaYPrfkGNG,techno,19SmlbABtI4bXz864MLqOS,data/covers/techno/Carl_Cox_6CjCW4jVic7gvaYPrfkGNG.jpg
2wart5Qjnvx1fd7LPdQxgJ,alternative_rock,12Chz98pHFMPJEknJQMWvI,data/covers/alternative_rock/Muse_2wart5Qjnvx1fd7LPdQxgJ.jpg
1U2HNCQTbqtG7uKvgrXj3e,indie_rock,56ZTgzPBDge0OvCGgMO3OY,data/covers/indie_rock/Beach_House_1U2HNCQTbqtG7uKvgrXj3e.jpg
56rB08mTgo2HaMorNIYbC8,jazz,7G1GBhoKtEPnP86X2PvEYO,data/covers/jazz/Nina_Simone_56rB08mTgo2HaMorNIYbC8.jpg
6c24y2SMjBi9Wd6kfE00Xv,house,0RBnTX5xoVa1bDYt9Qbies,data/covers/house/Floorplan_6c24y2SMjBi9Wd6kfE00Xv.jpg
6NjMabzPRwjT4HLSgjIKWT,jazz,4F7Q5NV6h5TSwCainz8S5A,data/covers/jazz/Duke_Ellington_6NjMabzPRwjT4HLSgjIKWT.jpg
16cOIJcGCSl6UAqh0K8Ygi,jazz,0kbYTNQb4Pb1rPbbaF0pT4,data/covers/jazz/Miles_Davis_16cOIJcGCSl6UAqh0K8Ygi.jpg
0853Jr0BekokFLtXeuhMM7,country,4mxWe1mtYIYfP040G38yvS,data/covers/country/Alan_Jackson_0853Jr0BekokFLtXeuhMM7.jpg
60HyhOMJcSZO77f5drIuWZ,metal,3JysSUOyfVs1UQ0UaESheP,data/covers/metal/Anthrax_60HyhOMJcSZO77f5drIuWZ.jpg
1eY4XCAm4LMGE45TecTHtE,reggae,6qaKS0nzGP4hfjl4aFZmEU,data/covers/reggae/Burning_Spear_1eY4XCAm4LMGE45TecTHtE.jpg
1qkr1AJ7sc8IF2nLmjCBkZ,country,70kkdajctXSbqSMJbQO424,data/covers/country/Kacey_Musgraves_1qkr1AJ7sc8IF2nLmjCBkZ.jpg
4MlBSBN8KZqVOLIsaw0276,reggae,6UL7BodGc5iVmQGlMwHR0g,data/covers/reggae/Steel_Pulse_4MlBSBN8KZqVOLIsaw0276.jpg
3dWqD6pjAcJmMwYflzbykp,techno,1oXiuCd5F0DcnmXH5KaM6N,data/covers/techno/Kollektiv_Turmstrasse_3dWqD6pjAcJmMwYflzbykp.jpg
4bJCKmpKgti10f3ltz6LLl,indie_rock,4LEiUm1SRbFMgfqnQTwUbQ,data/covers/indie_rock/Bon_Iver_4bJCKmpKgti10f3ltz6LLl.jpg
1ztKoivQ2RHhcoRskrc2hz,house,44T94QQEc60Jf7kqGY6Rip,data/covers/house/Lee_Foss_1ztKoivQ2RHhcoRskrc2hz.jpg
2SOU9W2MdakG9qJnIzcWtf,country,1FClsNYBUoNFtGgzeG74dW,data/covers/country/Hank_Williams_2SOU9W2MdakG9qJnIzcWtf.jpg
5qLTlCTZvN24Fm1nqd7XCV,indie_rock,3kjuyTCjPG1WMFCiyc5IuB,data/covers/indie_rock/Arcade_Fire_5qLTlCTZvN24Fm1nqd7XCV.jpg
3v339WQi3H9HRsWWodt8Fy,reggae,5WcGRaGsl0b9sul7jVdDgc,data/covers/reggae/Don_Carlos_3v339WQi3H9HRsWWodt8Fy.jpg
5xoQ4ZO61r39zz3Fn7mNT9,indie_rock,2Jv5eshHtLycR6R8KQCdc4,data/covers/indie_rock/Grizzly_Bear_5xoQ4ZO61r39zz3Fn7mNT9.jpg
7de264Y95K3LUu5COd7Yjx,techno,1PSylklb2w06BAAHEtepqM,data/covers/techno/Surgeon_7de264Y95K3LUu5COd7Yjx.jpg
6XeqtjhG8d5Q9FggDriMdc,jazz,4PDpGtF16XpqvXxsrFwQnN,data/covers/jazz/Thelonious_Monk_6XeqtjhG8d5Q9FggDriMdc.jpg
5tQjJRsqTVaK9NZ7Rh02en,alternative_rock,2d0hyoQ5ynDBnkvAbJKORj,data/covers/alternative_rock/Rage_Against_the_Machine_5tQjJRsqTVaK9NZ7Rh02en.jpg
4UuHA09zsxQHkbfqQS2QOo,jazz,7G1GBhoKtEPnP86X2PvEYO,data/covers/jazz/Nina_Simone_4UuHA09zsxQHkbfqQS2QOo.jpg
0VtZ8Arkgt55ttxXbaNWzi,reggae,6qfKnsgz1CwyqA7lTdieRJ,data/covers/reggae/Third_World_0VtZ8Arkgt55ttxXbaNWzi.jpg
7G84Q2FcA43cjLeWBSIedv,indie_rock,0YrtvWJMgSdVrk3SfNjTbx,data/covers/indie_rock/Death_Cab_for_Cutie_7G84Q2FcA43cjLeWBSIedv.jpg
00TduFxDBPEhdgEq6KLDtY,country,2ptmyXoL7poH6Zq62h1QT9,data/covers/country/Merle_Haggard_00TduFxDBPEhdgEq6KLDtY.jpg
0hvT3yIEysuuvkK73vgdcW,hiphop,2YZyLoL8N0Wb9xBt1NhZWg,data/covers/hiphop/Kendrick_Lamar_0hvT3yIEysuuvkK73vgdcW.jpg
28ZJWGETWKrPgN8RZUD4Ek,reggae,3rJ3m1tM6vUgiWLjfV8sRf,data/covers/reggae/Jimmy_Cliff_28ZJWGETWKrPgN8RZUD4Ek.jpg
4KRXC5C4eR80b8q4hHcO4a,techno,4O71i7ke5iIBX6RNSFoZbS,data/covers/techno/Trentemoller_4KRXC5C4eR80b8q4hHcO4a.jpg
4NXffitx8ssmAblz8HtkcW,alternative_rock,5UqTO8smerMvxHYA5xsXb6,data/covers/alternative_rock/Sonic_Youth_4NXffitx8ssmAblz8HtkcW.jpg
72zopw2wKNqbrX9pOxAH8Y,indie_rock,4I2BJf80C0skQpp1sQmA0h,data/covers/indie_rock/Belle_and_Sebastian_72zopw2wKNqbrX9pOxAH8Y.jpg
64fKgCaHuNbGWIrQ3jtH3j,techno,2LmP2eHIAmprDBQfi4jiBC,data/covers/techno/Donato_Dozzy_64fKgCaHuNbGWIrQ3jtH3j.jpg
1quFS6EneVBW7PTbipPlNg,country,70kkdajctXSbqSMJbQO424,data/covers/country/Kacey_Musgraves_1quFS6EneVBW7PTbipPlNg.jpg
3OjOKBe61b4AmmUNnUyWP7,jazz,4Ww5mwS7BWYjoZTUIrMHfC,data/covers/jazz/Charlie_Parker_3OjOKBe61b4AmmUNnUyWP7.jpg
5BIbhpZrN6WQWNemz4FF3b,reggae,3rJ3m1tM6vUgiWLjfV8sRf,data/covers/reggae/Jimmy_Cliff_5BIbhpZrN6WQWNemz4FF3b.jpg
2DlvDiYx2Nd5VQAmNqUDJu,house,1gR0gsQYfi6joyO1dlp76N,data/covers/house/Justice_2DlvDiYx2Nd5VQAmNqUDJu.jpg
4N19VSMwhe1C2db0zHNe1r,jazz,3kUKwTJdH8FuWzF8p6Dg9E,data/covers/jazz/Dave_Brubeck_4N19VSMwhe1C2db0zHNe1r.jpg
5VfBwkAoSsQwtZjPU0Gr7h,hiphop,3q7HBObVc0L8jNeTe5Gofh,data/covers/hiphop/50_Cent_5VfBwkAoSsQwtZjPU0Gr7h.jpg
2HKgnzlGIJddpRwDlxit43,house,4sf3QZW8a3xZ14IGsOAzoy,data/covers/house/Cassius_2HKgnzlGIJddpRwDlxit43.jpg
2GmxYJ9ckok96is4Yo4Wl9,classical,2wOqMjp9TyABvtHdOSOTUS,data/covers/classical/Sergei_Rachmaninoff_2GmxYJ9ckok96is4Yo4Wl9.jpg
7m0f2Km7Zlc7quAIvCYPMr,country,4xFUf1FHVy696Q1JQZMTRj,data/covers/country/Carrie_Underwood_7m0f2Km7Zlc7quAIvCYPMr.jpg
00AV3adOZy7kNZWjLhHOti,reggae,3rJ3m1tM6vUgiWLjfV8sRf,data/covers/reggae/Jimmy_Cliff_00AV3adOZy7kNZWjLhHOti.jpg
5BxE5vKyEozlpIj6BX9KgE,classical,5zyNXVd952fWOjkdGHCvPd,data/covers/classical/Bela_Bartok_5BxE5vKyEozlpIj6BX9KgE.jpg
5OFE1L5SCbDkFsA1Yy4HKU,techno,6OQOvP7RAdmAKVXXQqD0Se,data/covers/techno/Pan-Pot_5OFE1L5SCbDkFsA1Yy4HKU.jpg
2IZXIcE2Sp9Ojk047TjROI,country,2ptmyXoL7poH6Zq62h1QT9,data/covers/country/Merle_Haggard_2IZXIcE2Sp9Ojk047TjROI.jpg
5otwen7lX5TI3TisNxhGs3,reggae,5fesJyzdxsc2B7uKXYyz0R,data/covers/reggae/Martin_Zobel_5otwen7lX5TI3TisNxhGs3.jpg
2sXqjhJhEVEP8YcvdNQPH9,indie_rock,2Jv5eshHtLycR6R8KQCdc4,data/covers/indie_rock/Grizzly_Bear_2sXqjhJhEVEP8YcvdNQPH9.jpg
7C9sYJJ4s7YnIKs7WxLOl2,techno,4jGpKAmwvU263l0tUh4xKU,data/covers/techno/Joris_Voorn_7C9sYJJ4s7YnIKs7WxLOl2.jpg
19eTrUV7BXX37t5YeWZoEr,country,6kACVPfCOnqzgfEF5ryl0x,data/covers/country/Johnny_Cash_19eTrUV7BXX37t5YeWZoEr.jpg
6Rl6YoCarF2GHPSQmmFjuR,hiphop,3TVXtAsR1Inumwj472S9r4,data/covers/hiphop/Drake_6Rl6YoCarF2GHPSQmmFjuR.jpg
07ZPwuqkHEWIUev5lNZzAm,jazz,5RzjqfPS0Bu4bUMkyNNDpn,data/covers/jazz/Dizzy_Gillespie_07ZPwuqkHEWIUev5lNZzAm.jpg
3aRgcRHwcVOnynmzw1316W,techno,5zovXI5By2gUhdr7EByjLa,data/covers/techno/Monkey_Safari_3aRgcRHwcVOnynmzw1316W.jpg
7G21a7VOdOTfdFMOyNgHRE,reggae,2Y06xyHPovQ8DWLyVIpSJK,data/covers/reggae/Israel_Vibration_7G21a7VOdOTfdFMOyNgHRE.jpg
0ja6Rjg1a5Fw2IEwTymwQE,metal,1Yox196W7bzVNZI7RBaPnf,data/covers/metal/Megadeth_0ja6Rjg1a5Fw2IEwTymwQE.jpg
1rDjHlur6uZheIHpBdmLEF,house,6d1HqiWNEKV9zFqQM9WeYo,data/covers/house/Romare_1rDjHlur6uZheIHpBdmLEF.jpg
5nhavrrxyMvyo6bTipv9v3,house,3qMRvSHJpaRjGDkIeNMoGz,data/covers/house/Theo_Parrish_5nhavrrxyMvyo6bTipv9v3.jpg
4bcUiX49wpmDRhrC8TvDWV,metal,2ye2Wgw4gimLv2eAKyk1NB,data/covers/metal/Metallica_4bcUiX49wpmDRhrC8TvDWV.jpg
4shtY07GMKUL0FJhctApwo,indie_rock,1yAwtBaoHLEDWAnWR87hBT,data/covers/indie_rock/Modest_Mouse_4shtY07GMKUL0FJhctApwo.jpg
4mAhdh996uW5SnnFKXUmC0,house,4tZwfgrHOc3mvqYlEYSvVi,data/covers/house/Daft_Punk_4mAhdh996uW5SnnFKXUmC0.jpg
3Vt48jm2goABfpuFbMUaUZ,alternative_rock,5xUf6j4upBrXZPg6AI4MRK,data/covers/alternative_rock/Soundgarden_3Vt48jm2goABfpuFbMUaUZ.jpg
500gonatuH3z7LaK8tpLcW,country,32vWCbZh0xZ4o9gkz4PsEU,data/covers/country/Dolly_Parton_500gonatuH3z7LaK8tpLcW.jpg
1Kb8RQgDMTvILJpUynTMsb,techno,1btv9qmIpbp7q1ixCYNdHu,data/covers/techno/Adam_Beyer_1Kb8RQgDMTvILJpUynTMsb.jpg
4yt6KefVILaA6DqhjxmCP3,metal,5HFkc3t0HYETL4JeEbDB1v,data/covers/metal/Powerwolf_4yt6KefVILaA6DqhjxmCP3.jpg
3zzU2dSR6LpTlI4zd4Rgzj,house,6d1HqiWNEKV9zFqQM9WeYo,data/covers/house/Romare_3zzU2dSR6LpTlI4zd4Rgzj.jpg
6wMr6sXmeAizmSKsphfDfv,classical,3u1fWmwpwPOmMelTAo0Gb8,data/covers/classical/Paul_Hindemith_6wMr6sXmeAizmSKsphfDfv.jpg
7EJVgQ4abNY6PMSY7hUINT,techno,1PXHzxRDiLnjqNrRn2Xbsa,data/covers/techno/Underworld_7EJVgQ4abNY6PMSY7hUINT.jpg
5svvxTXVGqKZCirydpqNHW,reggae,6UL7BodGc5iVmQGlMwHR0g,data/covers/reggae/Steel_Pulse_5svvxTXVGqKZCirydpqNHW.jpg
14XCQIisgyMIY55Tj3gCEP,metal,2tRsMl4eGxwoNabM08Dm4I,data/covers/metal/Judas_Priest_14XCQIisgyMIY55Tj3gCEP.jpg
1057gGpzI3MzGn8OGvvFVR,jazz,4PDpGtF16XpqvXxsrFwQnN,data/covers/jazz/Thelonious_Monk_1057gGpzI3MzGn8OGvvFVR.jpg
0c1yNi1MuGlcNrCzU2kDVE,indie_rock,26T3LtbuGT1Fu9m0eRq5X3,data/covers/indie_rock/Cage_the_Elephant_0c1yNi1MuGlcNrCzU2kDVE.jpg
2thjKwqPvHo5SWzSzudVB2,country,32vWCbZh0xZ4o9gkz4PsEU,data/covers/country/Dolly_Parton_2thjKwqPvHo5SWzSzudVB2.jpg
23Hk7TrpV9TNDBt0xkBvon,classical,2ANtgfhQkKpsW6EYSDqldz,data/covers/classical/Gustav_Mahler_23Hk7TrpV9TNDBt0xkBvon.jpg
61v8cmSY8KdNa2aOB9e4v6,indie_rock,3inCNiUr4R6XQ3W43s9Aqi,data/covers/indie_rock/Pavement_61v8cmSY8KdNa2aOB9e4v6.jpg
3I29DtITsCot8SlktkzhQh,hiphop,4lDiJcOJ2GLCK6p9q5BgfK,data/covers/hiphop/Kontra_K_3I29DtITsCot8SlktkzhQh.jpg
1ZuTYUdoALghOAKTISys6n,alternative_rock,3jOstUTkEu2JkjvRdBA5Gu,data/covers/alternative_rock/Weezer_1ZuTYUdoALghOAKTISys6n.jpg
6PcXqjoJnFUdkhZcqRrgnm,house,240wlM8vDrf6S4zCyzGj2W,data/covers/house/CamelPhat_6PcXqjoJnFUdkhZcqRrgnm.jpg
5CnakIH6dOCjjYpSs92C40,techno,19SmlbABtI4bXz864MLqOS,data/covers/techno/Carl_Cox_5CnakIH6dOCjjYpSs92C40.jpg
5AOdiY7XlBfcv7sfexeEjc,country,4mxWe1mtYIYfP040G38yvS,data/covers/country/Alan_Jackson_5AOdiY7XlBfcv7sfexeEjc.jpg
1gEUsLhMFziQj29kuo65hk,techno,5akVqMzdZOdbMYbE4vNZWD,data/covers/techno/Plaid_1gEUsLhMFziQj29kuo65hk.jpg
1e16orZBFJgo3lRJfBlWzC,classical,4LXxsm5BF85PWnQ1dUDAze,data/covers/classical/Carl_Orff_1e16orZBFJgo3lRJfBlWzC.jpg
6mpLouhHaXGkWsxgnX621y,hiphop,4LLpKhyESsyAXpc4laK94U,data/covers/hiphop/Mac_Miller_6mpLouhHaXGkWsxgnX621y.jpg
3813UgywzpXjMYQiWyb859,metal,2aaLAng2L2aWD2FClzwiep,data/covers/metal/Dream_Theater_3813UgywzpXjMYQiWyb859.jpg
2RZqWhLn6UT1EBbenYWQ9i,techno,2zJJIWKT0LiwdxcwW9RajQ,data/covers/techno/Dax_J_2RZqWhLn6UT1EBbenYWQ9i.jpg
0lcakbHrxo1ui9aEF92L2K,reggae,1YdrZulwIjwmprgY7sH2d3,data/covers/reggae/Iriepathie_0lcakbHrxo1ui9aEF92L2K.jpg
1UsmQ3bpJTyK6ygoOOjG1r,hiphop,1G9G7WwrXka3Z1r7aIDjI7,data/covers/hiphop/OutKast_1UsmQ3bpJTyK6ygoOOjG1r.jpg
3AauS2jpj9jbzSGzelqNSR,jazz,1VEzN9lxvG6KPR3QQGsebR,data/covers/jazz/Sonny_Rollins_3AauS2jpj9jbzSGzelqNSR.jpg
7kTsa1wUFrahJJf1cJEOpZ,alternative_rock,6RZUqkomCmb8zCRqc9eznB,data/covers/alternative_rock/Placebo_7kTsa1wUFrahJJf1cJEOpZ.jpg
1qO19D7pPiLaAEZJjiaJpc,house,6jOz2B9qeID4dLP1o8bFGf,data/covers/house/Crazy_P_1qO19D7pPiLaAEZJjiaJpc.jpg
621OhgnZJ7Pz8iUazct1In,hiphop,4V8LLVI7PbaPR0K2TGSxFF,data/covers/hiphop/Tyler_The_Creator_621OhgnZJ7Pz8iUazct1In.jpg
614KfXjjaQ7HOVAAIV89Sn,metal,1Yox196W7bzVNZI7RBaPnf,data/covers/metal/Megadeth_614KfXjjaQ7HOVAAIV89Sn.jpg
5NZdZSm3kLiIRG1sfY3N6u,alternative_rock,6zvul52xwTWzilBZl6BUbT,data/covers/alternative_rock/Pixies_5NZdZSm3kLiIRG1sfY3N6u.jpg
52DiULZMD6JO0Ugp89NhFU,country,5vngPClqofybhPERIqQMYd,data/covers/country/George_Strait_52DiULZMD6JO0Ugp89NhFU.jpg
5L0e8X6Mf9lfjs2miK2WUB,country,4YLtscXsxbVgi031ovDDdh,data/covers/country/Chris_Stapleton_5L0e8X6Mf9lfjs2miK2WUB.jpg
3wRDT9A3HLNUym3fCS6q48,country,4mxWe1mtYIYfP040G38yvS,data/covers/country/Alan_Jackson_3wRDT9A3HLNUym3fCS6q48.jpg
4nPVVcsYuFStR6F1TpxiWP,jazz,1YzCsTRb22dQkh9lghPIrp,data/covers/jazz/Billie_Holiday_4nPVVcsYuFStR6F1TpxiWP.jpg
01NGiVifTgrJzdwtgHyfU3,jazz,7G1GBhoKtEPnP86X2PvEYO,data/covers/jazz/Nina_Simone_01NGiVifTgrJzdwtgHyfU3.jpg
4PID9ExpAM3SuYCPlBseRv,hiphop,1G9G7WwrXka3Z1r7aIDjI7,data/covers/hiphop/OutKast_4PID9ExpAM3SuYCPlBseRv.jpg
21TzwASilTcHmGhQZxqKBX,house,0dRiUTGvNV17AMIULRYsvn,data/covers/house/Mr_Fingers_21TzwASilTcHmGhQZxqKBX.jpg
40GMAhriYJRO1rsY4YdrZb,hiphop,3TVXtAsR1Inumwj472S9r4,data/covers/hiphop/Drake_40GMAhriYJRO1rsY4YdrZb.jpg
2dGlEut1TyhAyApZ0ADIsd,indie_rock,26T3LtbuGT1Fu9m0eRq5X3,data/covers/indie_rock/Cage_the_Elephant_2dGlEut1TyhAyApZ0ADIsd.jpg
4zi7H3nOP21xLse1QeSUJR,jazz,1YzCsTRb22dQkh9lghPIrp,data/covers/jazz/Billie_Holiday_4zi7H3nOP21xLse1QeSUJR.jpg
6UwjRSX9RQyNgJ3LwYhr9i,metal,2ye2Wgw4gimLv2eAKyk1NB,data/covers/metal/Metallica_6UwjRSX9RQyNgJ3LwYhr9i.jpg
0E4ounZXIHLwWOkYgHS2Bn,techno,3AhwIUus3pIaA3CvYBEtpy,data/covers/techno/Plastikman_0E4ounZXIHLwWOkYgHS2Bn.jpg
5MS3MvWHJ3lOZPLiMxzOU6,hiphop,3TVXtAsR1Inumwj472S9r4,data/covers/hiphop/Drake_5MS3MvWHJ3lOZPLiMxzOU6.jpg
7tL0JQOecu8VqOBoi57o8R,techno,2LmP2eHIAmprDBQfi4jiBC,data/covers/techno/Donato_Dozzy_7tL0JQOecu8VqOBoi57o8R.jpg
6hwIz13Z6GkWOdhQFgDQJ4,jazz,4Ww5mwS7BWYjoZTUIrMHfC,data/covers/jazz/Charlie_Parker_6hwIz13Z6GkWOdhQFgDQJ4.jpg
6khFoLWnJZDQvZ7Pijym3b,metal,1Dvfqq39HxvCJ3GvfeIFuT,data/covers/metal/Mastodon_6khFoLWnJZDQvZ7Pijym3b.jpg
0pSzH3PJjIMqoBO3mWuSa9,reggae,6ZFv3wQwwWPiVDWhv0mjQK,data/covers/reggae/Toots_and_The_Maytals_0pSzH3PJjIMqoBO3mWuSa9.jpg
1cDg7KRd74hI4xLilNJ7dM,metal,6JW8wliOEwaDZ231ZY7cf4,data/covers/metal/Sepultura_1cDg7KRd74hI4xLilNJ7dM.jpg
4YwwiXDPhpiDHD8HpI7dAS,jazz,4F7Q5NV6h5TSwCainz8S5A,data/covers/jazz/Duke_Ellington_4YwwiXDPhpiDHD8HpI7dAS.jpg
7oPKRoThZFX1xQ7X05cfFG,country,5W5bDNCqJ1jbCgTxDD0Cb3,data/covers/country/Willie_Nelson_7oPKRoThZFX1xQ7X05cfFG.jpg
0m51obRBsmlIzG5chjTX4Y,metal,6JW8wliOEwaDZ231ZY7cf4,data/covers/metal/Sepultura_0m51obRBsmlIzG5chjTX4Y.jpg
2tcn5o1g4FuVRuMGjn7G4v,house,0cmWgDlu9CwTgxPhf403hb,data/covers/house/Bonobo_2tcn5o1g4FuVRuMGjn7G4v.jpg
0RbQr0dEjgbad9YG7ySgnQ,jazz,4F7Q5NV6h5TSwCainz8S5A,data/covers/jazz/Duke_Ellington_0RbQr0dEjgbad9YG7ySgnQ.jpg
4CaEU2qXjX4ETYsVzF0tdo,hiphop,1ZwdS5xdxEREPySFridCfh,data/covers/hiphop/2Pac_4CaEU2qXjX4ETYsVzF0tdo.jpg
1DNojVW079FU9YnAMk3Cgr,indie_rock,3kjuyTCjPG1WMFCiyc5IuB,data/covers/indie_rock/Arcade_Fire_1DNojVW079FU9YnAMk3Cgr.jpg
1jWKVgnHX8nwR551hQNx5K,alternative_rock,0L8ExT028jH3ddEcZwqJJ5,data/covers/alternative_rock/Red_Hot_Chili_Peppers_1jWKVgnHX8nwR551hQNx5K.jpg
5eukDoHISjksEavVxVKcXn,metal,2aaLAng2L2aWD2FClzwiep,data/covers/metal/Dream_Theater_5eukDoHISjksEavVxVKcXn.jpg
68jpY4u9uDDUummIgt0oPt,classical,2ANtgfhQkKpsW6EYSDqldz,data/covers/classical/Edward_Elgar_68jpY4u9uDDUummIgt0oPt.jpg
4MRl7r0BUG5GvRylLiU9Lp,country,5e4Dhzv426EvQe3aDb64jL,data/covers/country/Shania_Twain_4MRl7r0BUG5GvRylLiU9Lp.jpg
6SRlWxC7lMPu2qlwOMslrk,metal,2aaLAng2L2aWD2FClzwiep,data/covers/metal/Dream_Theater_6SRlWxC7lMPu2qlwOMslrk.jpg
5fTQCKSHr5hpGHEo51n4e7,house,4VNQWV2y1E97Eqo2D5UTjx,data/covers/house/Gorgon_City_5fTQCKSHr5hpGHEo51n4e7.jpg
4Sdfp3NL90GZoYYwLmhk0H,alternative_rock,6olE6TJLqED3rqDCT0FyPh,data/covers/alternative_rock/Nirvana_4Sdfp3NL90GZoYYwLmhk0H.jpg
0vqlP2RL7GGg20dBBFRrTj,house,32wcuqRxZuBY5HbH1bWa8h,data/covers/house/Tube_and_Berger_0vqlP2RL7GGg20dBBFRrTj.jpg
5JU2zAIm2gRxcFl5EHOVly,house,6TshTCYwh9ySzOO6Jy4Ux2,data/covers/house/Maya_Jane_Coles_5JU2zAIm2gRxcFl5EHOVly.jpg
2beuncmjvFKEjmS379CLgm,classical,7ie36YytMoKtPiL7tUvmoE,data/covers/classical/Igor_Stravinsky_2beuncmjvFKEjmS379CLgm.jpg
5QTcrJ2UrC9KhnN9xDWW2C,metal,7jxJ25p0pPjk0MStloN6o6,data/covers/metal/Blind_Guardian_5QTcrJ2UrC9KhnN9xDWW2C.jpg
1xNNckPRVCF9KQDVxLxhBB,classical,6s1pCNXcbdtQJlsnM1hRIA,data/covers/classical/Dmitri_Shostakovich_1xNNckPRVCF9KQDVxLxhBB.jpg
4Y58KotkrZ32Nnni8CuXRd,country,6kACVPfCOnqzgfEF5ryl0x,data/covers/country/Johnny_Cash_4Y58KotkrZ32Nnni8CuXRd.jpg
4p1bkpkuIvCn4MgXSd1790,metal,1Dvfqq39HxvCJ3GvfeIFuT,data/covers/metal/Mastodon_4p1bkpkuIvCn4MgXSd1790.jpg
08y3P0LuZGR59084Zk4Rxt,house,0cmWgDlu9CwTgxPhf403hb,data/covers/house/Bonobo_08y3P0LuZGR59084Zk4Rxt.jpg
0TGTGuc2vXv6ZECoAf52N0,indie_rock,1yAwtBaoHLEDWAnWR87hBT,data/covers/indie_rock/Modest_Mouse_0TGTGuc2vXv6ZECoAf52N0.jpg
6ZYs6BVZvTMNIGZPFBpP3l,jazz,5V0MlUE1Bft0mbLlND7FJz,data/covers/jazz/Ella_Fitzgerald_6ZYs6BVZvTMNIGZPFBpP3l.jpg
14wK1ZVbsCudEDvUH3tItG,country,2ptmyXoL7poH6Zq62h1QT9,data/covers/country/Merle_Haggard_14wK1ZVbsCudEDvUH3tItG.jpg
4vSfHrq6XxVyMcJ6PguFR2,metal,6mdiAmATAx73kdxrNrnlao,data/covers/metal/Iron_Maiden_4vSfHrq6XxVyMcJ6PguFR2.jpg
10dgMHUxjgLKR5FO0BHDXS,metal,7954VFaZClkL503srfV5PE,data/covers/metal/Running_Wild_10dgMHUxjgLKR5FO0BHDXS.jpg
3rXWQmHvNCyvpRm48CsYwP,house,6TshTCYwh9ySzOO6Jy4Ux2,data/covers/house/Maya_Jane_Coles_3rXWQmHvNCyvpRm48CsYwP.jpg
1lXY618HWkwYKJWBRYR4MK,hiphop,3TVXtAsR1Inumwj472S9r4,data/covers/hiphop/Drake_1lXY618HWkwYKJWBRYR4MK.jpg
5Qauynrfn120RhCZU0k8cy,reggae,6ZFv3wQwwWPiVDWhv0mjQK,data/covers/reggae/Toots_and_The_Maytals_5Qauynrfn120RhCZU0k8cy.jpg
780YbUDX22mHli9KRZZwKu,jazz,1YzCsTRb22dQkh9lghPIrp,data/covers/jazz/Billie_Holiday_780YbUDX22mHli9KRZZwKu.jpg
0jSqB8pOLuxxZLuoUyq6K4,jazz,1YzCsTRb22dQkh9lghPIrp,data/covers/jazz/Billie_Holiday_0jSqB8pOLuxxZLuoUyq6K4.jpg
4JV6q4KmgdxUjtBYaJLDSB,alternative_rock,64tNsm6TnZe2zpcMVMOoHL,data/covers/alternative_rock/Alice_in_Chains_4JV6q4KmgdxUjtBYaJLDSB.jpg
7tESwUyuzBfNKpTQOrYe8X,indie_rock,5wD0owYApRtYmjPWavWKvb,data/covers/indie_rock/Giant_Rooks_7tESwUyuzBfNKpTQOrYe8X.jpg
0an9Tqz3JBjGG04MvM1l3x,classical,17hR0sYHpx7VYTMRfFUOmY,data/covers/classical/Maurice_Ravel_0an9Tqz3JBjGG04MvM1l3x.jpg
2lXBCL76UL5PCPbfAqKBkz,indie_rock,1yAwtBaoHLEDWAnWR87hBT,data/covers/indie_rock/Modest_Mouse_2lXBCL76UL5PCPbfAqKBkz.jpg
50Zz8CkIhATKUlQMbHO3k1,indie_rock,7Ln80lUS6He07XvHI8qqHH,data/covers/indie_rock/Arctic_Monkeys_50Zz8CkIhATKUlQMbHO3k1.jpg
1lMmAp5Ro63O0SCmX4uB4p,alternative_rock,6RZUqkomCmb8zCRqc9eznB,data/covers/alternative_rock/Placebo_1lMmAp5Ro63O0SCmX4uB4p.jpg
0w6rREgwb98ePeOqC8R0bG,techno,1GhPHrq36VKCY3ucVaZCfo,data/covers/techno/The_Chemical_Brothers_0w6rREgwb98ePeOqC8R0bG.jpg
4Wv5UAieM1LDEYVq5WmqDd,hiphop,6l3HvQ5sa6mXTsMTB19rO5,data/covers/hiphop/J_Cole_4Wv5UAieM1LDEYVq5WmqDd.jpg
2UJcKiJxNryhL050F5Z1Fk,alternative_rock,6olE6TJLqED3rqDCT0FyPh,data/covers/alternative_rock/Nirvana_2UJcKiJxNryhL050F5Z1Fk.jpg
6gSz7SaYTBVaAORAO6j0ME,techno,5akVqMzdZOdbMYbE4vNZWD,data/covers/techno/Plaid_6gSz7SaYTBVaAORAO6j0ME.jpg
07q6OIU9NFex9PwpbFLXNo,indie_rock,5hAhrnb0Ch4ODwWu4tsbpi,data/covers/indie_rock/Yo_La_Tengo_07q6OIU9NFex9PwpbFLXNo.jpg
6CskcDKY9CAsUcCp99EANR,country,7wCjDgV6nqBsHguQXPAaIM,data/covers/country/Waylon_Jennings_6CskcDKY9CAsUcCp99EANR.jpg
3Yghualwn9VOjrZlEot9Qm,classical,2ANtgfhQkKpsW6EYSDqldz,data/covers/classical/Edward_Elgar_3Yghualwn9VOjrZlEot9Qm.jpg
7JdVSRIk9AEOSPLBOYGFRY,reggae,6ZFv3wQwwWPiVDWhv0mjQK,data/covers/reggae/Toots_and_The_Maytals_7JdVSRIk9AEOSPLBOYGFRY.jpg
3DmcV2cmZdX9olNRHcRUZ2,house,5Igpc9iLZ3YGtKeYfSrrOE,data/covers/house/Chris_Lake_3DmcV2cmZdX9olNRHcRUZ2.jpg
3IEZRCQABrX0v5RitIE0iy,indie_rock,0YrtvWJMgSdVrk3SfNjTbx,data/covers/indie_rock/Death_Cab_for_Cutie_3IEZRCQABrX0v5RitIE0iy.jpg
4DOsPwJtokv6HEifZ6t5j6,hiphop,5K4W6rqBFWDnAN6FQUkS6x,data/covers/hiphop/Kanye_West_4DOsPwJtokv6HEifZ6t5j6.jpg
63or30ej8bOYnaiJzioYqo,reggae,3VV18HyGcfLTqNjSjbROA1,data/covers/reggae/Morgan_Heritage_63or30ej8bOYnaiJzioYqo.jpg
7tRcbEiCTMaWUcH9mLKRZR,reggae,3VV18HyGcfLTqNjSjbROA1,data/covers/reggae/Morgan_Heritage_7tRcbEiCTMaWUcH9mLKRZR.jpg
5M07HCuwYANod8eLdDvMwy,hiphop,55Aa2cqylxrFIXC767Z865,data/covers/hiphop/Lil_Wayne_5M07HCuwYANod8eLdDvMwy.jpg
3AgCuejBHH780ROyGkKUvj,hiphop,3q7HBObVc0L8jNeTe5Gofh,data/covers/hiphop/50_Cent_3AgCuejBHH780ROyGkKUvj.jpg
32XadbYWjYzU5D0QSN5l8E,techno,5akVqMzdZOdbMYbE4vNZWD,data/covers/techno/Plaid_32XadbYWjYzU5D0QSN5l8E.jpg
1txWLNMKiZ5K6ezFMtyjLM,country,6roFdX1y5BYSbp60OTJWMd,data/covers/country/Tim_McGraw_1txWLNMKiZ5K6ezFMtyjLM.jpg
6xfafgyawA0OPrAwXj7lFG,classical,2qpchAUtJNY45rG7auwQgz,data/covers/classical/Max_Reger_6xfafgyawA0OPrAwXj7lFG.jpg
1sRDi0MSGOy91fHhcpXIu4,metal,2aaLAng2L2aWD2FClzwiep,data/covers/metal/Dream_Theater_1sRDi0MSGOy91fHhcpXIu4.jpg
7kk2uXMqQbQYUFWAcgKnNC,jazz,4gBdaOEelc50MG1QmlACtu,data/covers/jazz/Manfred_Schoof_7kk2uXMqQbQYUFWAcgKnNC.jpg
7bosJ7jsZgKPl6uT9Sh4Xl,classical,4NJhFmfw43RLBLjQvxDuRS,data/covers/classical/Edward_Elgar_7bosJ7jsZgKPl6uT9Sh4Xl.jpg
3Dyqes0WX7jN0kSVwoOhKs,indie_rock,2cCUtGK9sDU2EoElnk0GNB,data/covers/indie_rock/The_National_3Dyqes0WX7jN0kSVwoOhKs.jpg
6md8HLqTvnFUFpOzTa6j8R,country,4tw2Lmn9tTPUv7Gy7mVPI4,data/covers/country/Kenny_Rogers_6md8HLqTvnFUFpOzTa6j8R.jpg
0m5NEg8cDvdnpFgd59DZDu,hiphop,3Mcii5XWf6E0lrY3Uky4cA,data/covers/hiphop/Ice_Cube_0m5NEg8cDvdnpFgd59DZDu.jpg
7sIB15nu0Rp1vR8wXnTx3a,country,70kkdajctXSbqSMJbQO424,data/covers/country/Kacey_Musgraves_7sIB15nu0Rp1vR8wXnTx3a.jpg
6iAOkTDFRiWHVNNUjBqIxT,indie_rock,6pmxr66tMAePxzOLfjGNcX,data/covers/indie_rock/Beirut_6iAOkTDFRiWHVNNUjBqIxT.jpg
0AvFF0HlQYvYKHaRURGZBs,metal,0GDGKpJFhVpcjIGF8N6Ewt,data/covers/metal/Gojira_0AvFF0HlQYvYKHaRURGZBs.jpg
0UQKjFvWFL1FLA32Dc8BXp,hiphop,3nDNDLcZuSto4k9u4AbcLB,data/covers/hiphop/Marteria_0UQKjFvWFL1FLA32Dc8BXp.jpg
5ulwqQF3ETu58GcVA3BDnT,metal,5GLeyUhj8B8f5pJxqZllKl,data/covers/metal/Doro_5ulwqQF3ETu58GcVA3BDnT.jpg
50QMS2zosvUxhucf6zMRUy,alternative_rock,7jy3rLJdDQY21OgRLCZ9sD,data/covers/alternative_rock/Foo_Fighters_50QMS2zosvUxhucf6zMRUy.jpg
3TMHURIU3sNpS2iv362VYH,techno,3csPCeXsj2wezyvkRFzvmV,data/covers/techno/Orbital_3TMHURIU3sNpS2iv362VYH.jpg
7hNRZdGoYVlncy3qXImdR7,techno,5akVqMzdZOdbMYbE4vNZWD,data/covers/techno/Plaid_7hNRZdGoYVlncy3qXImdR7.jpg
5P0lYJV7a82oWEGkEnnI6O,classical,7jzR5qj8vFnSu5JHaXgFEr,data/covers/classical/Jean_Sibelius_5P0lYJV7a82oWEGkEnnI6O.jpg
6FED8aeieEnUWwQqAO9zT1,hiphop,0Y5tJX1MQlPlqiwlOH1tJY,data/covers/hiphop/Travis_Scott_6FED8aeieEnUWwQqAO9zT1.jpg
5SbcupirEParczvqqyUPXL,indie_rock,1yAwtBaoHLEDWAnWR87hBT,data/covers/indie_rock/Modest_Mouse_5SbcupirEParczvqqyUPXL.jpg
2OhUWm2KJay2YWeItU9YcH,indie_rock,3WaJSfKnzc65VDgmj2zU8B,data/covers/indie_rock/Interpol_2OhUWm2KJay2YWeItU9YcH.jpg
5PubMxaRzGCCgqrp3j1AfY,alternative_rock,40Yq4vzPs9VNUrIBG5Jr2i,data/covers/alternative_rock/Smashing_Pumpkins_5PubMxaRzGCCgqrp3j1AfY.jpg
6g5xDU8WV2m0EzOE4bJgva,reggae,0oea1hwGMfUxZbLxJc1XUN,data/covers/reggae/Peter_Tosh_6g5xDU8WV2m0EzOE4bJgva.jpg
15owRENMsqk8WfITT54DFv,classical,2yzaWNFV3cxmcRZtwtr5WC,data/covers/classical/Clara_Schumann_15owRENMsqk8WfITT54DFv.jpg
6oCWzZ0s3QMp1MJLKUV8QG,country,4mxWe1mtYIYfP040G38yvS,data/covers/country/Alan_Jackson_6oCWzZ0s3QMp1MJLKUV8QG.jpg
3QvNoRVmaNzOP8TjQiEVMz,reggae,3VV18HyGcfLTqNjSjbROA1,data/covers/reggae/Morgan_Heritage_3QvNoRVmaNzOP8TjQiEVMz.jpg
773KEsh2eaBWjjj41aU1ca,metal,14pVkFUHDL207LzLHtSA18,data/covers/metal/Pantera_773KEsh2eaBWjjj41aU1ca.jpg
40CMSH2jxf8K51nUyp67OY,classical,4Fw8f0YbjBs9suGEwInPJe,data/covers/classical/Heinrich_Schutz_40CMSH2jxf8K51nUyp67OY.jpg
7MPgp1AL25WthBw0VfEYAs,techno,1oZmFNkGAT93yD1xX4vTRE,data/covers/techno/Nina_Kraviz_7MPgp1AL25WthBw0VfEYAs.jpg
0UMMIkurRUmkruZ3KGBLtG,hiphop,6l3HvQ5sa6mXTsMTB19rO5,data/covers/hiphop/J_Cole_0UMMIkurRUmkruZ3KGBLtG.jpg
4Ff5GaBRB2ZvtQuoCHvnwS,metal,5GLeyUhj8B8f5pJxqZllKl,data/covers/metal/Doro_4Ff5GaBRB2ZvtQuoCHvnwS.jpg
6dRJKvUSQAuFlpUJicIfAN,classical,2qpchAUtJNY45rG7auwQgz,data/covers/classical/Max_Reger_6dRJKvUSQAuFlpUJicIfAN.jpg
4QJIzstKMTo2j1slm8HYlg,indie_rock,1hzfo8twXdOegF3xireCYs,data/covers/indie_rock/Milky_Chance_4QJIzstKMTo2j1slm8HYlg.jpg
5q2iMctlDvEMYVIawF6Vop,house,4oLeXFyACqeem2VImYeBFe,data/covers/house/Fred_again_5q2iMctlDvEMYVIawF6Vop.jpg
5xw30XjxuakMwpgXnyMGR0,reggae,0UmBaQJflaHddKtf1lrA6F,data/covers/reggae/Dennis_Brown_5xw30XjxuakMwpgXnyMGR0.jpg
5w2UBqpCdO3S4HJNgIDNbv,reggae,2Y06xyHPovQ8DWLyVIpSJK,data/covers/reggae/Israel_Vibration_5w2UBqpCdO3S4HJNgIDNbv.jpg
09SbGYWO9I7924ggHaM18y,indie_rock,1hzfo8twXdOegF3xireCYs,data/covers/indie_rock/Milky_Chance_09SbGYWO9I7924ggHaM18y.jpg
7MZzYkbHL9Tk3O6WeD4Z0Z,hiphop,7dGJo4pcD2V6oG8kP0tJRR,data/covers/hiphop/Eminem_7MZzYkbHL9Tk3O6WeD4Z0Z.jpg
0Uqc9lbhBmQLejf1oKTFyH,reggae,6qaKS0nzGP4hfjl4aFZmEU,data/covers/reggae/Burning_Spear_0Uqc9lbhBmQLejf1oKTFyH.jpg
33z5MkpxxgjvKuH0sooNxm,reggae,6qaKS0nzGP4hfjl4aFZmEU,data/covers/reggae/Burning_Spear_33z5MkpxxgjvKuH0sooNxm.jpg
5mGx33wjovsItJbOxprFgK,reggae,5fesJyzdxsc2B7uKXYyz0R,data/covers/reggae/Martin_Zobel_5mGx33wjovsItJbOxprFgK.jpg
6r0465hnn6xwgY7o7qSUbb,jazz,1VEzN9lxvG6KPR3QQGsebR,data/covers/jazz/Sonny_Rollins_6r0465hnn6xwgY7o7qSUbb.jpg
1yTfQ90U5xVHOjEn8XnxHq,classical,4LXxsm5BF85PWnQ1dUDAze,data/covers/classical/Carl_Orff_1yTfQ90U5xVHOjEn8XnxHq.jpg
707cK3j40hIquI15sOcYXP,indie_rock,1hzfo8twXdOegF3xireCYs,data/covers/indie_rock/Milky_Chance_707cK3j40hIquI15sOcYXP.jpg
0byAOxx9hxQck2vwgaW5OM,jazz,4Ww5mwS7BWYjoZTUIrMHfC,data/covers/jazz/Charlie_Parker_0byAOxx9hxQck2vwgaW5OM.jpg
02GDaShX8vOw5tcak3OXow,country,718COspgdWOnwOFpJHRZHS,data/covers/country/Luke_Combs_02GDaShX8vOw5tcak3OXow.jpg
13oFnEbK6yXLZBLm1rMqzE,metal,3JFsVIxOn7STeilPICkkB2,data/covers/metal/Lamb_of_God_13oFnEbK6yXLZBLm1rMqzE.jpg
4sP7CAPrmdBD1ojBBrPxiV,metal,1Yox196W7bzVNZI7RBaPnf,data/covers/metal/Megadeth_4sP7CAPrmdBD1ojBBrPxiV.jpg
40rrJdNme3cEk8vmyUJwiB,alternative_rock,5FYfIAuN8mV5KgVtugwfc0,data/covers/alternative_rock/Revolverheld_40rrJdNme3cEk8vmyUJwiB.jpg
4ghGEhWzY5ffry2IqgrnRg,hiphop,6l3HvQ5sa6mXTsMTB19rO5,data/covers/hiphop/J_Cole_4ghGEhWzY5ffry2IqgrnRg.jpg
4F6yLWrwSlHv5aZYZ3waAb,indie_rock,41SQP16hv1TioVYqdckmxT,data/covers/indie_rock/Real_Estate_4F6yLWrwSlHv5aZYZ3waAb.jpg
5AWouw8qYspux6tH4epnMm,techno,1GhPHrq36VKCY3ucVaZCfo,data/covers/techno/The_Chemical_Brothers_5AWouw8qYspux6tH4epnMm.jpg
1e081hal6fBnPiWDFzou2p,metal,5GLeyUhj8B8f5pJxqZllKl,data/covers/metal/Doro_1e081hal6fBnPiWDFzou2p.jpg
0Zi1bw0RmGl9xgq57vjbys,alternative_rock,2d0hyoQ5ynDBnkvAbJKORj,data/covers/alternative_rock/Rage_Against_the_Machine_0Zi1bw0RmGl9xgq57vjbys.jpg
1jhgsccCbT1WXtmGUuZvIA,indie_rock,6pmxr66tMAePxzOLfjGNcX,data/covers/indie_rock/Beirut_1jhgsccCbT1WXtmGUuZvIA.jpg
7rX8txeF5YyFsCbDvUxU3R,metal,6JW8wliOEwaDZ231ZY7cf4,data/covers/metal/Sepultura_7rX8txeF5YyFsCbDvUxU3R.jpg
6TaVKA8OkhhGvrbxCtZPpy,metal,57ylwQTnFnIhJh4nu4rxCs,data/covers/metal/In_Flames_6TaVKA8OkhhGvrbxCtZPpy.jpg
6ASYfmON3UkZPl1rxrBxCi,techno,1PSylklb2w06BAAHEtepqM,data/covers/techno/Surgeon_6ASYfmON3UkZPl1rxrBxCi.jpg
5JzI3LUwkR64lHsVVRbiKO,indie_rock,3XHO7cRUPCLOr6jwp8vsx5,data/covers/indie_rock/Alt-J_5JzI3LUwkR64lHsVVRbiKO.jpg
7LRuC4RFJnoWo1lN4a5hNm,techno,3csPCeXsj2wezyvkRFzvmV,data/covers/techno/Orbital_7LRuC4RFJnoWo1lN4a5hNm.jpg
6jwdbZM63MO3xGRaLLROVI,reggae,5WcGRaGsl0b9sul7jVdDgc,data/covers/reggae/Don_Carlos_6jwdbZM63MO3xGRaLLROVI.jpg
7lerMohLdPa3WIdXE9sH5p,country,0BvkDsjIUla7X0k6CSWh1I,data/covers/country/Luke_Bryan_7lerMohLdPa3WIdXE9sH5p.jpg
2fl8CRGeDa3JCX7RHP9lgD,techno,15e0X6NuMsVuHi7AZhcfyI,data/covers/techno/James_Holden_2fl8CRGeDa3JCX7RHP9lgD.jpg
2BRztCqE8z7E6G6rWpG50Q,reggae,5WcGRaGsl0b9sul7jVdDgc,data/covers/reggae/Don_Carlos_2BRztCqE8z7E6G6rWpG50Q.jpg
6XlidcWPK4oeEQtMlbxQEX,house,6TshTCYwh9ySzOO6Jy4Ux2,data/covers/house/Maya_Jane_Coles_6XlidcWPK4oeEQtMlbxQEX.jpg
2KEB1zZRrtpj2xUbeTlLiI,classical,2p0UyoPfYfI76PCStuXfOP,data/covers/classical/Franz_Schubert_2KEB1zZRrtpj2xUbeTlLiI.jpg
4KjbNbnTnJ97kZgQkOHr6v,house,0cmWgDlu9CwTgxPhf403hb,data/covers/house/Bonobo_4KjbNbnTnJ97kZgQkOHr6v.jpg
7p3G0OCxtlWyJcPE1FxnyB,metal,2tRsMl4eGxwoNabM08Dm4I,data/covers/metal/Judas_Priest_7p3G0OCxtlWyJcPE1FxnyB.jpg
3WQodguZkxDFZXlAAUT7mN,house,3qMRvSHJpaRjGDkIeNMoGz,data/covers/house/Theo_Parrish_3WQodguZkxDFZXlAAUT7mN.jpg
1PrVmNYI4k7GcTLWzhzy5K,techno,19SmlbABtI4bXz864MLqOS,data/covers/techno/Carl_Cox_1PrVmNYI4k7GcTLWzhzy5K.jpg
51q9Mkz5BVwTRYsMlLASVZ,indie_rock,4LG4Bs1Gadht7TCrMytQUO,data/covers/indie_rock/The_Shins_51q9Mkz5BVwTRYsMlLASVZ.jpg
5fys4mnxoURHl9ThAEPoKU,reggae,2QsynagSdAqZj3U9HgDzjD,data/covers/reggae/Bob_Marley_and_The_Wailers_5fys4mnxoURHl9ThAEPoKU.jpg
6ObNVnYp53VJNtIcdo03WJ,country,1UTPBmNbXNTittyMJrNkvw,data/covers/country/Blake_Shelton_6ObNVnYp53VJNtIcdo03WJ.jpg
28P04YOe9WoJyNbg4EmxSZ,alternative_rock,6zvul52xwTWzilBZl6BUbT,data/covers/alternative_rock/Pixies_28P04YOe9WoJyNbg4EmxSZ.jpg
51et4sKFEJTOhS5SaMBjtW,classical,2UqjDAXnDxejEyE0CzfUrZ,data/covers/classical/Sergei_Prokofiev_51et4sKFEJTOhS5SaMBjtW.jpg
4IStAnJ6JI7ivJY8IGpTOW,jazz,7MbjIv3XpMc2ciNcoWHFcS,data/covers/jazz/Michael_Wollny_4IStAnJ6JI7ivJY8IGpTOW.jpg
5WulAOx9ilWy1h8UGZ1gkI,indie_rock,5INjqkS1o8h1imAzPqGZBb,data/covers/indie_rock/Tame_Impala_5WulAOx9ilWy1h8UGZ1gkI.jpg
0PNF69e8umC9I9blwOoR8Z,techno,1sxHp39RqBEE01pgVqsdyP,data/covers/techno/Marcel_Dettmann_0PNF69e8umC9I9blwOoR8Z.jpg
0bbcRERAGMRyeGu4K4V1iK,jazz,3rxeQlsv0Sc2nyYaZ5W71T,data/covers/jazz/Chet_Baker_0bbcRERAGMRyeGu4K4V1iK.jpg
75wNR21sMy8BEEmkuily40,classical,4LXxsm5BF85PWnQ1dUDAze,data/covers/classical/Max_Reger_75wNR21sMy8BEEmkuily40.jpg
4Ys4Dxj8SKCEJEmYmmvfOE,house,6pohviZSNRueSX7uNu63ZX,data/covers/house/Moodymann_4Ys4Dxj8SKCEJEmYmmvfOE.jpg
26qp44gabjVGqWn3aUA3d2,indie_rock,3XHO7cRUPCLOr6jwp8vsx5,data/covers/indie_rock/Alt-J_26qp44gabjVGqWn3aUA3d2.jpg
3QMjg0as7BNJKlxyuSHSnW,reggae,2Y06xyHPovQ8DWLyVIpSJK,data/covers/reggae/Israel_Vibration_3QMjg0as7BNJKlxyuSHSnW.jpg
4FuspgI579QoA1nT44MCkM,hiphop,4LLpKhyESsyAXpc4laK94U,data/covers/hiphop/Mac_Miller_4FuspgI579QoA1nT44MCkM.jpg
62MmtzoCMy82PoeKb6TIVf,metal,57ylwQTnFnIhJh4nu4rxCs,data/covers/metal/In_Flames_62MmtzoCMy82PoeKb6TIVf.jpg
37MbqAzjZEd4PGTdsIa0of,jazz,0kbYTNQb4Pb1rPbbaF0pT4,data/covers/jazz/Miles_Davis_37MbqAzjZEd4PGTdsIa0of.jpg
7ubuSieepJGE1GUGHhO3Xi,house,3hwmrS8MSceZwnZYvZFf97,data/covers/house/Move_D_7ubuSieepJGE1GUGHhO3Xi.jpg
4qpEkHSW7KUAllw1SGn9w5,house,159cwGtgCzNpyHWY6tzihH,data/covers/house/Milk_and_Sugar_4qpEkHSW7KUAllw1SGn9w5.jpg
2DQ6hHlAGj6DiT0Y068bnK,hiphop,7dGJo4pcD2V6oG8kP0tJRR,data/covers/hiphop/Eminem_2DQ6hHlAGj6DiT0Y068bnK.jpg
79XOyz0xYrgTX3UwYozDOp,techno,4mtHSXwIHihO6MWNq5Qoko,data/covers/techno/Squarepusher_79XOyz0xYrgTX3UwYozDOp.jpg
026kiuoIXGqidnYXQmI8jw,reggae,0oea1hwGMfUxZbLxJc1XUN,data/covers/reggae/Peter_Tosh_026kiuoIXGqidnYXQmI8jw.jpg
00vIbcUe4eGeNezbmT3525,indie_rock,5hAhrnb0Ch4ODwWu4tsbpi,data/covers/indie_rock/Yo_La_Tengo_00vIbcUe4eGeNezbmT3525.jpg
085mDWYlEBUk6HW0sUYx2A,classical,5aIqB5nVVvmFsvSdExz408,data/covers/classical/Johann_Sebastian_Bach_085mDWYlEBUk6HW0sUYx2A.jpg
53U3R5G1IvQbdl7ZCa052t,metal,3JFsVIxOn7STeilPICkkB2,data/covers/metal/Lamb_of_God_53U3R5G1IvQbdl7ZCa052t.jpg
24eRSwYbneTDkehVHM2MVf,house,1Ma3pJzPIrAyYPNRkp3SUF,data/covers/house/Ross_from_Friends_24eRSwYbneTDkehVHM2MVf.jpg
658J2tPbnZqhwxKEiczOID,indie_rock,2QoU3awHVdcHS8LrZEKvSM,data/covers/indie_rock/Wilco_658J2tPbnZqhwxKEiczOID.jpg
4Q7cRXio6mF2ImVUCcezPO,hiphop,3TVXtAsR1Inumwj472S9r4,data/covers/hiphop/Drake_4Q7cRXio6mF2ImVUCcezPO.jpg
0XXrIvOpeoyxq7gBjS3iUp,jazz,5V0MlUE1Bft0mbLlND7FJz,data/covers/jazz/Ella_Fitzgerald_0XXrIvOpeoyxq7gBjS3iUp.jpg
6Yl1xWTiKa8RkGkCJWG54v,reggae,6qaKS0nzGP4hfjl4aFZmEU,data/covers/reggae/Burning_Spear_6Yl1xWTiKa8RkGkCJWG54v.jpg
6sPX5k3R9v6prRyG3HSttD,jazz,7MbjIv3XpMc2ciNcoWHFcS,data/covers/jazz/Michael_Wollny_6sPX5k3R9v6prRyG3HSttD.jpg
105ojZq3u0DFElQBUbo0rJ,classical,3u1fWmwpwPOmMelTAo0Gb8,data/covers/classical/Paul_Hindemith_105ojZq3u0DFElQBUbo0rJ.jpg
1P0e2LCGaKo1MSvCRcAZTf,indie_rock,6FQqZYVfTNQ1pCqfkwVFEa,data/covers/indie_rock/Foals_1P0e2LCGaKo1MSvCRcAZTf.jpg
2A1wHE90Z5Aj3TSQVhyU4Y,hiphop,7hJcb9fa4alzcOq3EaNPoG,data/covers/hiphop/Snoop_Dogg_2A1wHE90Z5Aj3TSQVhyU4Y.jpg
2Q6XCez8NWMKNKYMsm54DK,alternative_rock,4KWTAlx2RvbpseOGMEmROg,data/covers/alternative_rock/REM_2Q6XCez8NWMKNKYMsm54DK.jpg
03b3kICirmo46LZTbEHnEY,techno,6WH1V41LwGDGmlPUhSZLHO,data/covers/techno/Autechre_03b3kICirmo46LZTbEHnEY.jpg
5URxhUeivSYXccDjLW5u7f,classical,2ANtgfhQkKpsW6EYSDqldz,data/covers/classical/Gustav_Mahler_5URxhUeivSYXccDjLW5u7f.jpg
6aNVX2r52dj0oGrMcHkS4p,indie_rock,4I2BJf80C0skQpp1sQmA0h,data/covers/indie_rock/Belle_and_Sebastian_6aNVX2r52dj0oGrMcHkS4p.jpg
0daIqjuhsQqXoeII3pBSeT,country,1UTPBmNbXNTittyMJrNkvw,data/covers/country/Blake_Shelton_0daIqjuhsQqXoeII3pBSeT.jpg
1rfgmU0AYNwWfS88pCOlX7,indie_rock,4EVpmkEwrLYEg6jIsiPMIb,data/covers/indie_rock/Fleet_Foxes_1rfgmU0AYNwWfS88pCOlX7.jpg
1tj2K6bkjXZFRpsE4VGyUN,house,6pohviZSNRueSX7uNu63ZX,data/covers/house/Moodymann_1tj2K6bkjXZFRpsE4VGyUN.jpg
5fGYp3tPqwAZv8lCxwMCRs,country,6kACVPfCOnqzgfEF5ryl0x,data/covers/country/Johnny_Cash_5fGYp3tPqwAZv8lCxwMCRs.jpg
3LymDdEISKszJqeN2z9DBI,metal,6mdiAmATAx73kdxrNrnlao,data/covers/metal/Iron_Maiden_3LymDdEISKszJqeN2z9DBI.jpg
0VmaGN8xHgSz4UMPL8XLfl,country,1UTPBmNbXNTittyMJrNkvw,data/covers/country/Blake_Shelton_0VmaGN8xHgSz4UMPL8XLfl.jpg
4sO3M71rCfV4VYR4URSXcj,house,32wcuqRxZuBY5HbH1bWa8h,data/covers/house/Tube_and_Berger_4sO3M71rCfV4VYR4URSXcj.jpg
7MoLQ8vckhwBbQqEYQTYQC,hiphop,2YZyLoL8N0Wb9xBt1NhZWg,data/covers/hiphop/Kendrick_Lamar_7MoLQ8vckhwBbQqEYQTYQC.jpg
56DLLCk0OfTGMufcotj6sW,metal,0ybFZ2Ab08V8hueghSXm6E,data/covers/metal/Opeth_56DLLCk0OfTGMufcotj6sW.jpg
1JiSUXD7ZqreF79cuXaq8C,techno,5ipQlfnpRCtyOuhYqvPvQ8,data/covers/techno/Robert_Hood_1JiSUXD7ZqreF79cuXaq8C.jpg
7k9qEvB9L61cUOsJnY0XKA,techno,5TQaBSTOSypp7S4jfSnN3F,data/covers/techno/Sven_Vath_7k9qEvB9L61cUOsJnY0XKA.jpg
45ba6QAtNrdv6Ke4MFOKk9,hiphop,4V8LLVI7PbaPR0K2TGSxFF,data/covers/hiphop/Tyler_The_Creator_45ba6QAtNrdv6Ke4MFOKk9.jpg
1iCwsK0jUzBPQx7XEpumbz,indie_rock,1hzfo8twXdOegF3xireCYs,data/covers/indie_rock/Milky_Chance_1iCwsK0jUzBPQx7XEpumbz.jpg
0FgZKfoU2Br5sHOfvZKTI9,hiphop,5K4W6rqBFWDnAN6FQUkS6x,data/covers/hiphop/Kanye_West_0FgZKfoU2Br5sHOfvZKTI9.jpg
4a7koXxTqak4eW4K5WYE5n,jazz,0kbYTNQb4Pb1rPbbaF0pT4,data/covers/jazz/Miles_Davis_4a7koXxTqak4eW4K5WYE5n.jpg
1jzv3jwZbt8lYfEtMjiD1R,hiphop,4V8LLVI7PbaPR0K2TGSxFF,data/covers/hiphop/Tyler_The_Creator_1jzv3jwZbt8lYfEtMjiD1R.jpg
4AGAmovExAjWpYg30y8jEs,alternative_rock,1V3Nl0Y3EZwqP38KHws6vB,data/covers/alternative_rock/H-Blockx_4AGAmovExAjWpYg30y8jEs.jpg
3cVStkNBMrJ1jsBdTzeuBc,metal,5GLeyUhj8B8f5pJxqZllKl,data/covers/metal/Doro_3cVStkNBMrJ1jsBdTzeuBc.jpg
1CClolDogABEYsOVCEGYYj,reggae,6qfKnsgz1CwyqA7lTdieRJ,data/covers/reggae/Third_World_1CClolDogABEYsOVCEGYYj.jpg
4UedADJxjokipx8oW1CuqX,hiphop,4lDiJcOJ2GLCK6p9q5BgfK,data/covers/hiphop/Kontra_K_4UedADJxjokipx8oW1CuqX.jpg
7EEfpTTQAB59IpRjBWOBQj,alternative_rock,5FYfIAuN8mV5KgVtugwfc0,data/covers/alternative_rock/Revolverheld_7EEfpTTQAB59IpRjBWOBQj.jpg
13LxwNoPCyd5wykwICtRZS,classical,4NJhFmfw43RLBLjQvxDuRS,data/covers/classical/Wolfgang_Amadeus_Mozart_13LxwNoPCyd5wykwICtRZS.jpg
0EVgPaKOC8o9JFVpKLMSoz,hiphop,3Mcii5XWf6E0lrY3Uky4cA,data/covers/hiphop/Ice_Cube_0EVgPaKOC8o9JFVpKLMSoz.jpg
5AAWI3Gl5SaKVIJSZFpoH2,house,7nqpEU6DCHkNtK1bYsyS3W,data/covers/house/Kerri_Chandler_5AAWI3Gl5SaKVIJSZFpoH2.jpg
7IrRDO8q3HmnkLHfGKlEry,classical,4Fw8f0YbjBs9suGEwInPJe,data/covers/classical/Heinrich_Schutz_7IrRDO8q3HmnkLHfGKlEry.jpg
1FJVbtVFLARPKbn1HepNh1,house,4oLeXFyACqeem2VImYeBFe,data/covers/house/Fred_again_1FJVbtVFLARPKbn1HepNh1.jpg
4H37JVrKUDmyeWpwkKM8Jl,reggae,6ZFv3wQwwWPiVDWhv0mjQK,data/covers/reggae/Toots_and_The_Maytals_4H37JVrKUDmyeWpwkKM8Jl.jpg
0qOXuiQlA4VnZCYcfBkhw7,country,4mxWe1mtYIYfP040G38yvS,data/covers/country/Alan_Jackson_0qOXuiQlA4VnZCYcfBkhw7.jpg
1ARwY4w7bNbAcVL2ngxk2l,hiphop,4lDiJcOJ2GLCK6p9q5BgfK,data/covers/hiphop/Kontra_K_1ARwY4w7bNbAcVL2ngxk2l.jpg
2qK28g0LdsGf7afK8mpCWR,house,0XfQBWgzisaS9ltDV9bXAS,data/covers/house/Honey_Dijon_2qK28g0LdsGf7afK8mpCWR.jpg
6Ss90Zy6lfk5VHeX1JjasR,house,6wMr4zKPrrR0UVz08WtUWc,data/covers/house/Black_Coffee_6Ss90Zy6lfk5VHeX1JjasR.jpg
75ilFqVdPdEXeA1EZmW8oC,techno,1sxHp39RqBEE01pgVqsdyP,data/covers/techno/Marcel_Dettmann_75ilFqVdPdEXeA1EZmW8oC.jpg
6rZ4kezyodXHKzCBsVrKpg,indie_rock,2QoU3awHVdcHS8LrZEKvSM,data/covers/indie_rock/Wilco_6rZ4kezyodXHKzCBsVrKpg.jpg
5oUwq2BaGXqun76G5Hy2ka,jazz,4F7Q5NV6h5TSwCainz8S5A,data/covers/jazz/Duke_Ellington_5oUwq2BaGXqun76G5Hy2ka.jpg
4vBBFo44z0W1hVpCBwcxUF,techno,5ipQlfnpRCtyOuhYqvPvQ8,data/covers/techno/Robert_Hood_4vBBFo44z0W1hVpCBwcxUF.jpg
6xGJmXBiu1afT8eN13KBOJ,metal,7jxJ25p0pPjk0MStloN6o6,data/covers/metal/Blind_Guardian_6xGJmXBiu1afT8eN13KBOJ.jpg
5CI03g8QNehnEWXAhRtw0s,alternative_rock,4KWTAlx2RvbpseOGMEmROg,data/covers/alternative_rock/REM_5CI03g8QNehnEWXAhRtw0s.jpg
54ZCcmTHjghuPkzFYJzPGf,country,0BvkDsjIUla7X0k6CSWh1I,data/covers/country/Luke_Bryan_54ZCcmTHjghuPkzFYJzPGf.jpg
04SEJKcDKWsr5KA4lxMKAv,indie_rock,2QoU3awHVdcHS8LrZEKvSM,data/covers/indie_rock/Wilco_04SEJKcDKWsr5KA4lxMKAv.jpg
4SB4wVfmbtN7IcF0JkchY7,jazz,5RzjqfPS0Bu4bUMkyNNDpn,data/covers/jazz/Dizzy_Gillespie_4SB4wVfmbtN7IcF0JkchY7.jpg
2unH9Bx83p9juj8R5ygkc8,alternative_rock,4KWTAlx2RvbpseOGMEmROg,data/covers/alternative_rock/REM_2unH9Bx83p9juj8R5ygkc8.jpg
2IUlfvXdJwL9TCklFvV3f6,house,6jOz2B9qeID4dLP1o8bFGf,data/covers/house/Crazy_P_2IUlfvXdJwL9TCklFvV3f6.jpg
0i97wLIXfWMDi3vyRDZBCn,indie_rock,1hzfo8twXdOegF3xireCYs,data/covers/indie_rock/Milky_Chance_0i97wLIXfWMDi3vyRDZBCn.jpg
1Y1ejuQvNlSQXKA7Ef5qzW,house,159cwGtgCzNpyHWY6tzihH,data/covers/house/Milk_and_Sugar_1Y1ejuQvNlSQXKA7Ef5qzW.jpg
4HrEhJUIUusV82oOAKXNH2,hiphop,4lDiJcOJ2GLCK6p9q5BgfK,data/covers/hiphop/Kontra_K_4HrEhJUIUusV82oOAKXNH2.jpg
4czdORdCWP9umpbhFXK2fW,hiphop,3TVXtAsR1Inumwj472S9r4,data/covers/hiphop/Drake_4czdORdCWP9umpbhFXK2fW.jpg
5bTixyz2GHx1YUqNUdzfut,alternative_rock,1w5Kfo2jwwIPruYS2UWh56,data/covers/alternative_rock/Pearl_Jam_5bTixyz2GHx1YUqNUdzfut.jpg
0PlAtEYPrVQLR98nbkeYr5,techno,5Ho1vKl1Uz8bJlk4vbmvmf,data/covers/techno/Amelie_Lens_0PlAtEYPrVQLR98nbkeYr5.jpg
4hgVscyJU27RBvsq7KbCk1,house,6jOz2B9qeID4dLP1o8bFGf,data/covers/house/Crazy_P_4hgVscyJU27RBvsq7KbCk1.jpg
04zuFK0XE2XX9dhnwuwp6r,country,5e4Dhzv426EvQe3aDb64jL,data/covers/country/Shania_Twain_04zuFK0XE2XX9dhnwuwp6r.jpg
0QWGJqtuGbOL91UmHyHmNZ,classical,3u1fWmwpwPOmMelTAo0Gb8,data/covers/classical/Paul_Hindemith_0QWGJqtuGbOL91UmHyHmNZ.jpg
6agCM9GJcebduMddgFmgsO,indie_rock,0YrtvWJMgSdVrk3SfNjTbx,data/covers/indie_rock/Death_Cab_for_Cutie_6agCM9GJcebduMddgFmgsO.jpg
5UIPf7Q2gj2upbasQQaI5r,jazz,5V0MlUE1Bft0mbLlND7FJz,data/covers/jazz/Ella_Fitzgerald_5UIPf7Q2gj2upbasQQaI5r.jpg
6teWeXPsyNQqlZlZMZHPNT,country,6kACVPfCOnqzgfEF5ryl0x,data/covers/country/Johnny_Cash_6teWeXPsyNQqlZlZMZHPNT.jpg
4F95vjAL6EEVfVVgb3tFMn,techno,1GhPHrq36VKCY3ucVaZCfo,data/covers/techno/The_Chemical_Brothers_4F95vjAL6EEVfVVgb3tFMn.jpg
3MKvhQoFSrR2PrxXXBHe9B,hiphop,7dGJo4pcD2V6oG8kP0tJRR,data/covers/hiphop/Eminem_3MKvhQoFSrR2PrxXXBHe9B.jpg
5A0oz8lVSBUBM9VfC4lTGw,techno,4jGpKAmwvU263l0tUh4xKU,data/covers/techno/Joris_Voorn_5A0oz8lVSBUBM9VfC4lTGw.jpg
5uXnz1avW5OxFmroX5eSBu,country,0BvkDsjIUla7X0k6CSWh1I,data/covers/country/Luke_Bryan_5uXnz1avW5OxFmroX5eSBu.jpg
0URGQVevUR1nvVXKdXzzzi,alternative_rock,6zvul52xwTWzilBZl6BUbT,data/covers/alternative_rock/Pixies_0URGQVevUR1nvVXKdXzzzi.jpg
0x87cP5oexzpBwI3iAWBdq,indie_rock,536BYVgOnRky0xjsPT96zl,data/covers/indie_rock/Two_Door_Cinema_Club_0x87cP5oexzpBwI3iAWBdq.jpg
2M6rjUsC2T3KJ8Ku2uTTQG,hiphop,5me0Irg2ANcsgc93uaYrpb,data/covers/hiphop/The_Notorious_BIG_2M6rjUsC2T3KJ8Ku2uTTQG.jpg
3IPNELVvNMvIHgocE4SaV9,classical,5zyNXVd952fWOjkdGHCvPd,data/covers/classical/Bela_Bartok_3IPNELVvNMvIHgocE4SaV9.jpg
4PWBTB6NYSKQwfo79I3prg,hiphop,0Y5tJX1MQlPlqiwlOH1tJY,data/covers/hiphop/Travis_Scott_4PWBTB6NYSKQwfo79I3prg.jpg
6hSjwUPL9jSBtZPgyFWfjI,hiphop,4V8LLVI7PbaPR0K2TGSxFF,data/covers/hiphop/Tyler_The_Creator_6hSjwUPL9jSBtZPgyFWfjI.jpg
5kCJEnrauoWbHJubC2AKJH,metal,2aaLAng2L2aWD2FClzwiep,data/covers/metal/Dream_Theater_5kCJEnrauoWbHJubC2AKJH.jpg
4js8lX2b3DBIfixMCPABC4,country,6roFdX1y5BYSbp60OTJWMd,data/covers/country/Tim_McGraw_4js8lX2b3DBIfixMCPABC4.jpg
2pidzXTaHV4WaIJYRxKDCH,hiphop,3q7HBObVc0L8jNeTe5Gofh,data/covers/hiphop/50_Cent_2pidzXTaHV4WaIJYRxKDCH.jpg
5vcTJSZkU3NqZEIv3BSHKq,jazz,1YzCsTRb22dQkh9lghPIrp,data/covers/jazz/Billie_Holiday_5vcTJSZkU3NqZEIv3BSHKq.jpg
0CvYkPhiIGkbYJy6hP2pcv,hiphop,1ZwdS5xdxEREPySFridCfh,data/covers/hiphop/2Pac_0CvYkPhiIGkbYJy6hP2pcv.jpg
31Lu7MlcsZqfejpq65c3wM,country,1UTPBmNbXNTittyMJrNkvw,data/covers/country/Blake_Shelton_31Lu7MlcsZqfejpq65c3wM.jpg
7hTH7xLVl2iNM00iY3E64J,jazz,4F7Q5NV6h5TSwCainz8S5A,data/covers/jazz/Duke_Ellington_7hTH7xLVl2iNM00iY3E64J.jpg
6DNMESUKFq062Tw5Hcg6SH,alternative_rock,1V3Nl0Y3EZwqP38KHws6vB,data/covers/alternative_rock/H-Blockx_6DNMESUKFq062Tw5Hcg6SH.jpg
0OB9EsykpiyNnAWSuahzW4,metal,0GDGKpJFhVpcjIGF8N6Ewt,data/covers/metal/Gojira_0OB9EsykpiyNnAWSuahzW4.jpg
0RKJsKXCRWZwoNlPsoE68b,techno,2nq2BeSbzExGAv3Y4HgUf7,data/covers/techno/Stephan_Bodzin_0RKJsKXCRWZwoNlPsoE68b.jpg
1U7aY4kI9xeMuI3nD4LKBy,techno,3AhwIUus3pIaA3CvYBEtpy,data/covers/techno/Plastikman_1U7aY4kI9xeMuI3nD4LKBy.jpg
3c6oqQgiDGPNp8bXBYXMuF,jazz,7G1GBhoKtEPnP86X2PvEYO,data/covers/jazz/Nina_Simone_3c6oqQgiDGPNp8bXBYXMuF.jpg
6252G7bGCVijXlqAjtjeDP,alternative_rock,6Ghvu1VvMGScGpOUJBAHNH,data/covers/alternative_rock/Deftones_6252G7bGCVijXlqAjtjeDP.jpg
4uhbfpBvqjThYsTKJBKWMY,reggae,0UmBaQJflaHddKtf1lrA6F,data/covers/reggae/Dennis_Brown_4uhbfpBvqjThYsTKJBKWMY.jpg
2fxQs4i9HfyRME7zjp0ZnB,indie_rock,4LG4Bs1Gadht7TCrMytQUO,data/covers/indie_rock/The_Shins_2fxQs4i9HfyRME7zjp0ZnB.jpg
5V3Chnpno9oTI7JSPXKUf3,hiphop,4V8LLVI7PbaPR0K2TGSxFF,data/covers/hiphop/Tyler_The_Creator_5V3Chnpno9oTI7JSPXKUf3.jpg
5eHqBPm3DnBWzViZk84GGY,reggae,6qfKnsgz1CwyqA7lTdieRJ,data/covers/reggae/Third_World_5eHqBPm3DnBWzViZk84GGY.jpg
5fedTyx7AnXeyxLL0giq6x,indie_rock,5BvJzeQpmsdsFp4HGUYUEx,data/covers/indie_rock/Vampire_Weekend_5fedTyx7AnXeyxLL0giq6x.jpg
3cf4iSSKd8ffTncbtKljXw,hiphop,3TVXtAsR1Inumwj472S9r4,data/covers/hiphop/Drake_3cf4iSSKd8ffTncbtKljXw.jpg
2Oe2YVJf3fQ0lYTd9MfW1C,alternative_rock,5xUf6j4upBrXZPg6AI4MRK,data/covers/alternative_rock/Soundgarden_2Oe2YVJf3fQ0lYTd9MfW1C.jpg
1lhNch5NkOONvFhRPh8qaj,country,718COspgdWOnwOFpJHRZHS,data/covers/country/Luke_Combs_1lhNch5NkOONvFhRPh8qaj.jpg
4Q1HXCFg84PfQRZlPCA4SH,alternative_rock,5xUf6j4upBrXZPg6AI4MRK,data/covers/alternative_rock/Soundgarden_4Q1HXCFg84PfQRZlPCA4SH.jpg
5ModJesLKNnVdIxgjyh6CJ,indie_rock,23xqmJEN3oVxwzqtNIyR5m,data/covers/indie_rock/AnnenMayKantereit_5ModJesLKNnVdIxgjyh6CJ.jpg
4vEwMwa4AemWV8Ws7nQuYi,alternative_rock,40Yq4vzPs9VNUrIBG5Jr2i,data/covers/alternative_rock/Smashing_Pumpkins_4vEwMwa4AemWV8Ws7nQuYi.jpg
2Y8x0EEu7il0K2gCQIqVRh,metal,6mdiAmATAx73kdxrNrnlao,data/covers/metal/Iron_Maiden_2Y8x0EEu7il0K2gCQIqVRh.jpg
5rZuC67lXA5SI6f4n61gEw,hiphop,3Mcii5XWf6E0lrY3Uky4cA,data/covers/hiphop/Ice_Cube_5rZuC67lXA5SI6f4n61gEw.jpg
4L6Eadsg3dylhJS1BzM9Sa,hiphop,7hJcb9fa4alzcOq3EaNPoG,data/covers/hiphop/Snoop_Dogg_4L6Eadsg3dylhJS1BzM9Sa.jpg
1ECDkYz09L1ENOIHdXZxio,classical,436sYg6CZhNefQJogaXeK0,data/covers/classical/Camille_Saint-Saens_1ECDkYz09L1ENOIHdXZxio.jpg
3TpudnLcMAuaThyFwECM0m,techno,3csPCeXsj2wezyvkRFzvmV,data/covers/techno/Orbital_3TpudnLcMAuaThyFwECM0m.jpg
0WKm16Qa3ZrFVWyA8v8OJz,techno,5akVqMzdZOdbMYbE4vNZWD,data/covers/techno/Plaid_0WKm16Qa3ZrFVWyA8v8OJz.jpg
3Hsqc0J5qdVYRS19Le923K,country,4tw2Lmn9tTPUv7Gy7mVPI4,data/covers/country/Kenny_Rogers_3Hsqc0J5qdVYRS19Le923K.jpg
31qVWUdRrlb8thMvts0yYL,indie_rock,5INjqkS1o8h1imAzPqGZBb,data/covers/indie_rock/Tame_Impala_31qVWUdRrlb8thMvts0yYL.jpg
15rah8uTv13tEhScI9Nv8z,hiphop,55Aa2cqylxrFIXC767Z865,data/covers/hiphop/Lil_Wayne_15rah8uTv13tEhScI9Nv8z.jpg
2Hr5EY19Y7gV7K7ogk9QcR,indie_rock,1xU878Z1QtBldR7ru9owdU,data/covers/indie_rock/Phoenix_2Hr5EY19Y7gV7K7ogk9QcR.jpg
21JMRGrW8P50U4005RiFGy,hiphop,3Mcii5XWf6E0lrY3Uky4cA,data/covers/hiphop/Ice_Cube_21JMRGrW8P50U4005RiFGy.jpg
2KENDvSOxTND01Isx1alaV,jazz,2hGh5VOeeqimQFxqXvfCUf,data/covers/jazz/John_Coltrane_2KENDvSOxTND01Isx1alaV.jpg
424tYuS8J21OKF6lAPQBDa,reggae,3VV18HyGcfLTqNjSjbROA1,data/covers/reggae/Morgan_Heritage_424tYuS8J21OKF6lAPQBDa.jpg
5SxZmGwc4eJuPp6PcO4JgJ,country,70kkdajctXSbqSMJbQO424,data/covers/country/Kacey_Musgraves_5SxZmGwc4eJuPp6PcO4JgJ.jpg
4Ieef0I7aEb6jlUtvAgCAW,country,20TQiCeGRaVxHewzPwZOal,data/covers/country/Angie_Gold_4Ieef0I7aEb6jlUtvAgCAW.jpg
18qEQEBcLbBiDyAW3d73mU,country,1FClsNYBUoNFtGgzeG74dW,data/covers/country/Hank_Williams_18qEQEBcLbBiDyAW3d73mU.jpg
3tXNwhv4GZQDHCOb4p5kcS,indie_rock,6FQqZYVfTNQ1pCqfkwVFEa,data/covers/indie_rock/Foals_3tXNwhv4GZQDHCOb4p5kcS.jpg
2fiUzMQdXjZbLj2O3ztcYm,country,32vWCbZh0xZ4o9gkz4PsEU,data/covers/country/Dolly_Parton_2fiUzMQdXjZbLj2O3ztcYm.jpg
1sHMjyiGdk6o8Y0WwUDLOL,classical,2wOqMjp9TyABvtHdOSOTUS,data/covers/classical/Sergei_Rachmaninoff_1sHMjyiGdk6o8Y0WwUDLOL.jpg
5prfZewHLWnEMaWdDdgEb5,indie_rock,2QoU3awHVdcHS8LrZEKvSM,data/covers/indie_rock/Wilco_5prfZewHLWnEMaWdDdgEb5.jpg
0I0Ncf8MoCv7tYIByBoZuH,jazz,0kbYTNQb4Pb1rPbbaF0pT4,data/covers/jazz/Miles_Davis_0I0Ncf8MoCv7tYIByBoZuH.jpg
3JRgE1OqN7A8wrYqFxDfJO,jazz,2hGh5VOeeqimQFxqXvfCUf,data/covers/jazz/John_Coltrane_3JRgE1OqN7A8wrYqFxDfJO.jpg
36UFz7d3yhZgMSI3XeaerU,alternative_rock,5xUf6j4upBrXZPg6AI4MRK,data/covers/alternative_rock/Soundgarden_36UFz7d3yhZgMSI3XeaerU.jpg
7mV6Nh5M2BMtPXB7x3Zzik,techno,2eIDAcLKnWc4D350YyzvgS,data/covers/techno/Jeff_Mills_7mV6Nh5M2BMtPXB7x3Zzik.jpg
07bM1Q7lK8xvUj88p4QSG8,alternative_rock,5UqTO8smerMvxHYA5xsXb6,data/covers/alternative_rock/Sonic_Youth_07bM1Q7lK8xvUj88p4QSG8.jpg
2kHjg1gvDRUDxxdAZgeX8w,reggae,3rJ3m1tM6vUgiWLjfV8sRf,data/covers/reggae/Jimmy_Cliff_2kHjg1gvDRUDxxdAZgeX8w.jpg
7Jyg6ic5h9BDJ3WuYWYA6K,alternative_rock,6RZUqkomCmb8zCRqc9eznB,data/covers/alternative_rock/Placebo_7Jyg6ic5h9BDJ3WuYWYA6K.jpg
6XFQE0ZYhEwk2hgh0jHgAV,indie_rock,536BYVgOnRky0xjsPT96zl,data/covers/indie_rock/Two_Door_Cinema_Club_6XFQE0ZYhEwk2hgh0jHgAV.jpg
3K6MF35dS8vhxKvkcocAHc,hiphop,6ynopZPMBXcIGBI9M02Un5,data/covers/hiphop/Haftbefehl_3K6MF35dS8vhxKvkcocAHc.jpg
22YUdtYMKjdK7ABBBQ5fO1,classical,2wOqMjp9TyABvtHdOSOTUS,data/covers/classical/Franz_Liszt_22YUdtYMKjdK7ABBBQ5fO1.jpg
7LJdM0B6bp0H78AN7cwqHp,indie_rock,4I2BJf80C0skQpp1sQmA0h,data/covers/indie_rock/Belle_and_Sebastian_7LJdM0B6bp0H78AN7cwqHp.jpg
7fLwn5NEYb1ieJ5QjHrvfC,jazz,5RzjqfPS0Bu4bUMkyNNDpn,data/covers/jazz/Dizzy_Gillespie_7fLwn5NEYb1ieJ5QjHrvfC.jpg
7CwtVHoJ9cl6YEQjsSeEca,metal,3JFsVIxOn7STeilPICkkB2,data/covers/metal/Lamb_of_God_7CwtVHoJ9cl6YEQjsSeEca.jpg
5bkjwI8ysVvoUuqmFiHsP2,house,6TshTCYwh9ySzOO6Jy4Ux2,data/covers/house/Maya_Jane_Coles_5bkjwI8ysVvoUuqmFiHsP2.jpg
1B9iHEVwT81CYNfqIBVYWH,reggae,5keeQyPKYRxUCKDMECTXG3,data/covers/reggae/Black_Uhuru_1B9iHEVwT81CYNfqIBVYWH.jpg
5enPEhsRUzzvh1ckAxB8i5,hiphop,3Mcii5XWf6E0lrY3Uky4cA,data/covers/hiphop/Ice_Cube_5enPEhsRUzzvh1ckAxB8i5.jpg
2VwYcshlZdCSE7xeliCCn0,techno,0KqSULB80ft2H3aFg6kJmN,data/covers/techno/I_Hate_Models_2VwYcshlZdCSE7xeliCCn0.jpg
324LXtvXAeKBeDIN1NkGuG,house,6d1HqiWNEKV9zFqQM9WeYo,data/covers/house/Romare_324LXtvXAeKBeDIN1NkGuG.jpg
3i12rxzH9hpSTQbhHX9Xld,classical,2p0UyoPfYfI76PCStuXfOP,data/covers/classical/Franz_Schubert_3i12rxzH9hpSTQbhHX9Xld.jpg
39amRvW6vOU5rS13wTVknM,indie_rock,3WaJSfKnzc65VDgmj2zU8B,data/covers/indie_rock/Interpol_39amRvW6vOU5rS13wTVknM.jpg
08SjWtJhG2oG3laSBMTxgg,classical,2ANtgfhQkKpsW6EYSDqldz,data/covers/classical/Gustav_Mahler_08SjWtJhG2oG3laSBMTxgg.jpg
4zxXtxhx2Gc2EwEyMOkAeY,hiphop,6l3HvQ5sa6mXTsMTB19rO5,data/covers/hiphop/J_Cole_4zxXtxhx2Gc2EwEyMOkAeY.jpg
5QBPUvhS6UYro3JLHeQVwF,techno,4O71i7ke5iIBX6RNSFoZbS,data/covers/techno/Trentemoller_5QBPUvhS6UYro3JLHeQVwF.jpg
7HYptJX2aQJPWbxXviXLwQ,indie_rock,6pmxr66tMAePxzOLfjGNcX,data/covers/indie_rock/Beirut_7HYptJX2aQJPWbxXviXLwQ.jpg
2x657XotA7LCsPElXmXX4W,hiphop,55Aa2cqylxrFIXC767Z865,data/covers/hiphop/Lil_Wayne_2x657XotA7LCsPElXmXX4W.jpg
7mguVUImgVkpLrRCF8XBxx,classical,1385hLNbrnbCJGokfH2ac2,data/covers/classical/Franz_Liszt_7mguVUImgVkpLrRCF8XBxx.jpg
0a4M2ssIynRc6K7P2tgji2,reggae,3rJ3m1tM6vUgiWLjfV8sRf,data/covers/reggae/Jimmy_Cliff_0a4M2ssIynRc6K7P2tgji2.jpg
33gAXbWQPDa6qBtY7od2x5,reggae,6QHu71f8LLeT8n0GzfbYFc,data/covers/reggae/Gregory_Isaacs_33gAXbWQPDa6qBtY7od2x5.jpg
45RV070mrplPB5gMO6Q136,indie_rock,6pmxr66tMAePxzOLfjGNcX,data/covers/indie_rock/Beirut_45RV070mrplPB5gMO6Q136.jpg
2ZUFSbIkmFkGag000RWOpA,hiphop,3TVXtAsR1Inumwj472S9r4,data/covers/hiphop/Drake_2ZUFSbIkmFkGag000RWOpA.jpg
4AUPg5k2e8erIbPrQKgXFo,classical,4Fw8f0YbjBs9suGEwInPJe,data/covers/classical/Heinrich_Schutz_4AUPg5k2e8erIbPrQKgXFo.jpg
0Nhrl3pwRXBzZaj3EOKGoc,reggae,41ekW4MXG59xJMXR8dX1OG,data/covers/reggae/Alpha_Blondy_0Nhrl3pwRXBzZaj3EOKGoc.jpg
6tOe4eAF8xNhEkl9WyvsE4,alternative_rock,2DaxqgrOhkeH0fpeiQq2f4,data/covers/alternative_rock/Oasis_6tOe4eAF8xNhEkl9WyvsE4.jpg
1RCxMEn5jFeUWbof3vy8oC,indie_rock,2QoU3awHVdcHS8LrZEKvSM,data/covers/indie_rock/Wilco_1RCxMEn5jFeUWbof3vy8oC.jpg
3wA4OOQ3XNPV92aS1BCoVF,techno,5Ho1vKl1Uz8bJlk4vbmvmf,data/covers/techno/Amelie_Lens_3wA4OOQ3XNPV92aS1BCoVF.jpg
4JvuAxQRUNbVcw66kFlXH9,metal,3JFsVIxOn7STeilPICkkB2,data/covers/metal/Lamb_of_God_4JvuAxQRUNbVcw66kFlXH9.jpg
3Q2ZOfHbApcVPpLBw8AVwk,techno,2eIDAcLKnWc4D350YyzvgS,data/covers/techno/Jeff_Mills_3Q2ZOfHbApcVPpLBw8AVwk.jpg
6gW08XWRBd2Wnszyo5ZI6l,hiphop,5me0Irg2ANcsgc93uaYrpb,data/covers/hiphop/The_Notorious_BIG_6gW08XWRBd2Wnszyo5ZI6l.jpg
2VWqqmcIjjzdzayaawToIU,indie_rock,4I2BJf80C0skQpp1sQmA0h,data/covers/indie_rock/Belle_and_Sebastian_2VWqqmcIjjzdzayaawToIU.jpg
1gKM32ghhQjatHluPHzWiO,reggae,5WcGRaGsl0b9sul7jVdDgc,data/covers/reggae/Don_Carlos_1gKM32ghhQjatHluPHzWiO.jpg
6uVaLj0YV3mWRFUw4xJ6eR,indie_rock,6FQqZYVfTNQ1pCqfkwVFEa,data/covers/indie_rock/Foals_6uVaLj0YV3mWRFUw4xJ6eR.jpg
4GGazqHvuKwxBjWLFaJkDL,house,1gR0gsQYfi6joyO1dlp76N,data/covers/house/Justice_4GGazqHvuKwxBjWLFaJkDL.jpg
2K1eyKWWrGOXkEjJstoipT,hiphop,4LLpKhyESsyAXpc4laK94U,data/covers/hiphop/Mac_Miller_2K1eyKWWrGOXkEjJstoipT.jpg
1Douav8YJYiCmwjB05dMVJ,techno,5zovXI5By2gUhdr7EByjLa,data/covers/techno/Monkey_Safari_1Douav8YJYiCmwjB05dMVJ.jpg
33RgJ3F3dwKQeplhUboBDp,reggae,6qfKnsgz1CwyqA7lTdieRJ,data/covers/reggae/Third_World_33RgJ3F3dwKQeplhUboBDp.jpg
4rmXQxG7rqemfrYl2slCFt,metal,1DFr97A9HnbV3SKTJFu62M,data/covers/metal/Motorhead_4rmXQxG7rqemfrYl2slCFt.jpg
0jhrU1Pc7hLSHO8MjWA0De,techno,6WH1V41LwGDGmlPUhSZLHO,data/covers/techno/Autechre_0jhrU1Pc7hLSHO8MjWA0De.jpg
2OZOhvyC7tRrRVb87jCgtA,jazz,3rxeQlsv0Sc2nyYaZ5W71T,data/covers/jazz/Chet_Baker_2OZOhvyC7tRrRVb87jCgtA.jpg
3Z7mPCcnwAzU7GtsRYf0HA,house,4tZwfgrHOc3mvqYlEYSvVi,data/covers/house/Daft_Punk_3Z7mPCcnwAzU7GtsRYf0HA.jpg
3l5AwLKqQ42VJbc5lTuP8G,hiphop,1G9G7WwrXka3Z1r7aIDjI7,data/covers/hiphop/OutKast_3l5AwLKqQ42VJbc5lTuP8G.jpg
3p9xh35Qupdic1CREgJUIz,metal,6JW8wliOEwaDZ231ZY7cf4,data/covers/metal/Sepultura_3p9xh35Qupdic1CREgJUIz.jpg
0W78sKknDGp66B2Y0Bfpva,house,4lxMXxZW5ZWKrtBlMOIUuY,data/covers/house/Joey_Negro_0W78sKknDGp66B2Y0Bfpva.jpg
6uMVAiciTpTyrQn5QJDPJM,hiphop,5me0Irg2ANcsgc93uaYrpb,data/covers/hiphop/The_Notorious_BIG_6uMVAiciTpTyrQn5QJDPJM.jpg
1gsoIHeBan6QywhysNgApK,indie_rock,3WaJSfKnzc65VDgmj2zU8B,data/covers/indie_rock/Interpol_1gsoIHeBan6QywhysNgApK.jpg
1jSTXHarvMPAUDuNCC8B9H,indie_rock,1yAwtBaoHLEDWAnWR87hBT,data/covers/indie_rock/Modest_Mouse_1jSTXHarvMPAUDuNCC8B9H.jpg
66oWI7663qbrniBdt7DMyd,metal,5HFkc3t0HYETL4JeEbDB1v,data/covers/metal/Powerwolf_66oWI7663qbrniBdt7DMyd.jpg
25wuY7cXE8zjFnJRiU1ehS,house,37uLId6Z5ZXCx19vuruvv5,data/covers/house/Hot_Chip_25wuY7cXE8zjFnJRiU1ehS.jpg
7tixruBIQtyhfvKetsoKZM,hiphop,6l3HvQ5sa6mXTsMTB19rO5,data/covers/hiphop/J_Cole_7tixruBIQtyhfvKetsoKZM.jpg
1h3tKEy5ZAlexHnlvDSOLL,reggae,6qaKS0nzGP4hfjl4aFZmEU,data/covers/reggae/Burning_Spear_1h3tKEy5ZAlexHnlvDSOLL.jpg
7yr6lAXFl1sbRfOAPy40qB,country,5e4Dhzv426EvQe3aDb64jL,data/covers/country/Shania_Twain_7yr6lAXFl1sbRfOAPy40qB.jpg
1ev5Am7AhHm7M21m0btxWX,classical,4kHtgiRnpmFIV5Tm4BIs8l,data/covers/classical/Sergei_Prokofiev_1ev5Am7AhHm7M21m0btxWX.jpg
0F5b4AjBc5x2kIwWNqcEiU,house,4lxMXxZW5ZWKrtBlMOIUuY,data/covers/house/Joey_Negro_0F5b4AjBc5x2kIwWNqcEiU.jpg
49eb6TGttK5jEVK8H1bb29,jazz,4F7Q5NV6h5TSwCainz8S5A,data/covers/jazz/Duke_Ellington_49eb6TGttK5jEVK8H1bb29.jpg
3j8cIhlKe44KAz4JWMz2th,indie_rock,3inCNiUr4R6XQ3W43s9Aqi,data/covers/indie_rock/Pavement_3j8cIhlKe44KAz4JWMz2th.jpg
4hrZp6mKgz0HG7UpRbNYQx,alternative_rock,40Yq4vzPs9VNUrIBG5Jr2i,data/covers/alternative_rock/Smashing_Pumpkins_4hrZp6mKgz0HG7UpRbNYQx.jpg
1jEzsqPzCsBtkdBOKseLy9,metal,1Dvfqq39HxvCJ3GvfeIFuT,data/covers/metal/Mastodon_1jEzsqPzCsBtkdBOKseLy9.jpg
5wtE5aLX5r7jOosmPhJhhk,hiphop,4LLpKhyESsyAXpc4laK94U,data/covers/hiphop/Mac_Miller_5wtE5aLX5r7jOosmPhJhhk.jpg
6xfOCqmQvpvgR5aq6fpKMD,indie_rock,4LEiUm1SRbFMgfqnQTwUbQ,data/covers/indie_rock/Bon_Iver_6xfOCqmQvpvgR5aq6fpKMD.jpg
0ecPxTAKqXdr2MJYdYOM7e,metal,2ye2Wgw4gimLv2eAKyk1NB,data/covers/metal/Metallica_0ecPxTAKqXdr2MJYdYOM7e.jpg
0pNWfkXJ7i2nOqu510Dxn4,hiphop,5me0Irg2ANcsgc93uaYrpb,data/covers/hiphop/The_Notorious_BIG_0pNWfkXJ7i2nOqu510Dxn4.jpg
3OksR5symNgdUFeaT36kSm,reggae,2Y06xyHPovQ8DWLyVIpSJK,data/covers/reggae/Israel_Vibration_3OksR5symNgdUFeaT36kSm.jpg
6AlOjPdNpM41lMVSjjsrUM,house,61lyPtntblHJvA7FMMhi7E,data/covers/house/Duke_Dumont_6AlOjPdNpM41lMVSjjsrUM.jpg
4EZfT23K5svIBimtvBEShS,techno,1oZmFNkGAT93yD1xX4vTRE,data/covers/techno/Nina_Kraviz_4EZfT23K5svIBimtvBEShS.jpg
6VI3eN7s8hzQXk5sUM8gvh,house,3hwmrS8MSceZwnZYvZFf97,data/covers/house/Move_D_6VI3eN7s8hzQXk5sUM8gvh.jpg
1QTtH5ciCF4vUBZQBMifbG,classical,2wOqMjp9TyABvtHdOSOTUS,data/covers/classical/Sergei_Rachmaninoff_1QTtH5ciCF4vUBZQBMifbG.jpg
33A6xiJRrWUuZWgq37O41V,indie_rock,6pmxr66tMAePxzOLfjGNcX,data/covers/indie_rock/Beirut_33A6xiJRrWUuZWgq37O41V.jpg
0WMWadJs4xUOIv5bmgR79W,alternative_rock,40Yq4vzPs9VNUrIBG5Jr2i,data/covers/alternative_rock/Smashing_Pumpkins_0WMWadJs4xUOIv5bmgR79W.jpg
1VEtU0KI0YxLSQPdezEQnH,techno,1PXHzxRDiLnjqNrRn2Xbsa,data/covers/techno/Underworld_1VEtU0KI0YxLSQPdezEQnH.jpg
2EvoIdCQs8yecud2O11H6W,reggae,4wLAjfeqAsV66AocWNcowA,data/covers/reggae/Buju_Banton_2EvoIdCQs8yecud2O11H6W.jpg
0NVvSmy2su8nXkCjK0zuWg,indie_rock,1xU878Z1QtBldR7ru9owdU,data/covers/indie_rock/Phoenix_0NVvSmy2su8nXkCjK0zuWg.jpg
1hDwusRrxG6dQ7E4tPjIry,reggae,6ZFv3wQwwWPiVDWhv0mjQK,data/covers/reggae/Toots_and_The_Maytals_1hDwusRrxG6dQ7E4tPjIry.jpg
59KJwVPvVCj1rH9AJ93kyK,techno,2eIDAcLKnWc4D350YyzvgS,data/covers/techno/Jeff_Mills_59KJwVPvVCj1rH9AJ93kyK.jpg
49cHEhh4pSeWvV0HW3OYo6,alternative_rock,3jOstUTkEu2JkjvRdBA5Gu,data/covers/alternative_rock/Weezer_49cHEhh4pSeWvV0HW3OYo6.jpg
4Nlo7yTd6v61NVyqjqmegH,alternative_rock,6RZUqkomCmb8zCRqc9eznB,data/covers/alternative_rock/Placebo_4Nlo7yTd6v61NVyqjqmegH.jpg
54RDLhTh5SHv9YZRGb2RLN,techno,3AhwIUus3pIaA3CvYBEtpy,data/covers/techno/Richie_Hawtin_54RDLhTh5SHv9YZRGb2RLN.jpg
0dL9rGQxUeIqpiUndXaQLl,alternative_rock,3jOstUTkEu2JkjvRdBA5Gu,data/covers/alternative_rock/Weezer_0dL9rGQxUeIqpiUndXaQLl.jpg
16XAAwfzTEeZMjp4WROkHp,techno,1PSylklb2w06BAAHEtepqM,data/covers/techno/Surgeon_16XAAwfzTEeZMjp4WROkHp.jpg
61upE9TNLIyWarQkR6h0bM,jazz,4PDpGtF16XpqvXxsrFwQnN,data/covers/jazz/Thelonious_Monk_61upE9TNLIyWarQkR6h0bM.jpg
5RMkjbbZvLo9TNdpKrmP71,house,6nS5roXSAGhTGr34W6n7Et,data/covers/house/Disclosure_5RMkjbbZvLo9TNdpKrmP71.jpg
38AEPlCWUaU4JOXcylCexR,metal,7jxJ25p0pPjk0MStloN6o6,data/covers/metal/Blind_Guardian_38AEPlCWUaU4JOXcylCexR.jpg
6u5NamiRVPsAy6Gf2THkqf,classical,7jzR5qj8vFnSu5JHaXgFEr,data/covers/classical/Edward_Elgar_6u5NamiRVPsAy6Gf2THkqf.jpg
1wA2xlIBYafcDO9xV13O35,country,5e4Dhzv426EvQe3aDb64jL,data/covers/country/Shania_Twain_1wA2xlIBYafcDO9xV13O35.jpg
1nRkxuB9Edt1ffbu4AnsZc,alternative_rock,5FYfIAuN8mV5KgVtugwfc0,data/covers/alternative_rock/Revolverheld_1nRkxuB9Edt1ffbu4AnsZc.jpg
7HujHxOEtJn7fJDysaDjCL,jazz,4Ww5mwS7BWYjoZTUIrMHfC,data/covers/jazz/Charlie_Parker_7HujHxOEtJn7fJDysaDjCL.jpg
3QMhme9YCUZc55frc8EQdv,jazz,5RzjqfPS0Bu4bUMkyNNDpn,data/covers/jazz/Dizzy_Gillespie_3QMhme9YCUZc55frc8EQdv.jpg
26G7PfSLTyLiIcITVl7GAK,indie_rock,6pmxr66tMAePxzOLfjGNcX,data/covers/indie_rock/Beirut_26G7PfSLTyLiIcITVl7GAK.jpg
7LgrhuKnAXpNEv8qzcVd2t,metal,2tRsMl4eGxwoNabM08Dm4I,data/covers/metal/Judas_Priest_7LgrhuKnAXpNEv8qzcVd2t.jpg
0pgUsfoBDv2x37BvdyG6wq,reggae,3j7Sw80qzL2FJlryUhI3wG,data/covers/reggae/Shabba_Ranks_0pgUsfoBDv2x37BvdyG6wq.jpg
1msUwVadzhcziQNaZZTKqn,country,2ptmyXoL7poH6Zq62h1QT9,data/covers/country/Merle_Haggard_1msUwVadzhcziQNaZZTKqn.jpg
1lWeLK2QogsTrnjuPWJBM7,house,4admDxmnri5Zco0xYrJ0ji,data/covers/house/Jamie_Jones_1lWeLK2QogsTrnjuPWJBM7.jpg
6qOPsJFKVjSc78dPvvKfC2,jazz,3rxeQlsv0Sc2nyYaZ5W71T,data/covers/jazz/Chet_Baker_6qOPsJFKVjSc78dPvvKfC2.jpg
78TuOr2vxDOIvdfO4ilbzq,house,3hwmrS8MSceZwnZYvZFf97,data/covers/house/Move_D_78TuOr2vxDOIvdfO4ilbzq.jpg
3QW6R0M33SezTeXgYRs9CX,jazz,7G1GBhoKtEPnP86X2PvEYO,data/covers/jazz/Nina_Simone_3QW6R0M33SezTeXgYRs9CX.jpg
1IaBCF26OjgYwUCEPaIyC0,hiphop,1G9G7WwrXka3Z1r7aIDjI7,data/covers/hiphop/OutKast_1IaBCF26OjgYwUCEPaIyC0.jpg
0HF1yZhWt3Rlv4FSRVtNVJ,jazz,7G1GBhoKtEPnP86X2PvEYO,data/covers/jazz/Nina_Simone_0HF1yZhWt3Rlv4FSRVtNVJ.jpg
42bHiKuuxkdIOe60Kj2U2Z,techno,2eIDAcLKnWc4D350YyzvgS,data/covers/techno/Jeff_Mills_42bHiKuuxkdIOe60Kj2U2Z.jpg
4Ja968ermx4ErjrtGfQaAQ,techno,5zovXI5By2gUhdr7EByjLa,data/covers/techno/Monkey_Safari_4Ja968ermx4ErjrtGfQaAQ.jpg
5QTGKCuJbyViaQQXjHOvjL,metal,1IQ2e1buppatiN1bxUVkrk,data/covers/metal/Slayer_5QTGKCuJbyViaQQXjHOvjL.jpg
0NGdDP6g2GKJGwsI4qetQi,house,3ebS2RuCq8QeLyndUDmgB5,data/covers/house/WizTheMc_0NGdDP6g2GKJGwsI4qetQi.jpg
1omrt45kxnFaou3DQtmIip,country,32vWCbZh0xZ4o9gkz4PsEU,data/covers/country/Dolly_Parton_1omrt45kxnFaou3DQtmIip.jpg
00dUezlxTHmpfW165QLbEW,techno,3AhwIUus3pIaA3CvYBEtpy,data/covers/techno/Plastikman_00dUezlxTHmpfW165QLbEW.jpg
0ZGanJH5wx4HIZ0pM11PAJ,indie_rock,0YrtvWJMgSdVrk3SfNjTbx,data/covers/indie_rock/Death_Cab_for_Cutie_0ZGanJH5wx4HIZ0pM11PAJ.jpg
7ejB3MHdDNcY3GzRsQRAHs,indie_rock,56ZTgzPBDge0OvCGgMO3OY,data/covers/indie_rock/Beach_House_7ejB3MHdDNcY3GzRsQRAHs.jpg
138dc36BUHbkr8KizG2tlX,jazz,1VEzN9lxvG6KPR3QQGsebR,data/covers/jazz/Sonny_Rollins_138dc36BUHbkr8KizG2tlX.jpg
4guW5WPxFzHrXg04FPC9v9,indie_rock,0YrtvWJMgSdVrk3SfNjTbx,data/covers/indie_rock/Death_Cab_for_Cutie_4guW5WPxFzHrXg04FPC9v9.jpg
117ab5z5QEUV9YfvZi5Vij,metal,57ylwQTnFnIhJh4nu4rxCs,data/covers/metal/In_Flames_117ab5z5QEUV9YfvZi5Vij.jpg
5W1jGRoH27AASKghzZmt4Q,hiphop,1ZwdS5xdxEREPySFridCfh,data/covers/hiphop/2Pac_5W1jGRoH27AASKghzZmt4Q.jpg
2nRyHb8QJFA0Xsp7y1ndUA,jazz,73xPAo16RiiVu6X90p7UVb,data/covers/jazz/Rolf_Kuhn_2nRyHb8QJFA0Xsp7y1ndUA.jpg
4sLG4KUSpDmvNZUJfmffll,jazz,4PDpGtF16XpqvXxsrFwQnN,data/covers/jazz/Thelonious_Monk_4sLG4KUSpDmvNZUJfmffll.jpg
2FDiENkO4Jt7PtIfurC2MY,techno,4jGpKAmwvU263l0tUh4xKU,data/covers/techno/Joris_Voorn_2FDiENkO4Jt7PtIfurC2MY.jpg
25TJxI6ZH6XjT8geRQAFz5,country,718COspgdWOnwOFpJHRZHS,data/covers/country/Luke_Combs_25TJxI6ZH6XjT8geRQAFz5.jpg
3FTSAoxJLy7yvnMOYyApLY,classical,459INk8vcC0ebEef82WjIK,data/covers/classical/Edward_Elgar_3FTSAoxJLy7yvnMOYyApLY.jpg
0fBV1SnQirBUv8qCofM7Yw,metal,0ybFZ2Ab08V8hueghSXm6E,data/covers/metal/Opeth_0fBV1SnQirBUv8qCofM7Yw.jpg
15KUSccm6GCtiAyFeGLaTx,indie_rock,26T3LtbuGT1Fu9m0eRq5X3,data/covers/indie_rock/Cage_the_Elephant_15KUSccm6GCtiAyFeGLaTx.jpg
14VVqBoDw1SxoNLW3Cj3mN,alternative_rock,6olE6TJLqED3rqDCT0FyPh,data/covers/alternative_rock/Nirvana_14VVqBoDw1SxoNLW3Cj3mN.jpg
4WW5uij9yqNfAyc3QMzElB,metal,57ylwQTnFnIhJh4nu4rxCs,data/covers/metal/In_Flames_4WW5uij9yqNfAyc3QMzElB.jpg
35UJLpClj5EDrhpNIi4DFg,alternative_rock,4Z8W4fKeB5YxbusRsdQVPb,data/covers/alternative_rock/Radiohead_35UJLpClj5EDrhpNIi4DFg.jpg
7JlCbNWZszAdVKZdtHFQ5p,hiphop,3Mcii5XWf6E0lrY3Uky4cA,data/covers/hiphop/Ice_Cube_7JlCbNWZszAdVKZdtHFQ5p.jpg
7xl50xr9NDkd3i2kBbzsNZ,alternative_rock,0L8ExT028jH3ddEcZwqJJ5,data/covers/alternative_rock/Red_Hot_Chili_Peppers_7xl50xr9NDkd3i2kBbzsNZ.jpg
5JLvgVZ12HVLlyIiocJWyk,techno,21444lX8gpmOX36icLmbFI,data/covers/techno/Chris_Liebing_5JLvgVZ12HVLlyIiocJWyk.jpg
7JcOUOS8qJGBhEIncdfGbk,house,0cmWgDlu9CwTgxPhf403hb,data/covers/house/Bonobo_7JcOUOS8qJGBhEIncdfGbk.jpg
4yP7cyoeE3F6EyJPZ9v47V,indie_rock,6pmxr66tMAePxzOLfjGNcX,data/covers/indie_rock/Beirut_4yP7cyoeE3F6EyJPZ9v47V.jpg
6mYeB46sU6PyRC48eML6bZ,techno,7GoFQNOTX0suC6Tn59qx8n,data/covers/techno/Plastikman_6mYeB46sU6PyRC48eML6bZ.jpg
0GJmUGYlin1dxYoe1mzObj,jazz,7G1GBhoKtEPnP86X2PvEYO,data/covers/jazz/Nina_Simone_0GJmUGYlin1dxYoe1mzObj.jpg
7aNclGRxTysfh6z0d8671k,techno,6kBDZFXuLrZgHnvmPu9NsG,data/covers/techno/Aphex_Twin_7aNclGRxTysfh6z0d8671k.jpg
10m1ncPATkwsOUnId9luZh,country,7wCjDgV6nqBsHguQXPAaIM,data/covers/country/Waylon_Jennings_10m1ncPATkwsOUnId9luZh.jpg
2HRV6uMo626mHroic1njut,reggae,6qaKS0nzGP4hfjl4aFZmEU,data/covers/reggae/Burning_Spear_2HRV6uMo626mHroic1njut.jpg
0Y2G7k6Znc8iiYP7xiIADr,hiphop,5me0Irg2ANcsgc93uaYrpb,data/covers/hiphop/The_Notorious_BIG_0Y2G7k6Znc8iiYP7xiIADr.jpg
3yssbblyT74O1puto7i3EO,metal,5GLeyUhj8B8f5pJxqZllKl,data/covers/metal/Doro_3yssbblyT74O1puto7i3EO.jpg
0U6ldwLBEMkwgfQRY4V6D2,hiphop,7dGJo4pcD2V6oG8kP0tJRR,data/covers/hiphop/Eminem_0U6ldwLBEMkwgfQRY4V6D2.jpg
0W8eSVMCkF6C4CpvtDtOyZ,hiphop,7hJcb9fa4alzcOq3EaNPoG,data/covers/hiphop/Ice_Cube_0W8eSVMCkF6C4CpvtDtOyZ.jpg
4qggES4MqbTbQFXAZBQARn,jazz,63ZJSdxmTX5wWRMoS1C5ph,data/covers/jazz/Joachim_Kuhn_4qggES4MqbTbQFXAZBQARn.jpg
4LXDKideMsaMmlSqjA1CyK,techno,3AhwIUus3pIaA3CvYBEtpy,data/covers/techno/Richie_Hawtin_4LXDKideMsaMmlSqjA1CyK.jpg
18OCMkjcuhGbymrhmZt44O,techno,21444lX8gpmOX36icLmbFI,data/covers/techno/Chris_Liebing_18OCMkjcuhGbymrhmZt44O.jpg
3lgIiynXHTZYaSvS1ZrMxG,indie_rock,3TNt4aUIxgfy9aoaft5Jj2,data/covers/indie_rock/Yeah_Yeah_Yeahs_3lgIiynXHTZYaSvS1ZrMxG.jpg
1bvfRzatC28RulFCm28tCS,jazz,5V0MlUE1Bft0mbLlND7FJz,data/covers/jazz/Ella_Fitzgerald_1bvfRzatC28RulFCm28tCS.jpg
0nQ2h611dOuWMee546nz3u,classical,4Fw8f0YbjBs9suGEwInPJe,data/covers/classical/Heinrich_Schutz_0nQ2h611dOuWMee546nz3u.jpg
0aldG5AoqOUDkEbsGtI9TW,indie_rock,4LEiUm1SRbFMgfqnQTwUbQ,data/covers/indie_rock/Bon_Iver_0aldG5AoqOUDkEbsGtI9TW.jpg
5LEXck3kfixFaA3CqVE7bC,alternative_rock,6Ghvu1VvMGScGpOUJBAHNH,data/covers/alternative_rock/Deftones_5LEXck3kfixFaA3CqVE7bC.jpg
1PTfv9sS6JJUIQyyUK0eDw,classical,6s1pCNXcbdtQJlsnM1hRIA,data/covers/classical/Dmitri_Shostakovich_1PTfv9sS6JJUIQyyUK0eDw.jpg
1Gqoca4RxsEZCIAgx6PsTS,country,5e4Dhzv426EvQe3aDb64jL,data/covers/country/Shania_Twain_1Gqoca4RxsEZCIAgx6PsTS.jpg
0EabZMx74C2wyXhvMMO1eI,indie_rock,3TNt4aUIxgfy9aoaft5Jj2,data/covers/indie_rock/Yeah_Yeah_Yeahs_0EabZMx74C2wyXhvMMO1eI.jpg
4WeG0aBWeG21nyEes89ylX,house,4VNQWV2y1E97Eqo2D5UTjx,data/covers/house/Gorgon_City_4WeG0aBWeG21nyEes89ylX.jpg
2euhg8kL0bBPjGlnunPZnI,reggae,0UmBaQJflaHddKtf1lrA6F,data/covers/reggae/Dennis_Brown_2euhg8kL0bBPjGlnunPZnI.jpg
1NOuLNCoZQjvuXwanQaCKu,jazz,7G1GBhoKtEPnP86X2PvEYO,data/covers/jazz/Nina_Simone_1NOuLNCoZQjvuXwanQaCKu.jpg
181RdWNsQuGn9MwSsYK4by,classical,2wOqMjp9TyABvtHdOSOTUS,data/covers/classical/Erik_Satie_181RdWNsQuGn9MwSsYK4by.jpg
1oUL840sk84LVL8ExFKLXp,indie_rock,0YrtvWJMgSdVrk3SfNjTbx,data/covers/indie_rock/Death_Cab_for_Cutie_1oUL840sk84LVL8ExFKLXp.jpg
4aGMvZ44vuIw1xVDUZQBdN,hiphop,3Mcii5XWf6E0lrY3Uky4cA,data/covers/hiphop/Ice_Cube_4aGMvZ44vuIw1xVDUZQBdN.jpg
3y3v158VcH2ENOIdKGImca,techno,1PSylklb2w06BAAHEtepqM,data/covers/techno/Surgeon_3y3v158VcH2ENOIdKGImca.jpg
1k7GjqxxEeom6rMvDXMvik,jazz,4gBdaOEelc50MG1QmlACtu,data/covers/jazz/Manfred_Schoof_1k7GjqxxEeom6rMvDXMvik.jpg
081kew1uNgwKasN9P58BoG,reggae,3j7Sw80qzL2FJlryUhI3wG,data/covers/reggae/Shabba_Ranks_081kew1uNgwKasN9P58BoG.jpg
0aiKfJAB8D5vAcVyLJEDka,alternative_rock,1V3Nl0Y3EZwqP38KHws6vB,data/covers/alternative_rock/H-Blockx_0aiKfJAB8D5vAcVyLJEDka.jpg
2IDeHNJEmYrS14aEFCYgpN,house,6d1HqiWNEKV9zFqQM9WeYo,data/covers/house/Romare_2IDeHNJEmYrS14aEFCYgpN.jpg
1q9Yh4EDALgMa8VYsI7bn5,jazz,1YzCsTRb22dQkh9lghPIrp,data/covers/jazz/Billie_Holiday_1q9Yh4EDALgMa8VYsI7bn5.jpg
15XrNU8AkmvwmGkoi6sLSs,techno,19SmlbABtI4bXz864MLqOS,data/covers/techno/Carl_Cox_15XrNU8AkmvwmGkoi6sLSs.jpg
0N9mcsAS79swphJxpj8LCN,jazz,4jXfFzeP66Zy67HM2mvIIF,data/covers/jazz/Bill_Evans_0N9mcsAS79swphJxpj8LCN.jpg
7Heaa0B4KOxdWhSICTR2wE,indie_rock,7Ln80lUS6He07XvHI8qqHH,data/covers/indie_rock/Arctic_Monkeys_7Heaa0B4KOxdWhSICTR2wE.jpg
3WZoJdkb9NSvZqkUShSKv4,hiphop,3Mcii5XWf6E0lrY3Uky4cA,data/covers/hiphop/Ice_Cube_3WZoJdkb9NSvZqkUShSKv4.jpg
1HgBa6o01kjAvNJIg9eUod,jazz,2hGh5VOeeqimQFxqXvfCUf,data/covers/jazz/John_Coltrane_1HgBa6o01kjAvNJIg9eUod.jpg
6e1Pj7h8mjxpx0DyaEXzkh,metal,7jxJ25p0pPjk0MStloN6o6,data/covers/metal/Blind_Guardian_6e1Pj7h8mjxpx0DyaEXzkh.jpg
1K9ee7rBIiemCGI0alOqJX,reggae,3rJ3m1tM6vUgiWLjfV8sRf,data/covers/reggae/Jimmy_Cliff_1K9ee7rBIiemCGI0alOqJX.jpg
1p8qSK9EyUtOjeU1FktWPV,reggae,6QHu71f8LLeT8n0GzfbYFc,data/covers/reggae/Gregory_Isaacs_1p8qSK9EyUtOjeU1FktWPV.jpg
41vQfhLbjpv0F6ekUenUXt,jazz,63ZJSdxmTX5wWRMoS1C5ph,data/covers/jazz/Joachim_Kuhn_41vQfhLbjpv0F6ekUenUXt.jpg
2iL8bT1YNYOJrG2z4OPFUT,classical,2ANtgfhQkKpsW6EYSDqldz,data/covers/classical/Gustav_Mahler_2iL8bT1YNYOJrG2z4OPFUT.jpg
7aebz42KPbU8Otic1ze11x,jazz,5V0MlUE1Bft0mbLlND7FJz,data/covers/jazz/Ella_Fitzgerald_7aebz42KPbU8Otic1ze11x.jpg
28znTBZh9uV0BCoJ0w6xuk,hiphop,1qQLhymHXFPtP5U8KNKsm6,data/covers/hiphop/Apache_207_28znTBZh9uV0BCoJ0w6xuk.jpg
3ebOGN7yoWw0sVSSWA3EYq,classical,4LXxsm5BF85PWnQ1dUDAze,data/covers/classical/Alexander_Borodin_3ebOGN7yoWw0sVSSWA3EYq.jpg
7D2NdGvBHIavgLhmcwhluK,hiphop,5K4W6rqBFWDnAN6FQUkS6x,data/covers/hiphop/Kanye_West_7D2NdGvBHIavgLhmcwhluK.jpg
6i2rJx1dI4gA5IHb3sQcIB,classical,284mnx33IWcymQEpMxyfHl,data/covers/classical/Alexander_Borodin_6i2rJx1dI4gA5IHb3sQcIB.jpg
4ykiA59HEv4gwYiDWW4UF0,techno,4jGpKAmwvU263l0tUh4xKU,data/covers/techno/Joris_Voorn_4ykiA59HEv4gwYiDWW4UF0.jpg
5MBUL8d9FAYCCMrogOFX68,indie_rock,1xU878Z1QtBldR7ru9owdU,data/covers/indie_rock/Phoenix_5MBUL8d9FAYCCMrogOFX68.jpg
5SKnXCvB4fcGSZu32o3LRY,hiphop,4LLpKhyESsyAXpc4laK94U,data/covers/hiphop/Mac_Miller_5SKnXCvB4fcGSZu32o3LRY.jpg
3zKqubk4gCafJIvBY655YE,reggae,3rJ3m1tM6vUgiWLjfV8sRf,data/covers/reggae/Jimmy_Cliff_3zKqubk4gCafJIvBY655YE.jpg
7fm20lvlAO6TfVfihMZ8CR,jazz,3kUKwTJdH8FuWzF8p6Dg9E,data/covers/jazz/Dave_Brubeck_7fm20lvlAO6TfVfihMZ8CR.jpg
52NQgBqSYHu1wPZfgV03oe,alternative_rock,6RZUqkomCmb8zCRqc9eznB,data/covers/alternative_rock/Placebo_52NQgBqSYHu1wPZfgV03oe.jpg
2STZqJIh4Kf0OIU5yVgYGV,indie_rock,1xU878Z1QtBldR7ru9owdU,data/covers/indie_rock/Phoenix_2STZqJIh4Kf0OIU5yVgYGV.jpg
7yoUCuioeKD5ceKC3B0s9T,jazz,4F7Q5NV6h5TSwCainz8S5A,data/covers/jazz/Duke_Ellington_7yoUCuioeKD5ceKC3B0s9T.jpg
0U43jFC9ahFCS22nTYQJP2,indie_rock,5hAhrnb0Ch4ODwWu4tsbpi,data/covers/indie_rock/Yo_La_Tengo_0U43jFC9ahFCS22nTYQJP2.jpg
4gSQRkpVZfecPo7dlPWU1V,classical,7ie36YytMoKtPiL7tUvmoE,data/covers/classical/Modest_Mussorgsky_4gSQRkpVZfecPo7dlPWU1V.jpg
5rAfh5ZMBDZIKsIohaGL9N,techno,1oXiuCd5F0DcnmXH5KaM6N,data/covers/techno/Kollektiv_Turmstrasse_5rAfh5ZMBDZIKsIohaGL9N.jpg
1sGZo5enDtx49jWHRrVgXu,reggae,3VV18HyGcfLTqNjSjbROA1,data/covers/reggae/Morgan_Heritage_1sGZo5enDtx49jWHRrVgXu.jpg
3oJok4Fqtt8g42AXkoRWVx,jazz,3kUKwTJdH8FuWzF8p6Dg9E,data/covers/jazz/Dave_Brubeck_3oJok4Fqtt8g42AXkoRWVx.jpg
4pcBJRlbk51BTLYyyPqyWh,country,0BvkDsjIUla7X0k6CSWh1I,data/covers/country/Luke_Bryan_4pcBJRlbk51BTLYyyPqyWh.jpg
074BDQSfufLOuL8qWsRsyg,techno,1PSylklb2w06BAAHEtepqM,data/covers/techno/Surgeon_074BDQSfufLOuL8qWsRsyg.jpg
46qAI9wnaEWwN6fwiGQ8k5,indie_rock,4I2BJf80C0skQpp1sQmA0h,data/covers/indie_rock/Belle_and_Sebastian_46qAI9wnaEWwN6fwiGQ8k5.jpg
3bK58rVcWBh3V3vxMLzi0V,metal,2ye2Wgw4gimLv2eAKyk1NB,data/covers/metal/Metallica_3bK58rVcWBh3V3vxMLzi0V.jpg
2IKQbqaZhhEnTI6ha9udxP,techno,3TXQ1ddouwQAI78hV4hXDj,data/covers/techno/Maceo_Plex_2IKQbqaZhhEnTI6ha9udxP.jpg
0t8uxCMMXyOw15bKyhcoiH,jazz,4Ww5mwS7BWYjoZTUIrMHfC,data/covers/jazz/Charlie_Parker_0t8uxCMMXyOw15bKyhcoiH.jpg
5tQPnoUuebIXGYLDYdJ89Q,country,1FClsNYBUoNFtGgzeG74dW,data/covers/country/Hank_Williams_5tQPnoUuebIXGYLDYdJ89Q.jpg
2pTMdisfiewRemVX5nhETM,techno,2LmP2eHIAmprDBQfi4jiBC,data/covers/techno/Donato_Dozzy_2pTMdisfiewRemVX5nhETM.jpg
1mG41CjDpxbpFEQzeOoWMH,techno,3TXQ1ddouwQAI78hV4hXDj,data/covers/techno/Maceo_Plex_1mG41CjDpxbpFEQzeOoWMH.jpg
43otFXrY0bgaq5fB3GrZj6,alternative_rock,0L8ExT028jH3ddEcZwqJJ5,data/covers/alternative_rock/Red_Hot_Chili_Peppers_43otFXrY0bgaq5fB3GrZj6.jpg
6idN8ZmlZoc0AYMIEH0vue,techno,1lJhME1ZpzsEa5M0wW6Mso,data/covers/techno/Charlotte_de_Witte_6idN8ZmlZoc0AYMIEH0vue.jpg
1OZaosC2RtsE2TEqLziwAD,metal,2ye2Wgw4gimLv2eAKyk1NB,data/covers/metal/Metallica_1OZaosC2RtsE2TEqLziwAD.jpg
4HalQbvT1dCgW2VEkEt990,country,5W5bDNCqJ1jbCgTxDD0Cb3,data/covers/country/Willie_Nelson_4HalQbvT1dCgW2VEkEt990.jpg
1GjjBpY2iDwSQs5bykQI5e,alternative_rock,6Ghvu1VvMGScGpOUJBAHNH,data/covers/alternative_rock/Deftones_1GjjBpY2iDwSQs5bykQI5e.jpg
5v9yUH4MkbT7Wovdz8Y54o,jazz,3rxeQlsv0Sc2nyYaZ5W71T,data/covers/jazz/Chet_Baker_5v9yUH4MkbT7Wovdz8Y54o.jpg
479KqDnKRTPYptLEkbZNRp,metal,3JFsVIxOn7STeilPICkkB2,data/covers/metal/Lamb_of_God_479KqDnKRTPYptLEkbZNRp.jpg
0tsAeMIOpK5bibfsC9w9Gt,jazz,73xPAo16RiiVu6X90p7UVb,data/covers/jazz/Rolf_Kuhn_0tsAeMIOpK5bibfsC9w9Gt.jpg
3zAxwbBtZlYiGAldcsvqNr,metal,7954VFaZClkL503srfV5PE,data/covers/metal/Running_Wild_3zAxwbBtZlYiGAldcsvqNr.jpg
0mbPUSSMZoErpmZ1oxYKgG,metal,7954VFaZClkL503srfV5PE,data/covers/metal/Running_Wild_0mbPUSSMZoErpmZ1oxYKgG.jpg
5kQu0kycLJGGRoqsDR3cv3,alternative_rock,4KWTAlx2RvbpseOGMEmROg,data/covers/alternative_rock/REM_5kQu0kycLJGGRoqsDR3cv3.jpg
2vvoOt9IdaVS4iB3giJRLw,jazz,1VEzN9lxvG6KPR3QQGsebR,data/covers/jazz/Sonny_Rollins_2vvoOt9IdaVS4iB3giJRLw.jpg
4kZm2gtXOwFsXXQZZaYEhW,country,4mxWe1mtYIYfP040G38yvS,data/covers/country/Alan_Jackson_4kZm2gtXOwFsXXQZZaYEhW.jpg
5yzRkYV3JUXfM7u4fBUFHX,alternative_rock,6RZUqkomCmb8zCRqc9eznB,data/covers/alternative_rock/Placebo_5yzRkYV3JUXfM7u4fBUFHX.jpg
09rWAJMstpelH9wPRvxxBi,alternative_rock,6zvul52xwTWzilBZl6BUbT,data/covers/alternative_rock/Pixies_09rWAJMstpelH9wPRvxxBi.jpg
28CPrbvfZEuCUM4m18pITE,house,4lxMXxZW5ZWKrtBlMOIUuY,data/covers/house/Joey_Negro_28CPrbvfZEuCUM4m18pITE.jpg
32lGAqeVkdJxEj2iv2Q01B,hiphop,0Y5tJX1MQlPlqiwlOH1tJY,data/covers/hiphop/Travis_Scott_32lGAqeVkdJxEj2iv2Q01B.jpg
7lomQo7AC3vEFtMiSVUYW3,house,47UDvjDVedKddLfGWk3keI,data/covers/house/Robag_Wruhme_7lomQo7AC3vEFtMiSVUYW3.jpg
3lYZwB8YHVLhTlpIbGVn5p,metal,0ybFZ2Ab08V8hueghSXm6E,data/covers/metal/Opeth_3lYZwB8YHVLhTlpIbGVn5p.jpg
5Uly85dJHHDfHQCsyUQ8gw,country,718COspgdWOnwOFpJHRZHS,data/covers/country/Luke_Combs_5Uly85dJHHDfHQCsyUQ8gw.jpg
2L7BnX8NUqlb4N8IiDh8K0,classical,2p0UyoPfYfI76PCStuXfOP,data/covers/classical/Franz_Schubert_2L7BnX8NUqlb4N8IiDh8K0.jpg
7C2rtzfeP135vyNyzsmhfV,country,5W5bDNCqJ1jbCgTxDD0Cb3,data/covers/country/Willie_Nelson_7C2rtzfeP135vyNyzsmhfV.jpg
1yo80wFtOsfOHJ68pLJJ7D,jazz,7MbjIv3XpMc2ciNcoWHFcS,data/covers/jazz/Michael_Wollny_1yo80wFtOsfOHJ68pLJJ7D.jpg
2s4mduKoB7tgHDpEonT401,alternative_rock,2d0hyoQ5ynDBnkvAbJKORj,data/covers/alternative_rock/Rage_Against_the_Machine_2s4mduKoB7tgHDpEonT401.jpg
1bZyHwTEJu458ShRRswCs6,reggae,0oea1hwGMfUxZbLxJc1XUN,data/covers/reggae/Peter_Tosh_1bZyHwTEJu458ShRRswCs6.jpg
13KpoKpWFA0U049JGQgIMt,reggae,3j7Sw80qzL2FJlryUhI3wG,data/covers/reggae/Shabba_Ranks_13KpoKpWFA0U049JGQgIMt.jpg
7q2TYQUhAg9mzIjybDBpGI,techno,4mtHSXwIHihO6MWNq5Qoko,data/covers/techno/Squarepusher_7q2TYQUhAg9mzIjybDBpGI.jpg
35YDmDHLbqqpdMhetmdzbz,techno,4mtHSXwIHihO6MWNq5Qoko,data/covers/techno/Squarepusher_35YDmDHLbqqpdMhetmdzbz.jpg
3piIe6IP6oZTRNXD7auhox,classical,4kHtgiRnpmFIV5Tm4BIs8l,data/covers/classical/Sergei_Prokofiev_3piIe6IP6oZTRNXD7auhox.jpg
3BF0m3llpGGYFpjK7BlrSL,techno,15e0X6NuMsVuHi7AZhcfyI,data/covers/techno/James_Holden_3BF0m3llpGGYFpjK7BlrSL.jpg
4YRwqvWAu1cjBDyRRXz0Ee,techno,4mtHSXwIHihO6MWNq5Qoko,data/covers/techno/Squarepusher_4YRwqvWAu1cjBDyRRXz0Ee.jpg
2XzwA0LvooRpsqyvFsGWQg,classical,2wOqMjp9TyABvtHdOSOTUS,data/covers/classical/Ludwig_van_Beethoven_2XzwA0LvooRpsqyvFsGWQg.jpg
2YHXNl8D5FkJntGSnXHTa3,hiphop,1G9G7WwrXka3Z1r7aIDjI7,data/covers/hiphop/OutKast_2YHXNl8D5FkJntGSnXHTa3.jpg
58H1ArDcd3bUzOK0cn31lD,techno,6kBDZFXuLrZgHnvmPu9NsG,data/covers/techno/Aphex_Twin_58H1ArDcd3bUzOK0cn31lD.jpg
73assrX4ggAkLf2RZXLoQV,reggae,0UmBaQJflaHddKtf1lrA6F,data/covers/reggae/Dennis_Brown_73assrX4ggAkLf2RZXLoQV.jpg
7IQn4jT1WciC5O9DZrxeKv,indie_rock,41SQP16hv1TioVYqdckmxT,data/covers/indie_rock/Real_Estate_7IQn4jT1WciC5O9DZrxeKv.jpg
0a8d4BfLP3XEiuZZTWxxEQ,hiphop,7hJcb9fa4alzcOq3EaNPoG,data/covers/hiphop/Snoop_Dogg_0a8d4BfLP3XEiuZZTWxxEQ.jpg
2rVdAYBUuEnciOvQRrn4YL,metal,6mdiAmATAx73kdxrNrnlao,data/covers/metal/Iron_Maiden_2rVdAYBUuEnciOvQRrn4YL.jpg
08HBe3yBlsb9rsgSAmroDh,classical,4Fw8f0YbjBs9suGEwInPJe,data/covers/classical/Heinrich_Schutz_08HBe3yBlsb9rsgSAmroDh.jpg
5dJSo19UkHJb3VbsxEYuPb,house,4lxMXxZW5ZWKrtBlMOIUuY,data/covers/house/Joey_Negro_5dJSo19UkHJb3VbsxEYuPb.jpg
748dZDqSZy6aPXKcI9H80u,hiphop,2YZyLoL8N0Wb9xBt1NhZWg,data/covers/hiphop/Kendrick_Lamar_748dZDqSZy6aPXKcI9H80u.jpg
1aDoTayKySYxcwji06WNxN,classical,1Uff91EOsvd99rtAupatMP,data/covers/classical/Robert_Schumann_1aDoTayKySYxcwji06WNxN.jpg
7pTu1KHMMULXTMViSxEmUy,classical,436sYg6CZhNefQJogaXeK0,data/covers/classical/Camille_Saint-Saens_7pTu1KHMMULXTMViSxEmUy.jpg
0Gn3TQ1bek5mN9ZBUlDByl,classical,2wOqMjp9TyABvtHdOSOTUS,data/covers/classical/Ludwig_van_Beethoven_0Gn3TQ1bek5mN9ZBUlDByl.jpg
7E3c9dmZ1KnZOQLZTgRqWx,house,1gR0gsQYfi6joyO1dlp76N,data/covers/house/Justice_7E3c9dmZ1KnZOQLZTgRqWx.jpg
61sGO58ljdDgD4Mn6Bcj3P,house,6pohviZSNRueSX7uNu63ZX,data/covers/house/Moodymann_61sGO58ljdDgD4Mn6Bcj3P.jpg
6SU9zkPRh1PAqJx68JBljH,classical,34MYamymtmnsmpwbqydd7I,data/covers/classical/Alexander_Borodin_6SU9zkPRh1PAqJx68JBljH.jpg
1ziUtOuRT545OI4cnHEMhC,metal,1Yox196W7bzVNZI7RBaPnf,data/covers/metal/Megadeth_1ziUtOuRT545OI4cnHEMhC.jpg
4UIfxHYsVoeEWxtzX1V37e,classical,4LXxsm5BF85PWnQ1dUDAze,data/covers/classical/Carl_Orff_4UIfxHYsVoeEWxtzX1V37e.jpg
3BSEkF5PStiNQYKZB2RQKE,techno,3AhwIUus3pIaA3CvYBEtpy,data/covers/techno/Richie_Hawtin_3BSEkF5PStiNQYKZB2RQKE.jpg
75mOIzgjMsFLN5hyQlpsy8,house,0cmWgDlu9CwTgxPhf403hb,data/covers/house/Bonobo_75mOIzgjMsFLN5hyQlpsy8.jpg
4lfw4Ze9FHFNhNhL3qPIss,jazz,73xPAo16RiiVu6X90p7UVb,data/covers/jazz/Rolf_Kuhn_4lfw4Ze9FHFNhNhL3qPIss.jpg
1D1VCh2Q2m4G0jw7ePnjD9,reggae,3j7Sw80qzL2FJlryUhI3wG,data/covers/reggae/Shabba_Ranks_1D1VCh2Q2m4G0jw7ePnjD9.jpg
6c9QsrjjmWTjOgS6OqrQDY,techno,1GhPHrq36VKCY3ucVaZCfo,data/covers/techno/The_Chemical_Brothers_6c9QsrjjmWTjOgS6OqrQDY.jpg
7E2jvDLEBuovEAQyyIm4f5,reggae,41ekW4MXG59xJMXR8dX1OG,data/covers/reggae/Alpha_Blondy_7E2jvDLEBuovEAQyyIm4f5.jpg
5M5LPGsAR9mxbBa22GOp5h,indie_rock,2cCUtGK9sDU2EoElnk0GNB,data/covers/indie_rock/The_National_5M5LPGsAR9mxbBa22GOp5h.jpg
3oFAX7PeOFbZnKiPmpUPv4,metal,6mdiAmATAx73kdxrNrnlao,data/covers/metal/Iron_Maiden_3oFAX7PeOFbZnKiPmpUPv4.jpg
0NWxgffq8PC7QWmtyWlYYn,house,4lxMXxZW5ZWKrtBlMOIUuY,data/covers/house/Joey_Negro_0NWxgffq8PC7QWmtyWlYYn.jpg
3VcfcnlfyHVvJvaZPKEP4u,hiphop,3nDNDLcZuSto4k9u4AbcLB,data/covers/hiphop/Marteria_3VcfcnlfyHVvJvaZPKEP4u.jpg
3AMHMM2aNG6k3d7ybcQ5bY,alternative_rock,2DaxqgrOhkeH0fpeiQq2f4,data/covers/alternative_rock/Oasis_3AMHMM2aNG6k3d7ybcQ5bY.jpg
3Flr4oDF97OVBvX5VPpBgI,techno,7rmuxvt1D8dIU920lNcR67,data/covers/techno/Rebekah_3Flr4oDF97OVBvX5VPpBgI.jpg
4NXUfOL0Y0GFCyIivAhJUu,metal,5HFkc3t0HYETL4JeEbDB1v,data/covers/metal/Powerwolf_4NXUfOL0Y0GFCyIivAhJUu.jpg
0gZau2nRsooGhfgul60N4l,reggae,4wLAjfeqAsV66AocWNcowA,data/covers/reggae/Buju_Banton_0gZau2nRsooGhfgul60N4l.jpg
0uz3QSBmc0lTYVo2svp4mB,alternative_rock,64tNsm6TnZe2zpcMVMOoHL,data/covers/alternative_rock/Alice_in_Chains_0uz3QSBmc0lTYVo2svp4mB.jpg
1jEwa4YdGR6FvKxWgRbJcv,indie_rock,1xU878Z1QtBldR7ru9owdU,data/covers/indie_rock/Phoenix_1jEwa4YdGR6FvKxWgRbJcv.jpg
3gBVdu4a1MMJVMy6vwPEb8,alternative_rock,4Z8W4fKeB5YxbusRsdQVPb,data/covers/alternative_rock/Radiohead_3gBVdu4a1MMJVMy6vwPEb8.jpg
3U1wpggglqI2snjl5dyhO9,house,159cwGtgCzNpyHWY6tzihH,data/covers/house/Milk_and_Sugar_3U1wpggglqI2snjl5dyhO9.jpg
4KGnNltIhKlNbeWzSAnOMz,techno,6WH1V41LwGDGmlPUhSZLHO,data/covers/techno/Autechre_4KGnNltIhKlNbeWzSAnOMz.jpg
0BHheZxTmxC2fZh6mbCVx2,techno,3tSvlEzeDnVbQJBTkIA6nO,data/covers/techno/Christian_Loffler_0BHheZxTmxC2fZh6mbCVx2.jpg
6JjxbOPWqrm8miFbOFPPAl,jazz,3kUKwTJdH8FuWzF8p6Dg9E,data/covers/jazz/Dave_Brubeck_6JjxbOPWqrm8miFbOFPPAl.jpg
6IGpQUt0KNi5rBUXZZOFI6,country,70kkdajctXSbqSMJbQO424,data/covers/country/Kacey_Musgraves_6IGpQUt0KNi5rBUXZZOFI6.jpg
6ooBxhsOVedpX4zPTCyL86,house,1gR0gsQYfi6joyO1dlp76N,data/covers/house/Justice_6ooBxhsOVedpX4zPTCyL86.jpg
1FfGSThzZxeULHDWvkZZHb,techno,2eIDAcLKnWc4D350YyzvgS,data/covers/techno/Jeff_Mills_1FfGSThzZxeULHDWvkZZHb.jpg
2ym2jcqckXqWeTDoxz3Kst,indie_rock,7Ln80lUS6He07XvHI8qqHH,data/covers/indie_rock/Arctic_Monkeys_2ym2jcqckXqWeTDoxz3Kst.jpg
4XBCWqCXqCdN72K9SklIjy,alternative_rock,2DaxqgrOhkeH0fpeiQq2f4,data/covers/alternative_rock/Oasis_4XBCWqCXqCdN72K9SklIjy.jpg
2PIWPTOIxbaVSjTnc30vXS,indie_rock,0YrtvWJMgSdVrk3SfNjTbx,data/covers/indie_rock/Death_Cab_for_Cutie_2PIWPTOIxbaVSjTnc30vXS.jpg
1XslIirSxfAhhxRdn4Li9t,hiphop,3TVXtAsR1Inumwj472S9r4,data/covers/hiphop/Drake_1XslIirSxfAhhxRdn4Li9t.jpg
6p5qiYillRycbleqmPUR53,techno,19SmlbABtI4bXz864MLqOS,data/covers/techno/Carl_Cox_6p5qiYillRycbleqmPUR53.jpg
3LxV5aDLBIJjPU7cvHsbKJ,classical,2UqjDAXnDxejEyE0CzfUrZ,data/covers/classical/Sergei_Rachmaninoff_3LxV5aDLBIJjPU7cvHsbKJ.jpg
6IU6h3iFUytT9lHQzaUCK3,reggae,389zc5Rwe0MPcE6mSF4AjC,data/covers/reggae/Bunny_Wailer_6IU6h3iFUytT9lHQzaUCK3.jpg
5k7WCAZPSbJYzjW5SCQ5sn,indie_rock,41SQP16hv1TioVYqdckmxT,data/covers/indie_rock/Real_Estate_5k7WCAZPSbJYzjW5SCQ5sn.jpg
6Hah9NhGLI6E6csh5u0YWN,classical,4Fw8f0YbjBs9suGEwInPJe,data/covers/classical/Heinrich_Schutz_6Hah9NhGLI6E6csh5u0YWN.jpg
4ptDpUO3Uf910ekgmftYA8,house,0cmWgDlu9CwTgxPhf403hb,data/covers/house/Bonobo_4ptDpUO3Uf910ekgmftYA8.jpg
0kL3TYRsSXnu0iJvFO3rud,hiphop,2YZyLoL8N0Wb9xBt1NhZWg,data/covers/hiphop/Kendrick_Lamar_0kL3TYRsSXnu0iJvFO3rud.jpg
7AdntJMWn1KNRGcc2MwSPw,hiphop,1ZwdS5xdxEREPySFridCfh,data/covers/hiphop/2Pac_7AdntJMWn1KNRGcc2MwSPw.jpg
4HXjHgGvJspZ6jPGznVFn0,metal,5HFkc3t0HYETL4JeEbDB1v,data/covers/metal/Powerwolf_4HXjHgGvJspZ6jPGznVFn0.jpg
6SBkXTPlJ3oEaFwRm5o2lD,indie_rock,6FQqZYVfTNQ1pCqfkwVFEa,data/covers/indie_rock/Foals_6SBkXTPlJ3oEaFwRm5o2lD.jpg
7B2nwYL21ELtYKTGry6dzZ,techno,3csPCeXsj2wezyvkRFzvmV,data/covers/techno/Orbital_7B2nwYL21ELtYKTGry6dzZ.jpg
4wipTcBmFnzGXk6yC98810,metal,5GLeyUhj8B8f5pJxqZllKl,data/covers/metal/Doro_4wipTcBmFnzGXk6yC98810.jpg
0KY2QQMpqsy1tOyNhr4zxI,country,70kkdajctXSbqSMJbQO424,data/covers/country/Kacey_Musgraves_0KY2QQMpqsy1tOyNhr4zxI.jpg
28q2N44ocJECgf8sbHEDfY,alternative_rock,7jy3rLJdDQY21OgRLCZ9sD,data/covers/alternative_rock/Foo_Fighters_28q2N44ocJECgf8sbHEDfY.jpg
0MnmkXR2X2QyarfWG40m5Q,techno,1UL813H5aj3e8ekE5RqWqc,data/covers/techno/Tale_of_Us_0MnmkXR2X2QyarfWG40m5Q.jpg
3pqYGFN4wmFLWDXx382mkD,house,6jOz2B9qeID4dLP1o8bFGf,data/covers/house/Crazy_P_3pqYGFN4wmFLWDXx382mkD.jpg
2L2L5dwy8JCw6zqslBaASk,country,5vngPClqofybhPERIqQMYd,data/covers/country/George_Strait_2L2L5dwy8JCw6zqslBaASk.jpg
1U23Yk3Wfl5fDtnkazQ6JE,house,6TshTCYwh9ySzOO6Jy4Ux2,data/covers/house/Maya_Jane_Coles_1U23Yk3Wfl5fDtnkazQ6JE.jpg
6XYeJBAB7Vu0TAT3sI1zRq,reggae,3VV18HyGcfLTqNjSjbROA1,data/covers/reggae/Morgan_Heritage_6XYeJBAB7Vu0TAT3sI1zRq.jpg
6w1dknRMvZOH8IS0oYNA2p,house,6jOz2B9qeID4dLP1o8bFGf,data/covers/house/Crazy_P_6w1dknRMvZOH8IS0oYNA2p.jpg
72pxRHG1VNIcIibziKpH03,techno,6kBDZFXuLrZgHnvmPu9NsG,data/covers/techno/Aphex_Twin_72pxRHG1VNIcIibziKpH03.jpg
1w71aBHYJ1zTOsSsmr2Fca,alternative_rock,4pejUc4iciQfgdX6OKulQn,data/covers/alternative_rock/Queens_of_the_Stone_Age_1w71aBHYJ1zTOsSsmr2Fca.jpg
50FL6Vavo5CtZ1S9QQSJeO,country,32vWCbZh0xZ4o9gkz4PsEU,data/covers/country/Dolly_Parton_50FL6Vavo5CtZ1S9QQSJeO.jpg
57ZbufgSc0DQJFjWdnIofu,house,3qMRvSHJpaRjGDkIeNMoGz,data/covers/house/Theo_Parrish_57ZbufgSc0DQJFjWdnIofu.jpg
6Nb6GILpRDfPKXSGhXZGqQ,classical,2wOqMjp9TyABvtHdOSOTUS,data/covers/classical/Erik_Satie_6Nb6GILpRDfPKXSGhXZGqQ.jpg
4wxoPjHSYFYurNyKaEiZNT,alternative_rock,6RZUqkomCmb8zCRqc9eznB,data/covers/alternative_rock/Placebo_4wxoPjHSYFYurNyKaEiZNT.jpg
4m1rrBwb9R421U1CS0MzYV,country,1UTPBmNbXNTittyMJrNkvw,data/covers/country/Blake_Shelton_4m1rrBwb9R421U1CS0MzYV.jpg
2apZW8lHmm7SvimzhKMQ1X,classical,34MYamymtmnsmpwbqydd7I,data/covers/classical/Alexander_Borodin_2apZW8lHmm7SvimzhKMQ1X.jpg
6dVIqQ8qmQ5GBnJ9shOYGE,alternative_rock,4Z8W4fKeB5YxbusRsdQVPb,data/covers/alternative_rock/Radiohead_6dVIqQ8qmQ5GBnJ9shOYGE.jpg
5alFkFcTcPwVu2m5VpiFsB,techno,5ipQlfnpRCtyOuhYqvPvQ8,data/covers/techno/Robert_Hood_5alFkFcTcPwVu2m5VpiFsB.jpg
4gLWFo7XDz3cNRV8qVqiK1,techno,21444lX8gpmOX36icLmbFI,data/covers/techno/Chris_Liebing_4gLWFo7XDz3cNRV8qVqiK1.jpg
78bpIziExqiI9qztvNFlQu,indie_rock,7Ln80lUS6He07XvHI8qqHH,data/covers/indie_rock/Arctic_Monkeys_78bpIziExqiI9qztvNFlQu.jpg
2hDeQ5pM8TUZowDsv6IDJv,reggae,6UL7BodGc5iVmQGlMwHR0g,data/covers/reggae/Steel_Pulse_2hDeQ5pM8TUZowDsv6IDJv.jpg
4NFeATnC0BhLtvXInTdO9R,techno,3tSvlEzeDnVbQJBTkIA6nO,data/covers/techno/Christian_Loffler_4NFeATnC0BhLtvXInTdO9R.jpg
4qV3ueP3Bau6i4kdWQZm2U,indie_rock,3inCNiUr4R6XQ3W43s9Aqi,data/covers/indie_rock/Pavement_4qV3ueP3Bau6i4kdWQZm2U.jpg
7icgf3bU6X2ZrVm6pGSjP4,indie_rock,3WaJSfKnzc65VDgmj2zU8B,data/covers/indie_rock/Interpol_7icgf3bU6X2ZrVm6pGSjP4.jpg
0JGCOw26vyJ3HVhCXHN2KB,country,7wCjDgV6nqBsHguQXPAaIM,data/covers/country/Waylon_Jennings_0JGCOw26vyJ3HVhCXHN2KB.jpg
2msYWXAkZvkbOBUHLs3QcM,indie_rock,1hzfo8twXdOegF3xireCYs,data/covers/indie_rock/Milky_Chance_2msYWXAkZvkbOBUHLs3QcM.jpg
4IxKpJDS2ZwD2vgcIOcKyV,country,6kACVPfCOnqzgfEF5ryl0x,data/covers/country/Johnny_Cash_4IxKpJDS2ZwD2vgcIOcKyV.jpg
51KsMx8J4NpkVvIpnNHQuk,indie_rock,4I2BJf80C0skQpp1sQmA0h,data/covers/indie_rock/Belle_and_Sebastian_51KsMx8J4NpkVvIpnNHQuk.jpg
6y9LbrjY2TpaLvtbE7FTkc,country,70kkdajctXSbqSMJbQO424,data/covers/country/Kacey_Musgraves_6y9LbrjY2TpaLvtbE7FTkc.jpg
6xCIBKlELMK5cUSsjWJzG6,techno,3csPCeXsj2wezyvkRFzvmV,data/covers/techno/Orbital_6xCIBKlELMK5cUSsjWJzG6.jpg
5vG3r0Cdc05CnJMO5VQe5B,metal,2aaLAng2L2aWD2FClzwiep,data/covers/metal/Dream_Theater_5vG3r0Cdc05CnJMO5VQe5B.jpg
44doMRDXfSuVNw7UjKyPOy,metal,7954VFaZClkL503srfV5PE,data/covers/metal/Running_Wild_44doMRDXfSuVNw7UjKyPOy.jpg
3MuaoZgcAFuanhg04e75LK,metal,1IQ2e1buppatiN1bxUVkrk,data/covers/metal/Slayer_3MuaoZgcAFuanhg04e75LK.jpg
5m62IXUP5q8tQmhBXzFVhF,country,4tw2Lmn9tTPUv7Gy7mVPI4,data/covers/country/Kenny_Rogers_5m62IXUP5q8tQmhBXzFVhF.jpg
6jDiltA5P1V8YiNhjy1NoY,indie_rock,4I2BJf80C0skQpp1sQmA0h,data/covers/indie_rock/Belle_and_Sebastian_6jDiltA5P1V8YiNhjy1NoY.jpg
6cni6TMOVlY9jAbEGAjOif,techno,3csPCeXsj2wezyvkRFzvmV,data/covers/techno/Orbital_6cni6TMOVlY9jAbEGAjOif.jpg
4wHHwe4Xjp69i4baq5uD2W,reggae,2Y06xyHPovQ8DWLyVIpSJK,data/covers/reggae/Israel_Vibration_4wHHwe4Xjp69i4baq5uD2W.jpg
2BoDjxlw4rrLUOaoVtarU1,alternative_rock,40Yq4vzPs9VNUrIBG5Jr2i,data/covers/alternative_rock/Smashing_Pumpkins_2BoDjxlw4rrLUOaoVtarU1.jpg
2n1ppuPKJzWW6SpKzAzaMq,metal,3JysSUOyfVs1UQ0UaESheP,data/covers/metal/Anthrax_2n1ppuPKJzWW6SpKzAzaMq.jpg
3CxknRPQLbOJRwQrNekNyU,hiphop,4V8LLVI7PbaPR0K2TGSxFF,data/covers/hiphop/Tyler_The_Creator_3CxknRPQLbOJRwQrNekNyU.jpg
0fayDgcekIaW0yQtUQ8CDm,metal,0ybFZ2Ab08V8hueghSXm6E,data/covers/metal/Opeth_0fayDgcekIaW0yQtUQ8CDm.jpg
1H8VxCF707bnjREcQjpyes,country,6roFdX1y5BYSbp60OTJWMd,data/covers/country/Tim_McGraw_1H8VxCF707bnjREcQjpyes.jpg
6o86bV7TAt5x4exc2qLDqC,house,4oLeXFyACqeem2VImYeBFe,data/covers/house/Fred_again_6o86bV7TAt5x4exc2qLDqC.jpg
5YAfxU5OZKqAvE1GZPRQYY,metal,6mdiAmATAx73kdxrNrnlao,data/covers/metal/Iron_Maiden_5YAfxU5OZKqAvE1GZPRQYY.jpg
1rXXez3sVB1qPY8sOoR9yk,country,5W5bDNCqJ1jbCgTxDD0Cb3,data/covers/country/Willie_Nelson_1rXXez3sVB1qPY8sOoR9yk.jpg
3wv1mq6EG60cBUUpOwiC2j,reggae,41ekW4MXG59xJMXR8dX1OG,data/covers/reggae/Alpha_Blondy_3wv1mq6EG60cBUUpOwiC2j.jpg
6dGnR9DLH0xU1VLzUAsPqq,hiphop,3nDNDLcZuSto4k9u4AbcLB,data/covers/hiphop/Marteria_6dGnR9DLH0xU1VLzUAsPqq.jpg
48AnVQz7wrKscxKNKiJKIr,hiphop,4lDiJcOJ2GLCK6p9q5BgfK,data/covers/hiphop/Kontra_K_48AnVQz7wrKscxKNKiJKIr.jpg
57wh3BpvUF2tmvwoGSjUe3,hiphop,6l3HvQ5sa6mXTsMTB19rO5,data/covers/hiphop/J_Cole_57wh3BpvUF2tmvwoGSjUe3.jpg
3D6W8G8ZtbZoeQeyBUUAhu,reggae,389zc5Rwe0MPcE6mSF4AjC,data/covers/reggae/Bunny_Wailer_3D6W8G8ZtbZoeQeyBUUAhu.jpg
7kW0cpKgSVsEqcc8xgbSb0,metal,14pVkFUHDL207LzLHtSA18,data/covers/metal/Pantera_7kW0cpKgSVsEqcc8xgbSb0.jpg
4Dep4FHb2IMFImgEhs83ww,country,4xFUf1FHVy696Q1JQZMTRj,data/covers/country/Carrie_Underwood_4Dep4FHb2IMFImgEhs83ww.jpg
2HCyvvgVHV1cN9VQw0OVNx,country,5vngPClqofybhPERIqQMYd,data/covers/country/George_Strait_2HCyvvgVHV1cN9VQw0OVNx.jpg
7d1KwAPdMEBqCERVsKRUox,techno,1GhPHrq36VKCY3ucVaZCfo,data/covers/techno/The_Chemical_Brothers_7d1KwAPdMEBqCERVsKRUox.jpg
2WrU1VLLBaZy4k5s0p5jzt,metal,0GDGKpJFhVpcjIGF8N6Ewt,data/covers/metal/Gojira_2WrU1VLLBaZy4k5s0p5jzt.jpg
7AsEZkD4zsAJYkTDZrJgZu,country,4tw2Lmn9tTPUv7Gy7mVPI4,data/covers/country/Kenny_Rogers_7AsEZkD4zsAJYkTDZrJgZu.jpg
4L6PiEtw3Vjc9sgdz4WtP3,classical,4LXxsm5BF85PWnQ1dUDAze,data/covers/classical/Carl_Orff_4L6PiEtw3Vjc9sgdz4WtP3.jpg
4a89NfMeuYjPUegjN2FFfp,classical,4kHtgiRnpmFIV5Tm4BIs8l,data/covers/classical/Sergei_Prokofiev_4a89NfMeuYjPUegjN2FFfp.jpg
0BiNb8HYR4JvuxUa31Z58Q,alternative_rock,4KWTAlx2RvbpseOGMEmROg,data/covers/alternative_rock/REM_0BiNb8HYR4JvuxUa31Z58Q.jpg
4mwrMLVKo940qLFXEIef4w,techno,6kBDZFXuLrZgHnvmPu9NsG,data/covers/techno/Aphex_Twin_4mwrMLVKo940qLFXEIef4w.jpg
43chc7CvIrwzq0sQjrkny3,jazz,19eLuQmk9aCobbVDHc6eek,data/covers/jazz/Louis_Armstrong_43chc7CvIrwzq0sQjrkny3.jpg
4CdjRnVm7z4CiUaY63IWLn,house,5wJK4kQAkVGjqM9x46KQOC,data/covers/house/Solomun_4CdjRnVm7z4CiUaY63IWLn.jpg
7fqMnwiqsDgSXLUGBdLylm,reggae,5keeQyPKYRxUCKDMECTXG3,data/covers/reggae/Black_Uhuru_7fqMnwiqsDgSXLUGBdLylm.jpg
7qg3nxzKn8Q2QN3M4mjKy4,country,5vngPClqofybhPERIqQMYd,data/covers/country/Alan_Jackson_7qg3nxzKn8Q2QN3M4mjKy4.jpg
59rM8PdTC0WTpGcEklnx97,reggae,5WcGRaGsl0b9sul7jVdDgc,data/covers/reggae/Don_Carlos_59rM8PdTC0WTpGcEklnx97.jpg
3K7Y2aauXoJsxaZPj1bpAI,techno,5ipQlfnpRCtyOuhYqvPvQ8,data/covers/techno/Robert_Hood_3K7Y2aauXoJsxaZPj1bpAI.jpg
